hub_id,route_arr_name,route_dep_name,direction_id,offset_sec,offset_min,rescued_near_misses,newly_created_misses,baseline_total_wait_minutes,simulated_total_wait_minutes,wait_minutes_saved,wait_minutes_added,total_evaluated,block_feasible,violating_trips,min_remaining_layover_sec
cluster_107,207,GREEN,0,-180,-3.0,35,0,4010.5,3719.5,291.0,0.0,337,True,0,120.0
cluster_107,213,GREEN,0,-180,-3.0,0,36,3692.7,4000.7,0.0,308.0,384,True,0,120.0
cluster_107,GREEN,207,0,-180,-3.0,8,0,2346.1,2084.2,262.0,0.0,109,True,0,120.0
cluster_107,GREEN,207,1,-180,-3.0,2,0,2218.3,2285.9,0.0,67.6,110,True,0,120.0
cluster_107,GREEN,213,0,-180,-3.0,0,5,1723.6,1886.0,0.0,162.4,112,True,0,120.0
cluster_107,GREEN,213,1,-180,-3.0,0,4,2092.3,2038.5,53.8,0.0,114,True,0,120.0
cluster_107,GREEN,GREEN,0,-180,-3.0,0,0,460.5,295.5,165.0,0.0,55,True,0,120.0
cluster_107,GREEN,GREEN,1,-180,-3.0,3,0,565.0,630.0,0.0,65.0,54,True,0,120.0
cluster_107,GREEN,ORANGE,0,-180,-3.0,0,0,1041.5,1212.5,0.0,171.0,115,True,0,120.0
cluster_107,GREEN,ORANGE,1,-180,-3.0,0,0,933.0,1110.0,0.0,177.0,114,True,0,120.0
cluster_107,ORANGE,GREEN,0,-180,-3.0,0,53,918.0,1676.0,0.0,758.0,114,True,0,120.0
cluster_14,001,GREEN,0,-180,-3.0,0,15,7866.1,7924.8,0.0,58.7,961,True,0,120.0
cluster_14,009,GREEN,0,-180,-3.0,2,0,15252.8,15591.6,0.0,338.8,1740,True,0,120.0
cluster_14,018,GREEN,0,-180,-3.0,178,0,12861.9,10104.4,2757.5,0.0,1093,True,0,120.0
cluster_14,023,GREEN,0,-180,-3.0,0,91,4333.2,4670.7,0.0,337.5,590,True,0,120.0
cluster_14,214,GREEN,0,-180,-3.0,0,34,2127.8,2507.2,0.0,379.3,294,True,0,120.0
cluster_14,249,GREEN,0,-180,-3.0,29,0,5896.8,5871.3,25.5,0.0,704,True,0,120.0
cluster_14,421,GREEN,0,-180,-3.0,1,0,1114.1,956.1,158.0,0.0,126,True,0,120.0
cluster_14,GREEN,001,0,-180,-3.0,0,0,739.7,771.6,0.0,32.0,230,True,0,120.0
cluster_14,GREEN,001,1,-180,-3.0,0,7,888.6,945.9,0.0,57.3,231,True,0,120.0
cluster_14,GREEN,009,0,-180,-3.0,0,0,620.8,623.9,0.0,3.1,232,True,0,120.0
cluster_14,GREEN,009,1,-180,-3.0,0,1,628.5,621.2,7.3,0.0,228,True,0,120.0
cluster_14,GREEN,018,0,-180,-3.0,0,5,447.4,625.5,0.0,178.1,231,True,0,120.0
cluster_14,GREEN,018,1,-180,-3.0,0,2,451.1,541.7,0.0,90.7,232,True,0,120.0
cluster_14,GREEN,023,0,-180,-3.0,0,68,2875.4,3035.9,0.0,160.4,235,True,0,120.0
cluster_14,GREEN,023,1,-180,-3.0,0,4,787.1,1141.1,0.0,354.0,234,True,0,120.0
cluster_14,GREEN,214,0,-180,-3.0,0,0,4107.6,3742.4,365.2,0.0,229,True,0,120.0
cluster_14,GREEN,214,1,-180,-3.0,0,6,3377.2,3695.3,0.0,318.1,223,True,0,120.0
cluster_14,GREEN,249,0,-180,-3.0,0,11,2908.4,3155.3,0.0,246.9,224,True,0,120.0
cluster_14,GREEN,249,1,-180,-3.0,11,0,2991.0,2650.9,340.1,0.0,222,True,0,120.0
cluster_14,GREEN,421,0,-180,-3.0,0,9,6593.0,6785.5,0.0,192.5,163,True,0,120.0
cluster_14,GREEN,421,1,-180,-3.0,0,10,6444.8,6661.1,0.0,216.3,164,True,0,120.0
cluster_14,GREEN,BLUE,0,-180,-3.0,0,0,5.5,5.0,0.5,0.0,5,True,0,120.0
cluster_14,GREEN,GREEN,0,-180,-3.0,0,0,1033.0,1573.0,0.0,540.0,116,True,0,120.0
cluster_14,GREEN,GREEN,1,-180,-3.0,48,0,937.5,262.0,675.5,0.0,114,True,0,120.0
cluster_14,GREEN,ORANGE,0,-180,-3.0,0,1,254.0,272.0,0.0,18.0,18,True,0,120.0
cluster_14,GREEN,ORANGE,1,-180,-3.0,0,0,326.5,350.5,0.0,24.0,14,True,0,120.0
cluster_14,ORANGE,GREEN,0,-180,-3.0,0,0,121.0,87.0,34.0,0.0,12,True,0,120.0
cluster_168,020,GREEN,0,-180,-3.0,59,0,7668.5,6916.5,752.0,0.0,762,True,0,120.0
cluster_168,213,GREEN,0,-180,-3.0,5,0,1195.9,979.9,216.0,0.0,132,True,0,120.0
cluster_168,233,GREEN,0,-180,-3.0,1,0,4882.4,5590.4,0.0,708.0,424,True,0,120.0
cluster_168,GREEN,020,0,-180,-3.0,0,1,1110.0,1288.0,0.0,178.0,115,True,0,120.0
cluster_168,GREEN,020,1,-180,-3.0,8,0,664.7,540.7,124.1,0.0,120,True,0,120.0
cluster_168,GREEN,213,0,-180,-3.0,3,0,2108.1,2185.7,0.0,77.6,114,True,0,120.0
cluster_168,GREEN,213,1,-180,-3.0,0,4,2472.5,2566.5,0.0,94.0,117,True,0,120.0
cluster_168,GREEN,233,0,-180,-3.0,0,21,2515.7,2692.5,0.0,176.8,116,True,0,120.0
cluster_168,GREEN,233,1,-180,-3.0,1,0,1570.5,1612.7,0.0,42.2,117,True,0,120.0
cluster_168,GREEN,GREEN,0,-180,-3.0,0,47,137.0,940.0,0.0,803.0,59,True,0,120.0
cluster_168,GREEN,GREEN,1,-180,-3.0,0,50,894.0,1064.0,0.0,170.0,59,True,0,120.0
cluster_168,GREEN,ORANGE,0,-180,-3.0,0,2,1618.5,1804.5,0.0,186.0,121,True,0,120.0
cluster_168,GREEN,ORANGE,1,-180,-3.0,7,0,1356.5,1332.0,24.5,0.0,120,True,0,120.0
cluster_168,ORANGE,GREEN,0,-180,-3.0,0,48,817.0,1564.0,0.0,747.0,125,True,0,120.0
cluster_225,218,GREEN,0,-180,-3.0,0,11,735.0,815.5,0.0,80.5,69,True,0,120.0
cluster_225,220,GREEN,0,-180,-3.0,0,80,2769.5,4794.5,0.0,2025.0,325,True,0,120.0
cluster_225,GREEN,218,0,-180,-3.0,0,2,2169.5,2258.5,0.0,89.0,116,True,0,120.0
cluster_225,GREEN,218,1,-180,-3.0,0,7,2107.0,2217.0,0.0,110.0,118,True,0,120.0
cluster_225,GREEN,220,0,-180,-3.0,0,24,2195.0,2366.0,0.0,171.0,114,True,0,120.0
cluster_225,GREEN,220,1,-180,-3.0,0,8,1962.3,1956.8,5.4,0.0,111,True,0,120.0
cluster_225,GREEN,GREEN,0,-180,-3.0,1,0,568.0,422.5,145.5,0.0,59,True,0,120.0
cluster_225,GREEN,GREEN,1,-180,-3.0,0,1,483.5,630.5,0.0,147.0,58,True,0,120.0
cluster_23,001,GREEN,0,-180,-3.0,56,0,21680.2,21213.1,467.1,0.0,2047,True,0,120.0
cluster_23,023,GREEN,0,-180,-3.0,0,3,8400.0,6069.4,2330.5,0.0,936,True,0,120.0
cluster_23,057,GREEN,0,-180,-3.0,21,0,4824.1,3631.2,1193.0,0.0,451,True,0,120.0
cluster_23,101,GREEN,0,-180,-3.0,1,0,4193.2,4109.2,84.0,0.0,373,True,0,120.0
cluster_23,122,GREEN,0,-180,-3.0,22,0,4387.7,4735.7,0.0,348.0,389,True,0,120.0
cluster_23,213,GREEN,0,-180,-3.0,0,5,2651.7,2709.7,0.0,58.0,254,True,0,120.0
cluster_23,219,GREEN,0,-180,-3.0,0,2,2977.0,3387.0,0.0,410.0,270,True,0,120.0
cluster_23,230,GREEN,0,-180,-3.0,0,8,5025.6,4613.6,412.0,0.0,504,True,0,120.0
cluster_23,306,GREEN,0,-180,-3.0,0,1,511.0,445.0,66.0,0.0,42,True,0,120.0
cluster_23,422,GREEN,0,-180,-3.0,0,0,2980.0,2940.0,40.0,0.0,280,True,0,120.0
cluster_23,423,GREEN,0,-180,-3.0,0,14,449.0,567.0,0.0,118.0,54,True,0,120.0
cluster_23,GREEN,001,0,-180,-3.0,0,0,363.9,411.8,0.0,47.9,114,True,0,120.0
cluster_23,GREEN,001,1,-180,-3.0,3,0,284.7,222.1,62.6,0.0,115,True,0,120.0
cluster_23,GREEN,023,0,-180,-3.0,2,0,735.2,877.7,0.0,142.5,117,True,0,120.0
cluster_23,GREEN,023,1,-180,-3.0,2,0,692.4,828.8,0.0,136.5,115,True,0,120.0
cluster_23,GREEN,057,0,-180,-3.0,6,0,829.1,800.1,29.0,0.0,116,True,0,120.0
cluster_23,GREEN,057,1,-180,-3.0,1,0,743.0,887.0,0.0,144.0,115,True,0,120.0
cluster_23,GREEN,101,0,-180,-3.0,5,0,1175.0,1034.7,140.3,0.0,116,True,0,120.0
cluster_23,GREEN,101,1,-180,-3.0,11,0,1330.0,1197.2,132.8,0.0,111,True,0,120.0
cluster_23,GREEN,122,0,-180,-3.0,22,0,950.3,744.0,206.4,0.0,117,True,0,120.0
cluster_23,GREEN,213,0,-180,-3.0,4,0,1733.6,1764.9,0.0,31.3,112,True,0,120.0
cluster_23,GREEN,213,1,-180,-3.0,0,9,2239.1,2334.6,0.0,95.5,115,True,0,120.0
cluster_23,GREEN,219,0,-180,-3.0,9,0,2966.5,2603.9,362.6,0.0,114,True,0,120.0
cluster_23,GREEN,219,1,-180,-3.0,1,0,2132.5,2203.6,0.0,71.1,113,True,0,120.0
cluster_23,GREEN,230,0,-180,-3.0,0,1,1474.5,1482.5,0.0,8.0,113,True,0,120.0
cluster_23,GREEN,230,1,-180,-3.0,6,0,1558.0,1572.0,0.0,14.0,111,True,0,120.0
cluster_23,GREEN,306,0,-180,-3.0,0,0,4071.0,4146.0,0.0,75.0,79,True,0,120.0
cluster_23,GREEN,306,1,-180,-3.0,18,0,4143.5,3666.5,477.0,0.0,78,True,0,120.0
cluster_23,GREEN,422,0,-180,-3.0,0,0,59.5,100.0,0.0,40.5,79,True,0,120.0
cluster_23,GREEN,423,0,-180,-3.0,0,0,641.0,761.0,0.0,120.0,80,True,0,120.0
cluster_23,GREEN,GREEN,0,-180,-3.0,0,49,81.0,903.0,0.0,822.0,56,True,0,120.0
cluster_23,GREEN,GREEN,1,-180,-3.0,0,49,857.5,1022.5,0.0,165.0,55,True,0,120.0
cluster_23,GREEN,ORANGE,0,-180,-3.0,0,0,1712.5,1883.5,0.0,171.0,116,True,0,120.0
cluster_23,GREEN,ORANGE,1,-180,-3.0,3,0,1217.0,1304.0,0.0,87.0,114,True,0,120.0
cluster_23,GREEN,TRE,0,-180,-3.0,0,0,1962.0,2118.0,0.0,156.0,104,True,0,120.0
cluster_23,GREEN,TRE,1,-180,-3.0,18,0,2527.0,1887.5,639.5,0.0,109,True,0,120.0
cluster_23,ORANGE,GREEN,0,-180,-3.0,0,50,690.0,1448.0,0.0,758.0,114,True,0,120.0
cluster_23,TRE,GREEN,0,-180,-3.0,0,0,709.5,535.5,174.0,0.0,58,True,0,120.0
cluster_25,001,GREEN,0,-180,-3.0,16,0,4734.1,4456.1,278.0,0.0,441,True,0,120.0
cluster_25,013,GREEN,0,-180,-3.0,62,0,1910.0,1590.5,319.5,0.0,114,True,0,120.0
cluster_25,023,GREEN,0,-180,-3.0,0,36,736.0,1144.5,0.0,408.5,118,True,0,120.0
cluster_25,104,GREEN,0,-180,-3.0,0,100,5380.5,7704.6,0.0,2324.2,590,True,0,120.0
cluster_25,216,GREEN,0,-180,-3.0,1,0,508.5,366.0,142.5,0.0,55,True,0,120.0
cluster_25,GREEN,001,0,-180,-3.0,4,0,981.6,983.0,0.0,1.4,116,True,0,120.0
cluster_25,GREEN,001,1,-180,-3.0,0,4,800.3,819.7,0.0,19.4,116,True,0,120.0
cluster_25,GREEN,013,0,-180,-3.0,0,49,1680.5,1854.5,0.0,174.0,114,True,0,120.0
cluster_25,GREEN,013,1,-180,-3.0,17,0,1105.0,879.0,226.0,0.0,113,True,0,120.0
cluster_25,GREEN,023,0,-180,-3.0,0,38,1567.5,1741.5,0.0,174.0,118,True,0,120.0
cluster_25,GREEN,023,1,-180,-3.0,2,0,803.5,939.0,0.0,135.5,116,True,0,120.0
cluster_25,GREEN,104,0,-180,-3.0,16,0,1269.6,979.0,290.6,0.0,113,True,0,120.0
cluster_25,GREEN,104,1,-180,-3.0,0,27,1167.3,1311.7,0.0,144.3,114,True,0,120.0
cluster_25,GREEN,216,0,-180,-3.0,0,1,2634.5,2802.5,0.0,168.0,111,True,0,120.0
cluster_25,GREEN,216,1,-180,-3.0,5,0,2739.0,2751.0,0.0,12.0,115,True,0,120.0
cluster_25,GREEN,GREEN,0,-180,-3.0,2,0,804.5,630.5,174.0,0.0,58,True,0,120.0
cluster_25,GREEN,GREEN,1,-180,-3.0,0,0,218.5,369.5,0.0,151.0,58,True,0,120.0
cluster_29,018,GREEN,0,-180,-3.0,0,33,3623.8,3419.3,204.5,0.0,344,True,0,120.0
cluster_29,023,GREEN,0,-180,-3.0,0,157,1677.5,3995.5,0.0,2318.0,354,True,0,120.0
cluster_29,214,GREEN,0,-180,-3.0,0,10,4510.6,3807.7,703.0,0.0,421,True,0,120.0
cluster_29,GREEN,018,0,-180,-3.0,0,17,882.2,1056.2,0.0,174.0,116,True,0,120.0
cluster_29,GREEN,018,1,-180,-3.0,2,0,923.2,1047.2,0.0,124.0,116,True,0,120.0
cluster_29,GREEN,023,0,-180,-3.0,0,11,936.6,1108.5,0.0,171.9,119,True,0,120.0
cluster_29,GREEN,023,1,-180,-3.0,0,50,929.3,1078.7,0.0,149.3,117,True,0,120.0
cluster_29,GREEN,214,0,-180,-3.0,0,1,1741.2,1899.1,0.0,157.9,115,True,0,120.0
cluster_29,GREEN,214,1,-180,-3.0,0,6,1808.5,1958.4,0.0,149.9,113,True,0,120.0
cluster_29,GREEN,GREEN,0,-180,-3.0,4,0,606.5,455.0,151.5,0.0,58,True,0,120.0
cluster_29,GREEN,GREEN,1,-180,-3.0,3,0,518.5,588.5,0.0,70.0,58,True,0,120.0
cluster_29,GREEN,ORANGE,0,-180,-3.0,0,0,155.5,164.5,0.0,9.0,8,True,0,120.0
cluster_29,GREEN,ORANGE,1,-180,-3.0,0,0,131.0,143.0,0.0,12.0,7,True,0,120.0
cluster_29,ORANGE,GREEN,0,-180,-3.0,0,0,96.5,78.5,18.0,0.0,6,True,0,120.0
cluster_303,030,GREEN,0,-180,-3.0,75,0,6588.7,8332.7,0.0,1744.0,532,True,0,120.0
cluster_303,218,GREEN,0,-180,-3.0,0,31,9590.1,9476.6,113.5,0.0,917,True,0,120.0
cluster_303,GREEN,030,0,-180,-3.0,0,9,1752.5,1556.9,195.6,0.0,116,True,0,120.0
cluster_303,GREEN,030,1,-180,-3.0,29,0,1146.6,740.4,406.2,0.0,118,True,0,120.0
cluster_303,GREEN,218,0,-180,-3.0,0,0,1175.0,1276.3,0.0,101.3,117,True,0,120.0
cluster_303,GREEN,218,1,-180,-3.0,5,0,1682.8,1556.9,126.0,0.0,117,True,0,120.0
cluster_303,GREEN,GREEN,0,-180,-3.0,49,0,1097.0,962.5,134.5,0.0,59,True,0,120.0
cluster_303,GREEN,GREEN,1,-180,-3.0,0,53,982.0,1159.0,0.0,177.0,59,True,0,120.0
cluster_357,015,GREEN,0,-180,-3.0,0,77,2071.3,3603.3,0.0,1532.0,236,True,0,120.0
cluster_357,038,GREEN,0,-180,-3.0,0,29,1225.0,1476.5,0.0,251.5,116,True,0,120.0
cluster_357,GREEN,015,0,-180,-3.0,0,53,1222.7,1379.7,0.0,157.0,118,True,0,120.0
cluster_357,GREEN,015,1,-180,-3.0,15,0,1029.1,901.0,128.1,0.0,118,True,0,120.0
cluster_357,GREEN,038,0,-180,-3.0,0,0,745.0,919.0,0.0,174.0,117,True,0,120.0
cluster_357,GREEN,038,1,-180,-3.0,0,29,1347.0,1524.0,0.0,177.0,118,True,0,120.0
cluster_357,GREEN,GREEN,0,-180,-3.0,2,0,509.0,332.0,177.0,0.0,59,True,0,120.0
cluster_357,GREEN,GREEN,1,-180,-3.0,1,0,537.0,687.0,0.0,150.0,59,True,0,120.0
cluster_38,013,GREEN,0,-180,-3.0,0,7,9222.0,7208.9,2013.0,0.0,871,True,0,120.0
cluster_38,216,GREEN,0,-180,-3.0,0,1,8968.0,9735.0,0.0,767.0,851,True,0,120.0
cluster_38,GREEN,013,0,-180,-3.0,0,3,636.4,799.7,0.0,163.3,115,True,0,120.0
cluster_38,GREEN,013,1,-180,-3.0,0,0,745.9,914.4,0.0,168.5,115,True,0,120.0
cluster_38,GREEN,216,0,-180,-3.0,0,5,1577.6,1698.5,0.0,120.9,112,True,0,120.0
cluster_38,GREEN,216,1,-180,-3.0,9,0,1909.3,1512.2,397.1,0.0,116,True,0,120.0
cluster_38,GREEN,GREEN,0,-180,-3.0,0,48,190.5,986.5,0.0,796.0,58,True,0,120.0
cluster_38,GREEN,GREEN,1,-180,-3.0,0,49,802.5,976.5,0.0,174.0,58,True,0,120.0
cluster_456,227,GREEN,0,-180,-3.0,0,4,1897.6,1772.6,125.0,0.0,165,True,0,120.0
cluster_456,233,GREEN,0,-180,-3.0,3,0,1539.8,1345.8,194.0,0.0,158,True,0,120.0
cluster_456,GREEN,227,0,-180,-3.0,2,0,1891.6,1915.1,0.0,23.5,118,True,0,120.0
cluster_456,GREEN,227,1,-180,-3.0,0,6,1698.7,1830.9,0.0,132.2,116,True,0,120.0
cluster_456,GREEN,233,0,-180,-3.0,0,2,2117.1,2290.0,0.0,172.9,116,True,0,120.0
cluster_456,GREEN,233,1,-180,-3.0,7,0,1834.0,1724.4,109.6,0.0,117,True,0,120.0
cluster_456,GREEN,GREEN,0,-180,-3.0,50,0,1082.0,902.0,180.0,0.0,60,True,0,120.0
cluster_456,GREEN,GREEN,1,-180,-3.0,52,0,1019.0,119.5,899.5,0.0,60,True,0,120.0
cluster_827,229,GREEN,0,-180,-3.0,0,11,2399.9,2728.9,0.0,329.0,231,True,0,120.0
cluster_827,GREEN,229,0,-180,-3.0,0,8,1999.5,1993.7,5.8,0.0,117,True,0,120.0
cluster_827,GREEN,229,1,-180,-3.0,0,0,1880.1,1962.6,0.0,82.5,114,True,0,120.0
cluster_827,GREEN,GREEN,0,-180,-3.0,3,0,617.0,437.0,180.0,0.0,60,True,0,120.0
cluster_827,GREEN,GREEN,1,-180,-3.0,3,0,494.5,606.5,0.0,112.0,60,True,0,120.0
cluster_827,GREEN,SILVER,0,-180,-3.0,0,19,2646.0,2820.5,0.0,174.5,116,True,0,120.0
cluster_827,GREEN,SILVER,1,-180,-3.0,18,0,3046.5,2379.0,667.5,0.0,115,True,0,120.0
cluster_827,SILVER,GREEN,0,-180,-3.0,1,0,561.5,746.5,0.0,185.0,59,True,0,120.0
cluster_876,GREEN,GREEN,0,-180,-3.0,0,0,687.0,519.0,168.0,0.0,56,True,0,120.0
cluster_876,GREEN,GREEN,1,-180,-3.0,0,0,272.0,440.0,0.0,168.0,56,True,0,120.0
cluster_876,GREEN,ORANGE,0,-180,-3.0,0,0,1291.5,1462.5,0.0,171.0,116,True,0,120.0
cluster_876,GREEN,ORANGE,1,-180,-3.0,52,0,1650.5,747.5,903.0,0.0,113,True,0,120.0
cluster_876,GREEN,TRE,0,-180,-3.0,0,0,2235.5,2391.5,0.0,156.0,103,True,0,120.0
cluster_876,GREEN,TRE,1,-180,-3.0,18,0,2763.5,2123.5,640.0,0.0,109,True,0,120.0
cluster_876,ORANGE,GREEN,0,-180,-3.0,0,2,1238.0,2016.0,0.0,778.0,114,True,0,120.0
cluster_876,TRE,GREEN,0,-180,-3.0,17,0,630.5,486.5,144.0,0.0,58,True,0,120.0
cluster_9,001,GREEN,0,-180,-3.0,65,0,6452.4,6103.4,349.0,0.0,1177,True,0,120.0
cluster_9,003,GREEN,0,-180,-3.0,18,0,9725.8,9388.3,337.5,0.0,1887,True,0,120.0
cluster_9,009,GREEN,0,-180,-3.0,0,9,5630.4,5659.2,0.0,28.8,1167,True,0,120.0
cluster_9,013,GREEN,0,-180,-3.0,207,0,9408.7,6540.7,2868.0,0.0,1207,True,0,120.0
cluster_9,016,GREEN,0,-180,-3.0,7,0,2909.4,2270.9,638.5,0.0,696,True,0,120.0
cluster_9,018,GREEN,0,-180,-3.0,184,0,5105.5,4831.0,274.5,0.0,627,True,0,120.0
cluster_9,102,GREEN,0,-180,-3.0,35,0,3808.8,3014.3,794.4,0.0,776,True,0,120.0
cluster_9,103,GREEN,0,-180,-3.0,0,22,2248.9,2325.9,0.0,77.0,540,True,0,120.0
cluster_9,106,GREEN,0,-180,-3.0,0,42,3806.7,4190.7,0.0,384.0,1012,True,0,120.0
cluster_9,109,GREEN,0,-180,-3.0,14,0,4440.1,4818.0,0.0,377.9,783,True,0,120.0
cluster_9,128,GREEN,0,-180,-3.0,24,0,6241.0,5325.0,916.0,0.0,1003,True,0,120.0
cluster_9,145,GREEN,0,-180,-3.0,48,0,4337.6,3859.0,478.6,0.0,830,True,0,120.0
cluster_9,147,GREEN,0,-180,-3.0,0,84,3792.7,4796.7,0.0,1004.0,819,True,0,120.0
cluster_9,205,GREEN,0,-180,-3.0,49,0,2053.5,1773.8,279.7,0.0,374,True,0,120.0
cluster_9,207,GREEN,0,-180,-3.0,0,13,3742.0,3513.5,228.5,0.0,729,True,0,120.0
cluster_9,214,GREEN,0,-180,-3.0,26,0,3602.6,2949.1,653.5,0.0,638,True,0,120.0
cluster_9,224,GREEN,0,-180,-3.0,16,0,2089.9,1864.4,225.5,0.0,447,True,0,120.0
cluster_9,230,GREEN,0,-180,-3.0,0,13,2410.2,2734.2,0.0,324.0,543,True,0,120.0
cluster_9,237,GREEN,0,-180,-3.0,10,0,4008.8,3570.3,438.5,0.0,690,True,0,120.0
cluster_9,239,GREEN,0,-180,-3.0,60,0,3672.4,3412.0,260.4,0.0,530,True,0,120.0
cluster_9,249,GREEN,0,-180,-3.0,0,24,1819.4,1954.4,0.0,135.0,384,True,0,120.0
cluster_9,306,GREEN,0,-180,-3.0,33,0,4625.3,4366.3,259.0,0.0,668,True,0,120.0
cluster_9,308,GREEN,0,-180,-3.0,70,0,5142.6,4672.6,470.0,0.0,1046,True,0,120.0
cluster_9,421,GREEN,0,-180,-3.0,0,0,211.0,303.5,0.0,92.5,42,True,0,120.0
cluster_9,425,GREEN,0,-180,-3.0,60,0,5200.8,4947.8,253.0,0.0,1032,True,0,120.0
cluster_9,620,GREEN,0,-180,-3.0,0,0,458.0,236.0,222.0,0.0,110,True,0,120.0
cluster_9,BLUE,GREEN,0,-180,-3.0,98,0,3714.0,3118.0,596.0,0.0,584,True,0,120.0
cluster_9,GREEN,001,0,-180,-3.0,1,0,1483.7,1516.5,0.0,32.8,456,True,0,120.0
cluster_9,GREEN,001,1,-180,-3.0,2,0,1307.0,1313.9,0.0,6.9,467,True,0,120.0
cluster_9,GREEN,003,0,-180,-3.0,0,6,973.6,957.5,16.1,0.0,468,True,0,120.0
cluster_9,GREEN,003,1,-180,-3.0,0,2,720.2,741.0,0.0,20.8,461,True,0,120.0
cluster_9,GREEN,009,0,-180,-3.0,7,0,1825.8,1574.2,251.6,0.0,458,True,0,120.0
cluster_9,GREEN,009,1,-180,-3.0,0,0,2194.3,2215.6,0.0,21.3,456,True,0,120.0
cluster_9,GREEN,013,0,-180,-3.0,0,46,2855.6,3460.3,0.0,604.7,461,True,0,120.0
cluster_9,GREEN,013,1,-180,-3.0,0,0,1244.6,1366.7,0.0,122.0,460,True,0,120.0
cluster_9,GREEN,016,0,-180,-3.0,1,0,2813.2,2932.9,0.0,119.7,462,True,0,120.0
cluster_9,GREEN,016,1,-180,-3.0,0,42,2894.6,3409.7,0.0,515.2,454,True,0,120.0
cluster_9,GREEN,018,0,-180,-3.0,15,0,1660.7,1694.2,0.0,33.5,462,True,0,120.0
cluster_9,GREEN,018,1,-180,-3.0,40,0,2103.9,1585.3,518.6,0.0,463,True,0,120.0
cluster_9,GREEN,102,0,-180,-3.0,0,15,3651.7,3988.6,0.0,336.9,452,True,0,120.0
cluster_9,GREEN,102,1,-180,-3.0,0,31,3676.8,3858.8,0.0,182.0,455,True,0,120.0
cluster_9,GREEN,103,0,-180,-3.0,0,14,3495.7,3589.9,0.0,94.2,445,True,0,120.0
cluster_9,GREEN,103,1,-180,-3.0,7,0,3360.1,3105.0,255.1,0.0,448,True,0,120.0
cluster_9,GREEN,106,0,-180,-3.0,0,19,3825.3,3687.1,138.2,0.0,464,True,0,120.0
cluster_9,GREEN,106,1,-180,-3.0,0,13,3451.0,3427.4,23.6,0.0,460,True,0,120.0
cluster_9,GREEN,109,0,-180,-3.0,18,0,3353.0,3282.6,70.4,0.0,464,True,0,120.0
cluster_9,GREEN,109,1,-180,-3.0,0,16,3858.0,3907.6,0.0,49.5,455,True,0,120.0
cluster_9,GREEN,128,0,-180,-3.0,14,0,3783.2,3721.1,62.2,0.0,467,True,0,120.0
cluster_9,GREEN,128,1,-180,-3.0,0,13,4013.2,4148.4,0.0,135.2,461,True,0,120.0
cluster_9,GREEN,145,0,-180,-3.0,0,6,3365.0,3450.8,0.0,85.8,464,True,0,120.0
cluster_9,GREEN,145,1,-180,-3.0,0,1,3664.7,3654.5,10.2,0.0,455,True,0,120.0
cluster_9,GREEN,147,0,-180,-3.0,13,0,2977.4,2720.7,256.7,0.0,464,True,0,120.0
cluster_9,GREEN,147,1,-180,-3.0,19,0,2981.4,2872.2,109.2,0.0,453,True,0,120.0
cluster_9,GREEN,205,0,-180,-3.0,5,0,6757.6,6632.2,125.4,0.0,464,True,0,120.0
cluster_9,GREEN,205,1,-180,-3.0,0,1,6168.2,6229.4,0.0,61.2,458,True,0,120.0
cluster_9,GREEN,207,0,-180,-3.0,8,0,6223.6,5920.6,303.1,0.0,445,True,0,120.0
cluster_9,GREEN,207,1,-180,-3.0,0,7,8347.9,8581.4,0.0,233.5,445,True,0,120.0
cluster_9,GREEN,214,0,-180,-3.0,0,10,4931.1,5132.7,0.0,201.6,459,True,0,120.0
cluster_9,GREEN,214,1,-180,-3.0,0,6,5860.8,6184.7,0.0,323.9,449,True,0,120.0
cluster_9,GREEN,224,0,-180,-3.0,9,0,3130.3,2876.9,253.3,0.0,459,True,0,120.0
cluster_9,GREEN,224,1,-180,-3.0,0,23,8896.5,9086.5,0.0,190.0,440,True,0,120.0
cluster_9,GREEN,230,0,-180,-3.0,8,0,5037.1,4798.1,239.0,0.0,455,True,0,120.0
cluster_9,GREEN,230,1,-180,-3.0,0,17,5557.7,5519.0,38.6,0.0,448,True,0,120.0
cluster_9,GREEN,237,0,-180,-3.0,4,0,5584.3,5789.1,0.0,204.8,444,True,0,120.0
cluster_9,GREEN,237,1,-180,-3.0,0,11,4533.8,4495.3,38.6,0.0,444,True,0,120.0
cluster_9,GREEN,239,0,-180,-3.0,0,0,5537.2,5763.5,0.0,226.4,447,True,0,120.0
cluster_9,GREEN,239,1,-180,-3.0,1,0,6329.4,6647.1,0.0,317.7,441,True,0,120.0
cluster_9,GREEN,249,0,-180,-3.0,12,0,6588.0,6713.6,0.0,125.6,444,True,0,120.0
cluster_9,GREEN,249,1,-180,-3.0,0,14,5540.5,5358.2,182.3,0.0,445,True,0,120.0
cluster_9,GREEN,306,0,-180,-3.0,1,0,14331.9,14625.0,0.0,293.1,320,True,0,120.0
cluster_9,GREEN,306,1,-180,-3.0,0,1,13904.3,14116.2,0.0,211.9,319,True,0,120.0
cluster_9,GREEN,308,0,-180,-3.0,1,0,22167.8,22019.2,148.5,0.0,329,True,0,120.0
cluster_9,GREEN,308,1,-180,-3.0,0,1,16847.6,16774.9,72.8,0.0,348,True,0,120.0
cluster_9,GREEN,421,0,-180,-3.0,2,0,14450.0,14390.0,60.0,0.0,322,True,0,120.0
cluster_9,GREEN,421,1,-180,-3.0,0,11,14574.0,14514.0,60.0,0.0,323,True,0,120.0
cluster_9,GREEN,425,0,-180,-3.0,9,0,1129.5,951.6,177.9,0.0,336,True,0,120.0
cluster_9,GREEN,425,1,-180,-3.0,0,0,654.1,748.8,0.0,94.7,353,True,0,120.0
cluster_9,GREEN,620,0,-180,-3.0,51,0,4058.5,2654.5,1404.0,0.0,428,True,0,120.0
cluster_9,GREEN,620,1,-180,-3.0,1,0,4054.0,4640.5,0.0,586.5,424,True,0,120.0
cluster_9,GREEN,BLUE,0,-180,-3.0,0,5,2547.5,3002.5,0.0,455.0,476,True,0,120.0
cluster_9,GREEN,BLUE,1,-180,-3.0,0,0,1220.0,1139.0,81.0,0.0,467,True,0,120.0
cluster_9,GREEN,GREEN,0,-180,-3.0,0,5,484.5,321.5,163.0,0.0,228,True,0,120.0
cluster_9,GREEN,GREEN,1,-180,-3.0,1,0,1933.5,1773.5,160.0,0.0,228,True,0,120.0
cluster_9,GREEN,ORANGE,0,-180,-3.0,53,0,2726.5,1678.5,1048.0,0.0,467,True,0,120.0
cluster_9,GREEN,ORANGE,1,-180,-3.0,0,2,2514.0,3021.0,0.0,507.0,452,True,0,120.0
cluster_9,GREEN,RED,0,-180,-3.0,1,0,1479.0,1656.5,0.0,177.5,464,True,0,120.0
cluster_9,GREEN,RED,1,-180,-3.0,0,2,1741.0,1613.0,128.0,0.0,464,True,0,120.0
cluster_9,GREEN,TRE,0,-180,-3.0,9,0,8714.0,8560.0,154.0,0.0,415,True,0,120.0
cluster_9,GREEN,TRE,1,-180,-3.0,0,18,9227.0,9084.0,143.0,0.0,441,True,0,120.0
cluster_9,ORANGE,GREEN,0,-180,-3.0,51,0,2338.0,1556.5,781.5,0.0,455,True,0,120.0
cluster_9,RED,GREEN,0,-180,-3.0,53,0,3470.5,3793.5,0.0,323.0,565,True,0,120.0
cluster_9,TRE,GREEN,0,-180,-3.0,0,0,313.0,466.0,0.0,153.0,58,True,0,120.0
cluster_924,GREEN,GREEN,0,-180,-3.0,0,1,802.0,642.0,160.0,0.0,60,True,0,120.0
cluster_924,GREEN,GREEN,1,-180,-3.0,0,1,210.0,390.0,0.0,180.0,60,True,0,120.0
cluster_925,232,GREEN,0,-180,-3.0,7,0,650.0,574.0,76.0,0.0,67,True,0,120.0
cluster_925,GREEN,232,0,-180,-3.0,10,0,2050.0,1880.0,170.0,0.0,113,True,0,120.0
cluster_925,GREEN,232,1,-180,-3.0,0,3,2074.5,2142.5,0.0,68.0,112,True,0,120.0
cluster_925,GREEN,GREEN,0,-180,-3.0,0,45,187.0,922.0,0.0,735.0,60,True,0,120.0
cluster_925,GREEN,GREEN,1,-180,-3.0,0,47,850.0,1030.0,0.0,180.0,60,True,0,120.0
cluster_926,233,GREEN,0,-180,-3.0,0,4,693.0,721.0,0.0,28.0,64,True,0,120.0
cluster_926,GREEN,233,0,-180,-3.0,16,0,2501.5,1986.5,515.0,0.0,117,True,0,120.0
cluster_926,GREEN,233,1,-180,-3.0,0,3,2288.0,2429.0,0.0,141.0,116,True,0,120.0
cluster_926,GREEN,GREEN,0,-180,-3.0,0,1,424.5,267.5,157.0,0.0,59,True,0,120.0
cluster_926,GREEN,GREEN,1,-180,-3.0,0,0,623.0,780.0,0.0,157.0,59,True,0,120.0
cluster_927,GREEN,GREEN,0,-180,-3.0,0,1,669.5,542.5,127.0,0.0,59,True,0,120.0
cluster_927,GREEN,GREEN,1,-180,-3.0,1,0,376.5,508.5,0.0,132.0,59,True,0,120.0
cluster_928,005,GREEN,0,-180,-3.0,18,0,1725.5,1604.5,121.0,0.0,147,True,0,120.0
cluster_928,103,GREEN,0,-180,-3.0,2,0,988.5,921.5,67.0,0.0,89,True,0,120.0
cluster_928,207,GREEN,0,-180,-3.0,0,8,1029.0,1051.0,0.0,22.0,106,True,0,120.0
cluster_928,GREEN,005,0,-180,-3.0,17,0,872.5,791.5,81.0,0.0,116,True,0,120.0
cluster_928,GREEN,005,1,-180,-3.0,0,1,915.5,856.5,59.0,0.0,116,True,0,120.0
cluster_928,GREEN,103,0,-180,-3.0,0,8,1547.5,1662.5,0.0,115.0,110,True,0,120.0
cluster_928,GREEN,103,1,-180,-3.0,0,11,1395.5,1560.5,0.0,165.0,111,True,0,120.0
cluster_928,GREEN,207,0,-180,-3.0,0,4,2213.3,2321.9,0.0,108.6,109,True,0,120.0
cluster_928,GREEN,207,1,-180,-3.0,0,2,2339.1,2458.9,0.0,119.9,110,True,0,120.0
cluster_928,GREEN,GREEN,0,-180,-3.0,0,1,877.0,759.0,118.0,0.0,56,True,0,120.0
cluster_928,GREEN,GREEN,1,-180,-3.0,46,0,1077.5,262.5,815.0,0.0,55,True,0,120.0
cluster_928,GREEN,ORANGE,0,-180,-3.0,0,0,1526.5,1697.5,0.0,171.0,116,True,0,120.0
cluster_928,GREEN,ORANGE,1,-180,-3.0,0,1,1363.0,1540.0,0.0,177.0,114,True,0,120.0
cluster_928,ORANGE,GREEN,0,-180,-3.0,0,54,458.0,1238.5,0.0,780.5,114,True,0,120.0
cluster_929,306,GREEN,0,-180,-3.0,0,2,506.0,460.0,46.0,0.0,42,True,0,120.0
cluster_929,GREEN,306,0,-180,-3.0,0,1,4004.5,3994.5,10.0,0.0,79,True,0,120.0
cluster_929,GREEN,306,1,-180,-3.0,0,1,3804.5,3921.5,0.0,117.0,78,True,0,120.0
cluster_929,GREEN,GREEN,0,-180,-3.0,0,0,351.0,193.0,158.0,0.0,56,True,0,120.0
cluster_929,GREEN,GREEN,1,-180,-3.0,0,1,608.0,776.0,0.0,168.0,56,True,0,120.0
cluster_929,GREEN,ORANGE,0,-180,-3.0,0,0,1002.5,1173.5,0.0,171.0,116,True,0,120.0
cluster_929,GREEN,ORANGE,1,-180,-3.0,0,0,922.0,1099.0,0.0,177.0,114,True,0,120.0
cluster_929,ORANGE,GREEN,0,-180,-3.0,0,56,910.0,1738.0,0.0,828.0,114,True,0,120.0
cluster_107,207,GREEN,0,-120,-2.0,20,0,4010.5,3936.5,74.0,0.0,337,True,0,180.0
cluster_107,213,GREEN,0,-120,-2.0,0,17,3692.7,3824.7,0.0,132.0,384,True,0,180.0
cluster_107,GREEN,207,0,-120,-2.0,7,0,2346.1,2088.1,258.0,0.0,109,True,0,180.0
cluster_107,GREEN,207,1,-120,-2.0,3,0,2218.3,2236.3,0.0,17.9,110,True,0,180.0
cluster_107,GREEN,213,0,-120,-2.0,0,0,1723.6,1831.0,0.0,107.4,112,True,0,180.0
cluster_107,GREEN,213,1,-120,-2.0,0,2,2092.3,2050.5,41.8,0.0,114,True,0,180.0
cluster_107,GREEN,GREEN,0,-120,-2.0,0,0,460.5,350.5,110.0,0.0,55,True,0,180.0
cluster_107,GREEN,GREEN,1,-120,-2.0,3,0,565.0,576.0,0.0,11.0,54,True,0,180.0
cluster_107,GREEN,ORANGE,0,-120,-2.0,0,0,1041.5,1155.5,0.0,114.0,115,True,0,180.0
cluster_107,GREEN,ORANGE,1,-120,-2.0,0,0,933.0,1051.0,0.0,118.0,114,True,0,180.0
cluster_107,ORANGE,GREEN,0,-120,-2.0,0,0,918.0,690.0,228.0,0.0,114,True,0,180.0
cluster_14,001,GREEN,0,-120,-2.0,0,0,7866.1,7920.7,0.0,54.6,961,True,0,180.0
cluster_14,009,GREEN,0,-120,-2.0,15,0,15252.8,15510.6,0.0,257.8,1740,True,0,180.0
cluster_14,018,GREEN,0,-120,-2.0,149,0,12861.9,11133.4,1728.5,0.0,1093,True,0,180.0
cluster_14,023,GREEN,0,-120,-2.0,0,49,4333.2,4341.2,0.0,8.0,590,True,0,180.0
cluster_14,214,GREEN,0,-120,-2.0,0,25,2127.8,2454.9,0.0,327.1,294,True,0,180.0
cluster_14,249,GREEN,0,-120,-2.0,23,0,5896.8,5990.3,0.0,93.5,704,True,0,180.0
cluster_14,421,GREEN,0,-120,-2.0,10,0,1114.1,900.1,214.0,0.0,126,True,0,180.0
cluster_14,GREEN,001,0,-120,-2.0,0,0,739.7,804.3,0.0,64.6,230,True,0,180.0
cluster_14,GREEN,001,1,-120,-2.0,0,3,888.6,907.8,0.0,19.2,231,True,0,180.0
cluster_14,GREEN,009,0,-120,-2.0,0,1,620.8,635.5,0.0,14.6,232,True,0,180.0
cluster_14,GREEN,009,1,-120,-2.0,0,0,628.5,599.5,29.0,0.0,228,True,0,180.0
cluster_14,GREEN,018,0,-120,-2.0,0,1,447.4,549.9,0.0,102.5,231,True,0,180.0
cluster_14,GREEN,018,1,-120,-2.0,0,0,451.1,500.8,0.0,49.7,232,True,0,180.0
cluster_14,GREEN,023,0,-120,-2.0,0,38,2875.4,3104.7,0.0,229.3,235,True,0,180.0
cluster_14,GREEN,023,1,-120,-2.0,0,2,787.1,1023.1,0.0,236.0,234,True,0,180.0
cluster_14,GREEN,214,0,-120,-2.0,0,16,4107.6,4275.5,0.0,167.9,229,True,0,180.0
cluster_14,GREEN,214,1,-120,-2.0,0,0,3377.2,3585.3,0.0,208.1,223,True,0,180.0
cluster_14,GREEN,249,0,-120,-2.0,0,4,2908.4,3057.7,0.0,149.3,224,True,0,180.0
cluster_14,GREEN,249,1,-120,-2.0,12,0,2991.0,2606.7,384.4,0.0,222,True,0,180.0
cluster_14,GREEN,421,0,-120,-2.0,0,9,6593.0,6705.5,0.0,112.5,163,True,0,180.0
cluster_14,GREEN,421,1,-120,-2.0,0,0,6444.8,6579.1,0.0,134.3,164,True,0,180.0
cluster_14,GREEN,BLUE,0,-120,-2.0,0,0,5.5,5.0,0.5,0.0,5,True,0,180.0
cluster_14,GREEN,GREEN,0,-120,-2.0,0,0,1033.0,1688.0,0.0,655.0,116,True,0,180.0
cluster_14,GREEN,GREEN,1,-120,-2.0,47,0,937.5,298.0,639.5,0.0,114,True,0,180.0
cluster_14,GREEN,ORANGE,0,-120,-2.0,0,1,254.0,266.0,0.0,12.0,18,True,0,180.0
cluster_14,GREEN,ORANGE,1,-120,-2.0,0,0,326.5,342.5,0.0,16.0,14,True,0,180.0
cluster_14,ORANGE,GREEN,0,-120,-2.0,0,0,121.0,99.0,22.0,0.0,12,True,0,180.0
cluster_168,020,GREEN,0,-120,-2.0,54,0,7668.5,7168.5,500.0,0.0,762,True,0,180.0
cluster_168,213,GREEN,0,-120,-2.0,0,1,1195.9,1091.9,104.0,0.0,132,True,0,180.0
cluster_168,233,GREEN,0,-120,-2.0,0,17,4882.4,5434.4,0.0,552.0,424,True,0,180.0
cluster_168,GREEN,020,0,-120,-2.0,0,1,1110.0,1228.0,0.0,118.0,115,True,0,180.0
cluster_168,GREEN,020,1,-120,-2.0,8,0,664.7,503.7,161.0,0.0,120,True,0,180.0
cluster_168,GREEN,213,0,-120,-2.0,3,0,2108.1,2128.7,0.0,20.6,114,True,0,180.0
cluster_168,GREEN,213,1,-120,-2.0,0,6,2472.5,2592.5,0.0,120.0,117,True,0,180.0
cluster_168,GREEN,233,0,-120,-2.0,0,21,2515.7,2633.5,0.0,117.8,116,True,0,180.0
cluster_168,GREEN,233,1,-120,-2.0,0,0,1570.5,1592.9,0.0,22.5,117,True,0,180.0
cluster_168,GREEN,GREEN,0,-120,-2.0,0,47,137.0,998.0,0.0,861.0,59,True,0,180.0
cluster_168,GREEN,GREEN,1,-120,-2.0,0,50,894.0,1005.0,0.0,111.0,59,True,0,180.0
cluster_168,GREEN,ORANGE,0,-120,-2.0,0,2,1618.5,1742.5,0.0,124.0,121,True,0,180.0
cluster_168,GREEN,ORANGE,1,-120,-2.0,7,0,1356.5,1270.0,86.5,0.0,120,True,0,180.0
cluster_168,ORANGE,GREEN,0,-120,-2.0,4,0,817.0,612.0,205.0,0.0,125,True,0,180.0
cluster_225,218,GREEN,0,-120,-2.0,0,12,735.0,884.5,0.0,149.5,69,True,0,180.0
cluster_225,220,GREEN,0,-120,-2.0,0,101,2769.5,4559.5,0.0,1790.0,325,True,0,180.0
cluster_225,GREEN,218,0,-120,-2.0,3,0,2169.5,2200.5,0.0,31.0,116,True,0,180.0
cluster_225,GREEN,218,1,-120,-2.0,0,6,2107.0,2158.0,0.0,51.0,118,True,0,180.0
cluster_225,GREEN,220,0,-120,-2.0,0,24,2195.0,2309.0,0.0,114.0,114,True,0,180.0
cluster_225,GREEN,220,1,-120,-2.0,0,3,1962.3,1908.4,53.9,0.0,111,True,0,180.0
cluster_225,GREEN,GREEN,0,-120,-2.0,1,0,568.0,480.5,87.5,0.0,59,True,0,180.0
cluster_225,GREEN,GREEN,1,-120,-2.0,0,0,483.5,599.5,0.0,116.0,58,True,0,180.0
cluster_23,001,GREEN,0,-120,-2.0,15,0,21680.2,21397.1,283.1,0.0,2047,True,0,180.0
cluster_23,023,GREEN,0,-120,-2.0,2,0,8400.0,6765.4,1634.5,0.0,936,True,0,180.0
cluster_23,057,GREEN,0,-120,-2.0,7,0,4824.1,4082.2,742.0,0.0,451,True,0,180.0
cluster_23,101,GREEN,0,-120,-2.0,0,13,4193.2,4222.2,0.0,29.0,373,True,0,180.0
cluster_23,122,GREEN,0,-120,-2.0,0,42,4387.7,5124.7,0.0,737.0,389,True,0,180.0
cluster_23,213,GREEN,0,-120,-2.0,0,11,2651.7,2743.7,0.0,92.0,254,True,0,180.0
cluster_23,219,GREEN,0,-120,-2.0,0,27,2977.0,3557.0,0.0,580.0,270,True,0,180.0
cluster_23,230,GREEN,0,-120,-2.0,0,5,5025.6,4717.6,308.0,0.0,504,True,0,180.0
cluster_23,306,GREEN,0,-120,-2.0,0,1,511.0,487.0,24.0,0.0,42,True,0,180.0
cluster_23,422,GREEN,0,-120,-2.0,40,0,2980.0,2420.0,560.0,0.0,280,True,0,180.0
cluster_23,423,GREEN,0,-120,-2.0,0,14,449.0,621.0,0.0,172.0,54,True,0,180.0
cluster_23,GREEN,001,0,-120,-2.0,0,0,363.9,410.7,0.0,46.8,114,True,0,180.0
cluster_23,GREEN,001,1,-120,-2.0,3,0,284.7,239.2,45.5,0.0,115,True,0,180.0
cluster_23,GREEN,023,0,-120,-2.0,2,0,735.2,820.5,0.0,85.2,117,True,0,180.0
cluster_23,GREEN,023,1,-120,-2.0,0,0,692.4,806.4,0.0,114.0,115,True,0,180.0
cluster_23,GREEN,057,0,-120,-2.0,6,0,829.1,762.6,66.5,0.0,116,True,0,180.0
cluster_23,GREEN,057,1,-120,-2.0,1,0,743.0,831.0,0.0,88.0,115,True,0,180.0
cluster_23,GREEN,101,0,-120,-2.0,0,0,1175.0,1115.3,59.7,0.0,116,True,0,180.0
cluster_23,GREEN,101,1,-120,-2.0,1,0,1330.0,1415.8,0.0,85.8,111,True,0,180.0
cluster_23,GREEN,122,0,-120,-2.0,8,0,950.3,945.3,5.0,0.0,117,True,0,180.0
cluster_23,GREEN,213,0,-120,-2.0,0,1,1733.6,1845.6,0.0,112.0,112,True,0,180.0
cluster_23,GREEN,213,1,-120,-2.0,0,9,2239.1,2278.0,0.0,39.0,115,True,0,180.0
cluster_23,GREEN,219,0,-120,-2.0,0,3,2966.5,3053.9,0.0,87.4,114,True,0,180.0
cluster_23,GREEN,219,1,-120,-2.0,1,0,2132.5,2154.4,0.0,21.9,113,True,0,180.0
cluster_23,GREEN,230,0,-120,-2.0,3,0,1474.5,1484.0,0.0,9.5,113,True,0,180.0
cluster_23,GREEN,230,1,-120,-2.0,6,0,1558.0,1524.3,33.7,0.0,111,True,0,180.0
cluster_23,GREEN,306,0,-120,-2.0,0,2,4071.0,4151.0,0.0,80.0,79,True,0,180.0
cluster_23,GREEN,306,1,-120,-2.0,18,0,4143.5,3627.5,516.0,0.0,78,True,0,180.0
cluster_23,GREEN,422,0,-120,-2.0,0,0,59.5,60.0,0.0,0.5,79,True,0,180.0
cluster_23,GREEN,423,0,-120,-2.0,0,0,641.0,721.0,0.0,80.0,80,True,0,180.0
cluster_23,GREEN,GREEN,0,-120,-2.0,0,49,81.0,959.0,0.0,878.0,56,True,0,180.0
cluster_23,GREEN,GREEN,1,-120,-2.0,0,49,857.5,967.5,0.0,110.0,55,True,0,180.0
cluster_23,GREEN,ORANGE,0,-120,-2.0,0,0,1712.5,1826.5,0.0,114.0,116,True,0,180.0
cluster_23,GREEN,ORANGE,1,-120,-2.0,3,0,1217.0,1245.0,0.0,28.0,114,True,0,180.0
cluster_23,GREEN,TRE,0,-120,-2.0,0,0,1962.0,2066.0,0.0,104.0,104,True,0,180.0
cluster_23,GREEN,TRE,1,-120,-2.0,18,0,2527.0,1831.5,695.5,0.0,109,True,0,180.0
cluster_23,ORANGE,GREEN,0,-120,-2.0,3,0,690.0,462.0,228.0,0.0,114,True,0,180.0
cluster_23,TRE,GREEN,0,-120,-2.0,0,0,709.5,593.5,116.0,0.0,58,True,0,180.0
cluster_25,001,GREEN,0,-120,-2.0,7,0,4734.1,4552.1,182.0,0.0,441,True,0,180.0
cluster_25,013,GREEN,0,-120,-2.0,15,0,1910.0,1682.0,228.0,0.0,114,True,0,180.0
cluster_25,023,GREEN,0,-120,-2.0,0,35,736.0,1240.0,0.0,504.0,118,True,0,180.0
cluster_25,104,GREEN,0,-120,-2.0,0,52,5380.5,6848.3,0.0,1467.8,590,True,0,180.0
cluster_25,216,GREEN,0,-120,-2.0,2,0,508.5,398.5,110.0,0.0,55,True,0,180.0
cluster_25,GREEN,001,0,-120,-2.0,1,0,981.6,984.1,0.0,2.5,116,True,0,180.0
cluster_25,GREEN,001,1,-120,-2.0,3,0,800.3,788.9,11.4,0.0,116,True,0,180.0
cluster_25,GREEN,013,0,-120,-2.0,0,48,1680.5,1796.5,0.0,116.0,114,True,0,180.0
cluster_25,GREEN,013,1,-120,-2.0,1,0,1105.0,1193.0,0.0,88.0,113,True,0,180.0
cluster_25,GREEN,023,0,-120,-2.0,0,11,1567.5,1683.5,0.0,116.0,118,True,0,180.0
cluster_25,GREEN,023,1,-120,-2.0,2,0,803.5,880.0,0.0,76.5,116,True,0,180.0
cluster_25,GREEN,104,0,-120,-2.0,7,0,1269.6,1174.2,95.4,0.0,113,True,0,180.0
cluster_25,GREEN,104,1,-120,-2.0,0,23,1167.3,1281.3,0.0,114.0,114,True,0,180.0
cluster_25,GREEN,216,0,-120,-2.0,0,0,2634.5,2746.5,0.0,112.0,111,True,0,180.0
cluster_25,GREEN,216,1,-120,-2.0,4,0,2739.0,2733.0,6.0,0.0,115,True,0,180.0
cluster_25,GREEN,GREEN,0,-120,-2.0,1,0,804.5,688.5,116.0,0.0,58,True,0,180.0
cluster_25,GREEN,GREEN,1,-120,-2.0,0,0,218.5,311.5,0.0,93.0,58,True,0,180.0
cluster_29,018,GREEN,0,-120,-2.0,0,14,3623.8,3315.8,308.0,0.0,344,True,0,180.0
cluster_29,023,GREEN,0,-120,-2.0,0,75,1677.5,2649.5,0.0,972.0,354,True,0,180.0
cluster_29,214,GREEN,0,-120,-2.0,1,0,4510.6,3968.7,542.0,0.0,421,True,0,180.0
cluster_29,GREEN,018,0,-120,-2.0,0,4,882.2,998.2,0.0,116.0,116,True,0,180.0
cluster_29,GREEN,018,1,-120,-2.0,2,0,923.2,990.1,0.0,66.9,116,True,0,180.0
cluster_29,GREEN,023,0,-120,-2.0,0,0,936.6,1050.5,0.0,113.9,119,True,0,180.0
cluster_29,GREEN,023,1,-120,-2.0,0,22,929.3,1021.6,0.0,92.2,117,True,0,180.0
cluster_29,GREEN,214,0,-120,-2.0,0,1,1741.2,1842.1,0.0,100.9,115,True,0,180.0
cluster_29,GREEN,214,1,-120,-2.0,0,0,1808.5,1907.6,0.0,99.0,113,True,0,180.0
cluster_29,GREEN,GREEN,0,-120,-2.0,4,0,606.5,513.0,93.5,0.0,58,True,0,180.0
cluster_29,GREEN,GREEN,1,-120,-2.0,0,1,518.5,634.5,0.0,116.0,58,True,0,180.0
cluster_29,GREEN,ORANGE,0,-120,-2.0,0,0,155.5,161.5,0.0,6.0,8,True,0,180.0
cluster_29,GREEN,ORANGE,1,-120,-2.0,0,0,131.0,139.0,0.0,8.0,7,True,0,180.0
cluster_29,ORANGE,GREEN,0,-120,-2.0,0,0,96.5,84.5,12.0,0.0,6,True,0,180.0
cluster_303,030,GREEN,0,-120,-2.0,0,16,6588.7,7774.7,0.0,1186.0,532,True,0,180.0
cluster_303,218,GREEN,0,-120,-2.0,0,25,9590.1,9418.6,171.5,0.0,917,True,0,180.0
cluster_303,GREEN,030,0,-120,-2.0,0,30,1752.5,1851.2,0.0,98.7,116,True,0,180.0
cluster_303,GREEN,030,1,-120,-2.0,29,0,1146.6,692.0,454.5,0.0,118,True,0,180.0
cluster_303,GREEN,218,0,-120,-2.0,0,1,1175.0,1245.4,0.0,70.4,117,True,0,180.0
cluster_303,GREEN,218,1,-120,-2.0,0,5,1682.8,1786.2,0.0,103.4,117,True,0,180.0
cluster_303,GREEN,GREEN,0,-120,-2.0,0,0,1097.0,979.0,118.0,0.0,59,True,0,180.0
cluster_303,GREEN,GREEN,1,-120,-2.0,0,52,982.0,1100.0,0.0,118.0,59,True,0,180.0
cluster_357,015,GREEN,0,-120,-2.0,0,101,2071.3,3839.3,0.0,1768.0,236,True,0,180.0
cluster_357,038,GREEN,0,-120,-2.0,0,29,1225.0,1591.5,0.0,366.5,116,True,0,180.0
cluster_357,GREEN,015,0,-120,-2.0,0,53,1222.7,1321.4,0.0,98.7,118,True,0,180.0
cluster_357,GREEN,015,1,-120,-2.0,2,0,1029.1,1104.8,0.0,75.8,118,True,0,180.0
cluster_357,GREEN,038,0,-120,-2.0,0,0,745.0,861.0,0.0,116.0,117,True,0,180.0
cluster_357,GREEN,038,1,-120,-2.0,0,29,1347.0,1465.0,0.0,118.0,118,True,0,180.0
cluster_357,GREEN,GREEN,0,-120,-2.0,2,0,509.0,391.0,118.0,0.0,59,True,0,180.0
cluster_357,GREEN,GREEN,1,-120,-2.0,1,0,537.0,628.0,0.0,91.0,59,True,0,180.0
cluster_38,013,GREEN,0,-120,-2.0,0,6,9222.0,7959.9,1262.0,0.0,871,True,0,180.0
cluster_38,216,GREEN,0,-120,-2.0,2,0,8968.0,9688.5,0.0,720.5,851,True,0,180.0
cluster_38,GREEN,013,0,-120,-2.0,0,3,636.4,744.7,0.0,108.3,115,True,0,180.0
cluster_38,GREEN,013,1,-120,-2.0,0,0,745.9,858.2,0.0,112.3,115,True,0,180.0
cluster_38,GREEN,216,0,-120,-2.0,0,0,1577.6,1661.3,0.0,83.7,112,True,0,180.0
cluster_38,GREEN,216,1,-120,-2.0,0,2,1909.3,2012.2,0.0,103.0,116,True,0,180.0
cluster_38,GREEN,GREEN,0,-120,-2.0,0,48,190.5,1044.5,0.0,854.0,58,True,0,180.0
cluster_38,GREEN,GREEN,1,-120,-2.0,0,0,802.5,918.5,0.0,116.0,58,True,0,180.0
cluster_456,227,GREEN,0,-120,-2.0,0,1,1897.6,1797.6,100.0,0.0,165,True,0,180.0
cluster_456,233,GREEN,0,-120,-2.0,10,0,1539.8,1343.8,196.0,0.0,158,True,0,180.0
cluster_456,GREEN,227,0,-120,-2.0,2,0,1891.6,1859.3,32.3,0.0,118,True,0,180.0
cluster_456,GREEN,227,1,-120,-2.0,1,0,1698.7,1772.9,0.0,74.2,116,True,0,180.0
cluster_456,GREEN,233,0,-120,-2.0,0,0,2117.1,2232.0,0.0,114.9,116,True,0,180.0
cluster_456,GREEN,233,1,-120,-2.0,3,0,1834.0,1780.6,53.3,0.0,117,True,0,180.0
cluster_456,GREEN,GREEN,0,-120,-2.0,50,0,1082.0,962.0,120.0,0.0,60,True,0,180.0
cluster_456,GREEN,GREEN,1,-120,-2.0,2,0,1019.0,1089.5,0.0,70.5,60,True,0,180.0
cluster_827,229,GREEN,0,-120,-2.0,0,15,2399.9,2719.9,0.0,320.0,231,True,0,180.0
cluster_827,GREEN,229,0,-120,-2.0,0,9,1999.5,1994.5,5.0,0.0,117,True,0,180.0
cluster_827,GREEN,229,1,-120,-2.0,0,3,1880.1,1989.7,0.0,109.6,114,True,0,180.0
cluster_827,GREEN,GREEN,0,-120,-2.0,3,0,617.0,497.0,120.0,0.0,60,True,0,180.0
cluster_827,GREEN,GREEN,1,-120,-2.0,2,0,494.5,566.5,0.0,72.0,60,True,0,180.0
cluster_827,GREEN,SILVER,0,-120,-2.0,0,0,2646.0,2762.0,0.0,116.0,116,True,0,180.0
cluster_827,GREEN,SILVER,1,-120,-2.0,18,0,3046.5,2321.0,725.5,0.0,115,True,0,180.0
cluster_827,SILVER,GREEN,0,-120,-2.0,1,0,561.5,805.5,0.0,244.0,59,True,0,180.0
cluster_876,GREEN,GREEN,0,-120,-2.0,0,0,687.0,575.0,112.0,0.0,56,True,0,180.0
cluster_876,GREEN,GREEN,1,-120,-2.0,0,0,272.0,384.0,0.0,112.0,56,True,0,180.0
cluster_876,GREEN,ORANGE,0,-120,-2.0,0,0,1291.5,1405.5,0.0,114.0,116,True,0,180.0
cluster_876,GREEN,ORANGE,1,-120,-2.0,0,0,1650.5,1766.5,0.0,116.0,113,True,0,180.0
cluster_876,GREEN,TRE,0,-120,-2.0,0,0,2235.5,2339.5,0.0,104.0,103,True,0,180.0
cluster_876,GREEN,TRE,1,-120,-2.0,18,0,2763.5,2067.5,696.0,0.0,109,True,0,180.0
cluster_876,ORANGE,GREEN,0,-120,-2.0,51,0,1238.0,1030.0,208.0,0.0,114,True,0,180.0
cluster_876,TRE,GREEN,0,-120,-2.0,18,0,630.5,514.5,116.0,0.0,58,True,0,180.0
cluster_9,001,GREEN,0,-120,-2.0,83,0,6452.4,5939.4,513.0,0.0,1177,True,0,180.0
cluster_9,003,GREEN,0,-120,-2.0,4,0,9725.8,9399.3,326.5,0.0,1887,True,0,180.0
cluster_9,009,GREEN,0,-120,-2.0,0,43,5630.4,5866.2,0.0,235.8,1167,True,0,180.0
cluster_9,013,GREEN,0,-120,-2.0,157,0,9408.7,7505.2,1903.5,0.0,1207,True,0,180.0
cluster_9,016,GREEN,0,-120,-2.0,0,0,2909.4,2438.4,471.0,0.0,696,True,0,180.0
cluster_9,018,GREEN,0,-120,-2.0,109,0,5105.5,5103.5,2.0,0.0,627,True,0,180.0
cluster_9,102,GREEN,0,-120,-2.0,21,0,3808.8,3566.3,242.4,0.0,776,True,0,180.0
cluster_9,103,GREEN,0,-120,-2.0,0,24,2248.9,2421.4,0.0,172.5,540,True,0,180.0
cluster_9,106,GREEN,0,-120,-2.0,23,0,3806.7,3536.2,270.5,0.0,1012,True,0,180.0
cluster_9,109,GREEN,0,-120,-2.0,17,0,4440.1,4681.0,0.0,240.9,783,True,0,180.0
cluster_9,128,GREEN,0,-120,-2.0,8,0,6241.0,5695.5,545.5,0.0,1003,True,0,180.0
cluster_9,145,GREEN,0,-120,-2.0,29,0,4337.6,4080.5,257.1,0.0,830,True,0,180.0
cluster_9,147,GREEN,0,-120,-2.0,0,48,3792.7,4275.2,0.0,482.5,819,True,0,180.0
cluster_9,205,GREEN,0,-120,-2.0,23,0,2053.5,1923.3,130.2,0.0,374,True,0,180.0
cluster_9,207,GREEN,0,-120,-2.0,0,4,3742.0,3553.5,188.5,0.0,729,True,0,180.0
cluster_9,214,GREEN,0,-120,-2.0,13,0,3602.6,3224.1,378.5,0.0,638,True,0,180.0
cluster_9,224,GREEN,0,-120,-2.0,13,0,2089.9,1958.4,131.5,0.0,447,True,0,180.0
cluster_9,230,GREEN,0,-120,-2.0,11,0,2410.2,2397.2,13.0,0.0,543,True,0,180.0
cluster_9,237,GREEN,0,-120,-2.0,14,0,4008.8,3658.8,350.0,0.0,690,True,0,180.0
cluster_9,239,GREEN,0,-120,-2.0,47,0,3672.4,3713.5,0.0,41.1,530,True,0,180.0
cluster_9,249,GREEN,0,-120,-2.0,0,10,1819.4,1897.9,0.0,78.5,384,True,0,180.0
cluster_9,306,GREEN,0,-120,-2.0,35,0,4625.3,4312.3,313.0,0.0,668,True,0,180.0
cluster_9,308,GREEN,0,-120,-2.0,70,0,5142.6,4860.1,282.5,0.0,1046,True,0,180.0
cluster_9,421,GREEN,0,-120,-2.0,12,0,211.0,173.5,37.5,0.0,42,True,0,180.0
cluster_9,425,GREEN,0,-120,-2.0,46,0,5200.8,5110.8,90.0,0.0,1032,True,0,180.0
cluster_9,620,GREEN,0,-120,-2.0,0,0,458.0,346.0,112.0,0.0,110,True,0,180.0
cluster_9,BLUE,GREEN,0,-120,-2.0,49,0,3714.0,3593.5,120.5,0.0,584,True,0,180.0
cluster_9,GREEN,001,0,-120,-2.0,1,0,1483.7,1483.8,0.0,0.1,456,True,0,180.0
cluster_9,GREEN,001,1,-120,-2.0,1,0,1307.0,1300.1,7.0,0.0,467,True,0,180.0
cluster_9,GREEN,003,0,-120,-2.0,0,0,973.6,906.8,66.9,0.0,468,True,0,180.0
cluster_9,GREEN,003,1,-120,-2.0,0,0,720.2,694.6,25.6,0.0,461,True,0,180.0
cluster_9,GREEN,009,0,-120,-2.0,4,0,1825.8,1685.0,140.8,0.0,458,True,0,180.0
cluster_9,GREEN,009,1,-120,-2.0,0,0,2194.3,2227.9,0.0,33.6,456,True,0,180.0
cluster_9,GREEN,013,0,-120,-2.0,0,14,2855.6,3236.8,0.0,381.2,461,True,0,180.0
cluster_9,GREEN,013,1,-120,-2.0,0,0,1244.6,1330.5,0.0,85.8,460,True,0,180.0
cluster_9,GREEN,016,0,-120,-2.0,0,16,2813.2,3028.1,0.0,214.9,462,True,0,180.0
cluster_9,GREEN,016,1,-120,-2.0,0,31,2894.6,3220.6,0.0,326.0,454,True,0,180.0
cluster_9,GREEN,018,0,-120,-2.0,11,0,1660.7,1624.3,36.4,0.0,462,True,0,180.0
cluster_9,GREEN,018,1,-120,-2.0,45,0,2103.9,1586.7,517.2,0.0,463,True,0,180.0
cluster_9,GREEN,102,0,-120,-2.0,0,13,3651.7,3786.4,0.0,134.7,452,True,0,180.0
cluster_9,GREEN,102,1,-120,-2.0,0,12,3676.8,3675.8,1.0,0.0,455,True,0,180.0
cluster_9,GREEN,103,0,-120,-2.0,1,0,3495.7,3480.8,14.8,0.0,445,True,0,180.0
cluster_9,GREEN,103,1,-120,-2.0,0,0,3360.1,3174.0,186.1,0.0,448,True,0,180.0
cluster_9,GREEN,106,0,-120,-2.0,0,8,3825.3,3745.5,79.8,0.0,464,True,0,180.0
cluster_9,GREEN,106,1,-120,-2.0,0,18,3451.0,3555.1,0.0,104.1,460,True,0,180.0
cluster_9,GREEN,109,0,-120,-2.0,9,0,3353.0,3333.5,19.5,0.0,464,True,0,180.0
cluster_9,GREEN,109,1,-120,-2.0,0,8,3858.0,3765.3,92.7,0.0,455,True,0,180.0
cluster_9,GREEN,128,0,-120,-2.0,0,0,3783.2,3864.7,0.0,81.5,467,True,0,180.0
cluster_9,GREEN,128,1,-120,-2.0,0,6,4013.2,4055.2,0.0,41.9,461,True,0,180.0
cluster_9,GREEN,145,0,-120,-2.0,0,1,3365.0,3346.8,18.2,0.0,464,True,0,180.0
cluster_9,GREEN,145,1,-120,-2.0,0,10,3664.7,3836.9,0.0,172.2,455,True,0,180.0
cluster_9,GREEN,147,0,-120,-2.0,4,0,2977.4,2875.0,102.5,0.0,464,True,0,180.0
cluster_9,GREEN,147,1,-120,-2.0,8,0,2981.4,2968.8,12.6,0.0,453,True,0,180.0
cluster_9,GREEN,205,0,-120,-2.0,0,8,6757.6,6932.8,0.0,175.1,464,True,0,180.0
cluster_9,GREEN,205,1,-120,-2.0,0,1,6168.2,6066.7,101.5,0.0,458,True,0,180.0
cluster_9,GREEN,207,0,-120,-2.0,6,0,6223.6,6071.6,152.1,0.0,445,True,0,180.0
cluster_9,GREEN,207,1,-120,-2.0,0,0,8347.9,8376.0,0.0,28.1,445,True,0,180.0
cluster_9,GREEN,214,0,-120,-2.0,0,6,4931.1,5080.1,0.0,149.0,459,True,0,180.0
cluster_9,GREEN,214,1,-120,-2.0,0,2,5860.8,6086.2,0.0,225.4,449,True,0,180.0
cluster_9,GREEN,224,0,-120,-2.0,5,0,3130.3,2947.9,182.3,0.0,459,True,0,180.0
cluster_9,GREEN,224,1,-120,-2.0,0,12,8896.5,9021.5,0.0,125.0,440,True,0,180.0
cluster_9,GREEN,230,0,-120,-2.0,0,0,5037.1,4964.7,72.4,0.0,455,True,0,180.0
cluster_9,GREEN,230,1,-120,-2.0,0,1,5557.7,5436.9,120.8,0.0,448,True,0,180.0
cluster_9,GREEN,237,0,-120,-2.0,0,0,5584.3,5721.8,0.0,137.5,444,True,0,180.0
cluster_9,GREEN,237,1,-120,-2.0,0,3,4533.8,4483.8,50.0,0.0,444,True,0,180.0
cluster_9,GREEN,239,0,-120,-2.0,0,0,5537.2,5657.9,0.0,120.7,447,True,0,180.0
cluster_9,GREEN,239,1,-120,-2.0,1,0,6329.4,6563.4,0.0,234.0,441,True,0,180.0
cluster_9,GREEN,249,0,-120,-2.0,4,0,6588.0,6749.0,0.0,161.0,444,True,0,180.0
cluster_9,GREEN,249,1,-120,-2.0,0,0,5540.5,5270.0,270.6,0.0,445,True,0,180.0
cluster_9,GREEN,306,0,-120,-2.0,0,2,14331.9,14538.0,0.0,206.1,320,True,0,180.0
cluster_9,GREEN,306,1,-120,-2.0,0,1,13904.3,14038.3,0.0,134.0,319,True,0,180.0
cluster_9,GREEN,308,0,-120,-2.0,1,0,22167.8,21963.5,204.2,0.0,329,True,0,180.0
cluster_9,GREEN,308,1,-120,-2.0,0,0,16847.6,16727.5,120.1,0.0,348,True,0,180.0
cluster_9,GREEN,421,0,-120,-2.0,11,0,14450.0,14230.0,220.0,0.0,322,True,0,180.0
cluster_9,GREEN,421,1,-120,-2.0,0,0,14574.0,14354.0,220.0,0.0,323,True,0,180.0
cluster_9,GREEN,425,0,-120,-2.0,0,2,1129.5,1076.7,52.8,0.0,336,True,0,180.0
cluster_9,GREEN,425,1,-120,-2.0,0,1,654.1,705.8,0.0,51.8,353,True,0,180.0
cluster_9,GREEN,620,0,-120,-2.0,0,0,4058.5,3462.5,596.0,0.0,428,True,0,180.0
cluster_9,GREEN,620,1,-120,-2.0,0,0,4054.0,4451.5,0.0,397.5,424,True,0,180.0
cluster_9,GREEN,BLUE,0,-120,-2.0,0,0,2547.5,2795.5,0.0,248.0,476,True,0,180.0
cluster_9,GREEN,BLUE,1,-120,-2.0,0,0,1220.0,1237.0,0.0,17.0,467,True,0,180.0
cluster_9,GREEN,GREEN,0,-120,-2.0,0,2,484.5,344.0,140.5,0.0,228,True,0,180.0
cluster_9,GREEN,GREEN,1,-120,-2.0,0,52,1933.5,2315.5,0.0,382.0,228,True,0,180.0
cluster_9,GREEN,ORANGE,0,-120,-2.0,0,0,2726.5,2368.5,358.0,0.0,467,True,0,180.0
cluster_9,GREEN,ORANGE,1,-120,-2.0,0,0,2514.0,2793.5,0.0,279.5,452,True,0,180.0
cluster_9,GREEN,RED,0,-120,-2.0,0,0,1479.0,1563.0,0.0,84.0,464,True,0,180.0
cluster_9,GREEN,RED,1,-120,-2.0,0,1,1741.0,1385.0,356.0,0.0,464,True,0,180.0
cluster_9,GREEN,TRE,0,-120,-2.0,18,0,8714.0,8352.0,362.0,0.0,415,True,0,180.0
cluster_9,GREEN,TRE,1,-120,-2.0,0,0,9227.0,8862.0,365.0,0.0,441,True,0,180.0
cluster_9,ORANGE,GREEN,0,-120,-2.0,51,0,2338.0,1825.0,513.0,0.0,455,True,0,180.0
cluster_9,RED,GREEN,0,-120,-2.0,54,0,3470.5,2788.0,682.5,0.0,565,True,0,180.0
cluster_9,TRE,GREEN,0,-120,-2.0,18,0,313.0,257.5,55.5,0.0,58,True,0,180.0
cluster_924,GREEN,GREEN,0,-120,-2.0,0,1,802.0,702.0,100.0,0.0,60,True,0,180.0
cluster_924,GREEN,GREEN,1,-120,-2.0,0,1,210.0,330.0,0.0,120.0,60,True,0,180.0
cluster_925,232,GREEN,0,-120,-2.0,6,0,650.0,640.0,10.0,0.0,67,True,0,180.0
cluster_925,GREEN,232,0,-120,-2.0,10,0,2050.0,1824.0,226.0,0.0,113,True,0,180.0
cluster_925,GREEN,232,1,-120,-2.0,0,4,2074.5,2117.5,0.0,43.0,112,True,0,180.0
cluster_925,GREEN,GREEN,0,-120,-2.0,0,45,187.0,982.0,0.0,795.0,60,True,0,180.0
cluster_925,GREEN,GREEN,1,-120,-2.0,0,47,850.0,970.0,0.0,120.0,60,True,0,180.0
cluster_926,233,GREEN,0,-120,-2.0,2,0,693.0,655.0,38.0,0.0,64,True,0,180.0
cluster_926,GREEN,233,0,-120,-2.0,9,0,2501.5,2269.5,232.0,0.0,117,True,0,180.0
cluster_926,GREEN,233,1,-120,-2.0,0,2,2288.0,2404.0,0.0,116.0,116,True,0,180.0
cluster_926,GREEN,GREEN,0,-120,-2.0,0,1,424.5,326.5,98.0,0.0,59,True,0,180.0
cluster_926,GREEN,GREEN,1,-120,-2.0,1,0,623.0,721.0,0.0,98.0,59,True,0,180.0
cluster_927,GREEN,GREEN,0,-120,-2.0,0,1,669.5,601.5,68.0,0.0,59,True,0,180.0
cluster_927,GREEN,GREEN,1,-120,-2.0,1,0,376.5,469.5,0.0,93.0,59,True,0,180.0
cluster_928,005,GREEN,0,-120,-2.0,23,0,1725.5,1431.5,294.0,0.0,147,True,0,180.0
cluster_928,103,GREEN,0,-120,-2.0,0,9,988.5,1010.5,0.0,22.0,89,True,0,180.0
cluster_928,207,GREEN,0,-120,-2.0,0,8,1029.0,1097.0,0.0,68.0,106,True,0,180.0
cluster_928,GREEN,005,0,-120,-2.0,17,0,872.5,733.5,139.0,0.0,116,True,0,180.0
cluster_928,GREEN,005,1,-120,-2.0,0,8,915.5,936.5,0.0,21.0,116,True,0,180.0
cluster_928,GREEN,103,0,-120,-2.0,0,8,1547.5,1607.5,0.0,60.0,110,True,0,180.0
cluster_928,GREEN,103,1,-120,-2.0,0,1,1395.5,1505.5,0.0,110.0,111,True,0,180.0
cluster_928,GREEN,207,0,-120,-2.0,0,4,2213.3,2323.3,0.0,110.0,109,True,0,180.0
cluster_928,GREEN,207,1,-120,-2.0,0,3,2339.1,2441.1,0.0,102.0,110,True,0,180.0
cluster_928,GREEN,GREEN,0,-120,-2.0,0,2,877.0,815.0,62.0,0.0,56,True,0,180.0
cluster_928,GREEN,GREEN,1,-120,-2.0,48,0,1077.5,207.5,870.0,0.0,55,True,0,180.0
cluster_928,GREEN,ORANGE,0,-120,-2.0,0,0,1526.5,1640.5,0.0,114.0,116,True,0,180.0
cluster_928,GREEN,ORANGE,1,-120,-2.0,0,1,1363.0,1481.0,0.0,118.0,114,True,0,180.0
cluster_928,ORANGE,GREEN,0,-120,-2.0,0,1,458.0,252.5,205.5,0.0,114,True,0,180.0
cluster_929,306,GREEN,0,-120,-2.0,0,0,506.0,462.0,44.0,0.0,42,True,0,180.0
cluster_929,GREEN,306,0,-120,-2.0,0,0,4004.5,3954.5,50.0,0.0,79,True,0,180.0
cluster_929,GREEN,306,1,-120,-2.0,0,0,3804.5,3882.5,0.0,78.0,78,True,0,180.0
cluster_929,GREEN,GREEN,0,-120,-2.0,0,0,351.0,249.0,102.0,0.0,56,True,0,180.0
cluster_929,GREEN,GREEN,1,-120,-2.0,0,1,608.0,720.0,0.0,112.0,56,True,0,180.0
cluster_929,GREEN,ORANGE,0,-120,-2.0,0,0,1002.5,1116.5,0.0,114.0,116,True,0,180.0
cluster_929,GREEN,ORANGE,1,-120,-2.0,0,0,922.0,1040.0,0.0,118.0,114,True,0,180.0
cluster_929,ORANGE,GREEN,0,-120,-2.0,0,0,910.0,682.0,228.0,0.0,114,True,0,180.0
cluster_107,207,GREEN,0,60,1.0,0,4,4010.5,3947.5,63.0,0.0,337,True,0,390.0
cluster_107,213,GREEN,0,60,1.0,0,15,3692.7,3896.7,0.0,204.0,384,True,0,390.0
cluster_107,GREEN,207,0,60,1.0,0,0,2346.1,2351.6,0.0,5.4,109,True,0,390.0
cluster_107,GREEN,207,1,60,1.0,0,1,2218.3,2196.8,21.6,0.0,110,True,0,390.0
cluster_107,GREEN,213,0,60,1.0,0,0,1723.6,1682.4,41.2,0.0,112,True,0,390.0
cluster_107,GREEN,213,1,60,1.0,0,1,2092.3,2118.5,0.0,26.2,114,True,0,390.0
cluster_107,GREEN,GREEN,0,60,1.0,0,3,460.5,515.5,0.0,55.0,55,True,0,390.0
cluster_107,GREEN,GREEN,1,60,1.0,0,0,565.0,511.0,54.0,0.0,54,True,0,390.0
cluster_107,GREEN,ORANGE,0,60,1.0,0,0,1041.5,984.5,57.0,0.0,115,True,0,390.0
cluster_107,GREEN,ORANGE,1,60,1.0,0,0,933.0,876.5,56.5,0.0,114,True,0,390.0
cluster_107,ORANGE,GREEN,0,60,1.0,0,1,918.0,1032.0,0.0,114.0,114,True,0,390.0
cluster_14,001,GREEN,0,60,1.0,0,15,7866.1,8141.1,0.0,275.0,961,True,0,390.0
cluster_14,009,GREEN,0,60,1.0,1,0,15252.8,15368.8,0.0,116.0,1740,True,0,390.0
cluster_14,018,GREEN,0,60,1.0,0,87,12861.9,13352.9,0.0,491.0,1093,True,0,390.0
cluster_14,023,GREEN,0,60,1.0,0,2,4333.2,4839.2,0.0,506.0,590,True,0,390.0
cluster_14,214,GREEN,0,60,1.0,0,9,2127.8,2235.3,0.0,107.5,294,True,0,390.0
cluster_14,249,GREEN,0,60,1.0,6,0,5896.8,5904.3,0.0,7.5,704,True,0,390.0
cluster_14,421,GREEN,0,60,1.0,0,24,1114.1,1240.1,0.0,126.0,126,True,0,390.0
cluster_14,GREEN,001,0,60,1.0,0,1,739.7,765.8,0.0,26.1,230,True,0,390.0
cluster_14,GREEN,001,1,60,1.0,0,1,888.6,879.5,9.1,0.0,231,True,0,390.0
cluster_14,GREEN,009,0,60,1.0,0,0,620.8,655.4,0.0,34.5,232,True,0,390.0
cluster_14,GREEN,009,1,60,1.0,0,0,628.5,636.1,0.0,7.6,228,True,0,390.0
cluster_14,GREEN,018,0,60,1.0,0,0,447.4,421.6,25.8,0.0,231,True,0,390.0
cluster_14,GREEN,018,1,60,1.0,0,0,451.1,447.5,3.6,0.0,232,True,0,390.0
cluster_14,GREEN,023,0,60,1.0,11,0,2875.4,2761.5,113.9,0.0,235,True,0,390.0
cluster_14,GREEN,023,1,60,1.0,0,0,787.1,698.7,88.5,0.0,234,True,0,390.0
cluster_14,GREEN,214,0,60,1.0,11,0,4107.6,4152.0,0.0,44.4,229,True,0,390.0
cluster_14,GREEN,214,1,60,1.0,0,3,3377.2,3383.3,0.0,6.2,223,True,0,390.0
cluster_14,GREEN,249,0,60,1.0,0,0,2908.4,2815.6,92.8,0.0,224,True,0,390.0
cluster_14,GREEN,249,1,60,1.0,0,14,2991.0,3425.6,0.0,434.5,222,True,0,390.0
cluster_14,GREEN,421,0,60,1.0,0,0,6593.0,6512.0,81.0,0.0,163,True,0,390.0
cluster_14,GREEN,421,1,60,1.0,0,0,6444.8,6392.5,52.3,0.0,164,True,0,390.0
cluster_14,GREEN,BLUE,0,60,1.0,0,1,5.5,31.5,0.0,26.0,5,True,0,390.0
cluster_14,GREEN,GREEN,0,60,1.0,0,0,1033.0,1147.0,0.0,114.0,116,True,0,390.0
cluster_14,GREEN,GREEN,1,60,1.0,0,48,937.5,1691.0,0.0,753.5,114,True,0,390.0
cluster_14,GREEN,ORANGE,0,60,1.0,0,0,254.0,248.0,6.0,0.0,18,True,0,390.0
cluster_14,GREEN,ORANGE,1,60,1.0,0,0,326.5,318.5,8.0,0.0,14,True,0,390.0
cluster_14,ORANGE,GREEN,0,60,1.0,0,0,121.0,133.0,0.0,12.0,12,True,0,390.0
cluster_168,020,GREEN,0,60,1.0,0,22,7668.5,7726.5,0.0,58.0,762,True,0,390.0
cluster_168,213,GREEN,0,60,1.0,2,0,1195.9,1187.9,8.0,0.0,132,True,0,390.0
cluster_168,233,GREEN,0,60,1.0,23,0,4882.4,4378.9,503.5,0.0,424,True,0,390.0
cluster_168,GREEN,020,0,60,1.0,0,0,1110.0,1050.5,59.5,0.0,115,True,0,390.0
cluster_168,GREEN,020,1,60,1.0,0,4,664.7,696.6,0.0,31.9,120,True,0,390.0
cluster_168,GREEN,213,0,60,1.0,0,2,2108.1,2168.0,0.0,59.9,114,True,0,390.0
cluster_168,GREEN,213,1,60,1.0,3,0,2472.5,2412.5,60.0,0.0,117,True,0,390.0
cluster_168,GREEN,233,0,60,1.0,0,0,2515.7,2456.7,59.0,0.0,116,True,0,390.0
cluster_168,GREEN,233,1,60,1.0,0,0,1570.5,1580.0,0.0,9.5,117,True,0,390.0
cluster_168,GREEN,GREEN,0,60,1.0,0,0,137.0,196.0,0.0,59.0,59,True,0,390.0
cluster_168,GREEN,GREEN,1,60,1.0,0,0,894.0,835.0,59.0,0.0,59,True,0,390.0
cluster_168,GREEN,ORANGE,0,60,1.0,0,0,1618.5,1556.5,62.0,0.0,121,True,0,390.0
cluster_168,GREEN,ORANGE,1,60,1.0,0,0,1356.5,1293.5,63.0,0.0,120,True,0,390.0
cluster_168,ORANGE,GREEN,0,60,1.0,0,0,817.0,942.0,0.0,125.0,125,True,0,390.0
cluster_225,218,GREEN,0,60,1.0,0,3,735.0,784.0,0.0,49.0,69,True,0,390.0
cluster_225,220,GREEN,0,60,1.0,47,0,2769.5,2084.5,685.0,0.0,325,True,0,390.0
cluster_225,GREEN,218,0,60,1.0,0,0,2169.5,2111.5,58.0,0.0,116,True,0,390.0
cluster_225,GREEN,218,1,60,1.0,0,8,2107.0,2352.0,0.0,245.0,118,True,0,390.0
cluster_225,GREEN,220,0,60,1.0,0,0,2195.0,2138.0,57.0,0.0,114,True,0,390.0
cluster_225,GREEN,220,1,60,1.0,0,0,1962.3,1907.3,55.0,0.0,111,True,0,390.0
cluster_225,GREEN,GREEN,0,60,1.0,0,0,568.0,627.0,0.0,59.0,59,True,0,390.0
cluster_225,GREEN,GREEN,1,60,1.0,1,0,483.5,425.5,58.0,0.0,58,True,0,390.0
cluster_23,001,GREEN,0,60,1.0,25,0,21680.2,20940.9,739.3,0.0,2047,True,0,390.0
cluster_23,023,GREEN,0,60,1.0,4,0,8400.0,9161.0,0.0,761.0,936,True,0,390.0
cluster_23,057,GREEN,0,60,1.0,2,0,4824.1,4972.6,0.0,148.5,451,True,0,390.0
cluster_23,101,GREEN,0,60,1.0,0,0,4193.2,4008.7,184.5,0.0,373,True,0,390.0
cluster_23,122,GREEN,0,60,1.0,55,0,4387.7,3469.2,918.5,0.0,389,True,0,390.0
cluster_23,213,GREEN,0,60,1.0,15,0,2651.7,2545.7,106.0,0.0,254,True,0,390.0
cluster_23,219,GREEN,0,60,1.0,23,0,2977.0,2654.5,322.5,0.0,270,True,0,390.0
cluster_23,230,GREEN,0,60,1.0,2,0,5025.6,5209.6,0.0,184.0,504,True,0,390.0
cluster_23,306,GREEN,0,60,1.0,0,19,511.0,553.0,0.0,42.0,42,True,0,390.0
cluster_23,422,GREEN,0,60,1.0,0,0,2980.0,3260.0,0.0,280.0,280,True,0,390.0
cluster_23,423,GREEN,0,60,1.0,0,0,449.0,503.0,0.0,54.0,54,True,0,390.0
cluster_23,GREEN,001,0,60,1.0,0,0,363.9,320.9,42.9,0.0,114,True,0,390.0
cluster_23,GREEN,001,1,60,1.0,0,3,284.7,356.6,0.0,71.9,115,True,0,390.0
cluster_23,GREEN,023,0,60,1.0,0,0,735.2,676.2,59.0,0.0,117,True,0,390.0
cluster_23,GREEN,023,1,60,1.0,2,0,692.4,635.4,57.0,0.0,115,True,0,390.0
cluster_23,GREEN,057,0,60,1.0,0,1,829.1,791.5,37.6,0.0,116,True,0,390.0
cluster_23,GREEN,057,1,60,1.0,0,0,743.0,685.0,58.0,0.0,115,True,0,390.0
cluster_23,GREEN,101,0,60,1.0,4,0,1175.0,1130.7,44.2,0.0,116,True,0,390.0
cluster_23,GREEN,101,1,60,1.0,10,0,1330.0,1273.0,57.0,0.0,111,True,0,390.0
cluster_23,GREEN,122,0,60,1.0,14,0,950.3,891.3,59.0,0.0,117,True,0,390.0
cluster_23,GREEN,213,0,60,1.0,5,0,1733.6,1677.6,56.0,0.0,112,True,0,390.0
cluster_23,GREEN,213,1,60,1.0,0,3,2239.1,2281.0,0.0,41.9,115,True,0,390.0
cluster_23,GREEN,219,0,60,1.0,12,0,2966.5,2908.5,58.0,0.0,114,True,0,390.0
cluster_23,GREEN,219,1,60,1.0,0,3,2132.5,2153.1,0.0,20.6,113,True,0,390.0
cluster_23,GREEN,230,0,60,1.0,0,0,1474.5,1478.1,0.0,3.7,113,True,0,390.0
cluster_23,GREEN,230,1,60,1.0,0,1,1558.0,1526.0,32.0,0.0,111,True,0,390.0
cluster_23,GREEN,306,0,60,1.0,1,0,4071.0,4061.0,10.0,0.0,79,True,0,390.0
cluster_23,GREEN,306,1,60,1.0,0,0,4143.5,4104.5,39.0,0.0,78,True,0,390.0
cluster_23,GREEN,422,0,60,1.0,0,0,59.5,98.5,0.0,39.0,79,True,0,390.0
cluster_23,GREEN,423,0,60,1.0,0,13,641.0,913.0,0.0,272.0,80,True,0,390.0
cluster_23,GREEN,GREEN,0,60,1.0,0,0,81.0,137.0,0.0,56.0,56,True,0,390.0
cluster_23,GREEN,GREEN,1,60,1.0,0,1,857.5,832.0,25.5,0.0,55,True,0,390.0
cluster_23,GREEN,ORANGE,0,60,1.0,0,0,1712.5,1655.5,57.0,0.0,116,True,0,390.0
cluster_23,GREEN,ORANGE,1,60,1.0,0,0,1217.0,1158.0,59.0,0.0,114,True,0,390.0
cluster_23,GREEN,TRE,0,60,1.0,0,0,1962.0,1910.0,52.0,0.0,104,True,0,390.0
cluster_23,GREEN,TRE,1,60,1.0,0,0,2527.0,2472.0,55.0,0.0,109,True,0,390.0
cluster_23,ORANGE,GREEN,0,60,1.0,0,0,690.0,804.0,0.0,114.0,114,True,0,390.0
cluster_23,TRE,GREEN,0,60,1.0,0,18,709.5,767.5,0.0,58.0,58,True,0,390.0
cluster_25,001,GREEN,0,60,1.0,11,0,4734.1,4655.1,79.0,0.0,441,True,0,390.0
cluster_25,013,GREEN,0,60,1.0,47,0,1910.0,1064.0,846.0,0.0,114,True,0,390.0
cluster_25,023,GREEN,0,60,1.0,0,0,736.0,854.0,0.0,118.0,118,True,0,390.0
cluster_25,104,GREEN,0,60,1.0,5,0,5380.5,5483.9,0.0,103.4,590,True,0,390.0
cluster_25,216,GREEN,0,60,1.0,0,3,508.5,563.5,0.0,55.0,55,True,0,390.0
cluster_25,GREEN,001,0,60,1.0,3,0,981.6,930.8,50.8,0.0,116,True,0,390.0
cluster_25,GREEN,001,1,60,1.0,3,0,800.3,748.2,52.1,0.0,116,True,0,390.0
cluster_25,GREEN,013,0,60,1.0,0,0,1680.5,1622.5,58.0,0.0,114,True,0,390.0
cluster_25,GREEN,013,1,60,1.0,15,0,1105.0,1066.0,39.0,0.0,113,True,0,390.0
cluster_25,GREEN,023,0,60,1.0,0,0,1567.5,1509.5,58.0,0.0,118,True,0,390.0
cluster_25,GREEN,023,1,60,1.0,0,0,803.5,745.5,58.0,0.0,116,True,0,390.0
cluster_25,GREEN,104,0,60,1.0,5,0,1269.6,1304.0,0.0,34.4,113,True,0,390.0
cluster_25,GREEN,104,1,60,1.0,1,0,1167.3,1110.3,57.0,0.0,114,True,0,390.0
cluster_25,GREEN,216,0,60,1.0,0,0,2634.5,2578.5,56.0,0.0,111,True,0,390.0
cluster_25,GREEN,216,1,60,1.0,1,0,2739.0,2682.0,57.0,0.0,115,True,0,390.0
cluster_25,GREEN,GREEN,0,60,1.0,1,0,804.5,842.5,0.0,38.0,58,True,0,390.0
cluster_25,GREEN,GREEN,1,60,1.0,0,0,218.5,160.5,58.0,0.0,58,True,0,390.0
cluster_29,018,GREEN,0,60,1.0,0,0,3623.8,3907.8,0.0,284.0,344,True,0,390.0
cluster_29,023,GREEN,0,60,1.0,0,3,1677.5,1959.0,0.0,281.5,354,True,0,390.0
cluster_29,214,GREEN,0,60,1.0,0,13,4510.6,4891.6,0.0,381.0,421,True,0,390.0
cluster_29,GREEN,018,0,60,1.0,0,0,882.2,825.0,57.2,0.0,116,True,0,390.0
cluster_29,GREEN,018,1,60,1.0,0,0,923.2,871.3,51.9,0.0,116,True,0,390.0
cluster_29,GREEN,023,0,60,1.0,0,2,936.6,914.5,22.1,0.0,119,True,0,390.0
cluster_29,GREEN,023,1,60,1.0,0,4,929.3,989.7,0.0,60.3,117,True,0,390.0
cluster_29,GREEN,214,0,60,1.0,0,0,1741.2,1688.3,52.9,0.0,115,True,0,390.0
cluster_29,GREEN,214,1,60,1.0,0,0,1808.5,1755.0,53.5,0.0,113,True,0,390.0
cluster_29,GREEN,BLUE,0,60,1.0,0,1,23.0,50.0,0.0,27.0,2,True,0,390.0
cluster_29,GREEN,GREEN,0,60,1.0,0,0,606.5,664.5,0.0,58.0,58,True,0,390.0
cluster_29,GREEN,GREEN,1,60,1.0,4,0,518.5,460.5,58.0,0.0,58,True,0,390.0
cluster_29,GREEN,ORANGE,0,60,1.0,0,0,155.5,152.5,3.0,0.0,8,True,0,390.0
cluster_29,GREEN,ORANGE,1,60,1.0,0,0,131.0,127.0,4.0,0.0,7,True,0,390.0
cluster_29,ORANGE,GREEN,0,60,1.0,0,0,96.5,102.5,0.0,6.0,6,True,0,390.0
cluster_303,030,GREEN,0,60,1.0,100,0,6588.7,4168.2,2420.5,0.0,532,True,0,390.0
cluster_303,218,GREEN,0,60,1.0,13,0,9590.1,9674.6,0.0,84.5,917,True,0,390.0
cluster_303,GREEN,030,0,60,1.0,21,0,1752.5,1694.5,58.0,0.0,116,True,0,390.0
cluster_303,GREEN,030,1,60,1.0,0,1,1146.6,1104.1,42.5,0.0,118,True,0,390.0
cluster_303,GREEN,218,0,60,1.0,0,3,1175.0,1223.2,0.0,48.2,117,True,0,390.0
cluster_303,GREEN,218,1,60,1.0,6,0,1682.8,1763.5,0.0,80.7,117,True,0,390.0
cluster_303,GREEN,GREEN,0,60,1.0,51,0,1097.0,96.0,1001.0,0.0,59,True,0,390.0
cluster_303,GREEN,GREEN,1,60,1.0,0,0,982.0,923.0,59.0,0.0,59,True,0,390.0
cluster_357,015,GREEN,0,60,1.0,19,0,2071.3,1807.3,264.0,0.0,236,True,0,390.0
cluster_357,038,GREEN,0,60,1.0,0,4,1225.0,1341.0,0.0,116.0,116,True,0,390.0
cluster_357,GREEN,015,0,60,1.0,0,0,1222.7,1163.7,59.0,0.0,118,True,0,390.0
cluster_357,GREEN,015,1,60,1.0,11,0,1029.1,1018.7,10.3,0.0,118,True,0,390.0
cluster_357,GREEN,038,0,60,1.0,0,4,745.0,768.0,0.0,23.0,117,True,0,390.0
cluster_357,GREEN,038,1,60,1.0,0,1,1347.0,1313.0,34.0,0.0,118,True,0,390.0
cluster_357,GREEN,GREEN,0,60,1.0,0,0,509.0,568.0,0.0,59.0,59,True,0,390.0
cluster_357,GREEN,GREEN,1,60,1.0,0,0,537.0,478.0,59.0,0.0,59,True,0,390.0
cluster_38,013,GREEN,0,60,1.0,0,3,9222.0,10003.0,0.0,781.0,871,True,0,390.0
cluster_38,216,GREEN,0,60,1.0,0,15,8968.0,8999.0,0.0,31.0,851,True,0,390.0
cluster_38,GREEN,013,0,60,1.0,0,3,636.4,634.5,1.8,0.0,115,True,0,390.0
cluster_38,GREEN,013,1,60,1.0,0,1,745.9,705.7,40.2,0.0,115,True,0,390.0
cluster_38,GREEN,216,0,60,1.0,0,0,1577.6,1540.3,37.3,0.0,112,True,0,390.0
cluster_38,GREEN,216,1,60,1.0,6,0,1909.3,1959.9,0.0,50.7,116,True,0,390.0
cluster_38,GREEN,GREEN,0,60,1.0,0,0,190.5,248.5,0.0,58.0,58,True,0,390.0
cluster_38,GREEN,GREEN,1,60,1.0,0,0,802.5,744.5,58.0,0.0,58,True,0,390.0
cluster_456,227,GREEN,0,60,1.0,0,10,1897.6,1976.6,0.0,79.0,165,True,0,390.0
cluster_456,233,GREEN,0,60,1.0,0,2,1539.8,1675.8,0.0,136.0,158,True,0,390.0
cluster_456,GREEN,227,0,60,1.0,0,0,1891.6,1832.6,59.0,0.0,118,True,0,390.0
cluster_456,GREEN,227,1,60,1.0,0,1,1698.7,1677.6,21.0,0.0,116,True,0,390.0
cluster_456,GREEN,233,0,60,1.0,0,1,2117.1,2102.4,14.7,0.0,116,True,0,390.0
cluster_456,GREEN,233,1,60,1.0,0,5,1834.0,2122.3,0.0,288.4,117,True,0,390.0
cluster_456,GREEN,GREEN,0,60,1.0,0,0,1082.0,1142.0,0.0,60.0,60,True,0,390.0
cluster_456,GREEN,GREEN,1,60,1.0,49,0,1019.0,989.5,29.5,0.0,60,True,0,390.0
cluster_827,229,GREEN,0,60,1.0,8,0,2399.9,2318.9,81.0,0.0,231,True,0,390.0
cluster_827,GREEN,229,0,60,1.0,0,1,1999.5,1994.0,5.5,0.0,117,True,0,390.0
cluster_827,GREEN,229,1,60,1.0,0,0,1880.1,1904.3,0.0,24.2,114,True,0,390.0
cluster_827,GREEN,GREEN,0,60,1.0,0,1,617.0,677.0,0.0,60.0,60,True,0,390.0
cluster_827,GREEN,GREEN,1,60,1.0,0,0,494.5,454.5,40.0,0.0,60,True,0,390.0
cluster_827,GREEN,SILVER,0,60,1.0,0,0,2646.0,2588.0,58.0,0.0,116,True,0,390.0
cluster_827,GREEN,SILVER,1,60,1.0,0,0,3046.5,2989.5,57.0,0.0,115,True,0,390.0
cluster_827,SILVER,GREEN,0,60,1.0,0,0,561.5,620.5,0.0,59.0,59,True,0,390.0
cluster_876,GREEN,GREEN,0,60,1.0,0,0,687.0,743.0,0.0,56.0,56,True,0,390.0
cluster_876,GREEN,GREEN,1,60,1.0,0,0,272.0,216.0,56.0,0.0,56,True,0,390.0
cluster_876,GREEN,ORANGE,0,60,1.0,0,0,1291.5,1234.5,57.0,0.0,116,True,0,390.0
cluster_876,GREEN,ORANGE,1,60,1.0,52,0,1650.5,1592.5,58.0,0.0,113,True,0,390.0
cluster_876,GREEN,TRE,0,60,1.0,0,0,2235.5,2183.5,52.0,0.0,103,True,0,390.0
cluster_876,GREEN,TRE,1,60,1.0,0,0,2763.5,2708.5,55.0,0.0,109,True,0,390.0
cluster_876,ORANGE,GREEN,0,60,1.0,0,0,1238.0,1352.0,0.0,114.0,114,True,0,390.0
cluster_876,TRE,GREEN,0,60,1.0,0,0,630.5,688.5,0.0,58.0,58,True,0,390.0
cluster_9,001,GREEN,0,60,1.0,10,0,6452.4,6545.4,0.0,93.0,1177,True,0,390.0
cluster_9,003,GREEN,0,60,1.0,21,0,9725.8,9584.2,141.6,0.0,1887,True,0,390.0
cluster_9,009,GREEN,0,60,1.0,24,0,5630.4,5458.9,171.5,0.0,1167,True,0,390.0
cluster_9,013,GREEN,0,60,1.0,0,76,9408.7,9715.2,0.0,306.5,1207,True,0,390.0
cluster_9,016,GREEN,0,60,1.0,8,0,2909.4,3230.9,0.0,321.5,696,True,0,390.0
cluster_9,018,GREEN,0,60,1.0,59,0,5105.5,4195.5,910.0,0.0,627,True,0,390.0
cluster_9,102,GREEN,0,60,1.0,0,15,3808.8,4000.9,0.0,192.2,776,True,0,390.0
cluster_9,103,GREEN,0,60,1.0,0,13,2248.9,2384.4,0.0,135.5,540,True,0,390.0
cluster_9,106,GREEN,0,60,1.0,0,16,3806.7,4041.2,0.0,234.5,1012,True,0,390.0
cluster_9,109,GREEN,0,60,1.0,0,2,4440.1,4239.4,200.7,0.0,783,True,0,390.0
cluster_9,128,GREEN,0,60,1.0,0,60,6241.0,6328.5,0.0,87.5,1003,True,0,390.0
cluster_9,145,GREEN,0,60,1.0,0,24,4337.6,4308.9,28.7,0.0,830,True,0,390.0
cluster_9,147,GREEN,0,60,1.0,7,0,3792.7,3731.2,61.5,0.0,819,True,0,390.0
cluster_9,205,GREEN,0,60,1.0,14,0,2053.5,1814.5,239.0,0.0,374,True,0,390.0
cluster_9,207,GREEN,0,60,1.0,0,16,3742.0,3906.0,0.0,164.0,729,True,0,390.0
cluster_9,214,GREEN,0,60,1.0,3,0,3602.6,3710.1,0.0,107.5,638,True,0,390.0
cluster_9,224,GREEN,0,60,1.0,0,12,2089.9,2163.9,0.0,74.0,447,True,0,390.0
cluster_9,230,GREEN,0,60,1.0,0,0,2410.2,2443.7,0.0,33.5,543,True,0,390.0
cluster_9,237,GREEN,0,60,1.0,0,28,4008.8,4169.8,0.0,161.0,690,True,0,390.0
cluster_9,239,GREEN,0,60,1.0,0,29,3672.4,3730.5,0.0,58.0,530,True,0,390.0
cluster_9,249,GREEN,0,60,1.0,0,14,1819.4,1904.4,0.0,85.0,384,True,0,390.0
cluster_9,306,GREEN,0,60,1.0,0,32,4625.3,4528.3,97.0,0.0,668,True,0,390.0
cluster_9,308,GREEN,0,60,1.0,1,0,5142.6,5340.1,0.0,197.5,1046,True,0,390.0
cluster_9,421,GREEN,0,60,1.0,0,0,211.0,253.0,0.0,42.0,42,True,0,390.0
cluster_9,425,GREEN,0,60,1.0,0,1,5200.8,5080.2,120.5,0.0,1032,True,0,390.0
cluster_9,620,GREEN,0,60,1.0,0,0,458.0,460.0,0.0,2.0,110,True,0,390.0
cluster_9,BLUE,GREEN,0,60,1.0,53,0,3714.0,3346.0,368.0,0.0,584,True,0,390.0
cluster_9,GREEN,001,0,60,1.0,1,0,1483.7,1418.9,64.8,0.0,456,True,0,390.0
cluster_9,GREEN,001,1,60,1.0,0,0,1307.0,1273.8,33.3,0.0,467,True,0,390.0
cluster_9,GREEN,003,0,60,1.0,0,0,973.6,915.2,58.4,0.0,468,True,0,390.0
cluster_9,GREEN,003,1,60,1.0,0,2,720.2,760.6,0.0,40.4,461,True,0,390.0
cluster_9,GREEN,009,0,60,1.0,3,0,1825.8,1743.0,82.8,0.0,458,True,0,390.0
cluster_9,GREEN,009,1,60,1.0,0,1,2194.3,2130.8,63.5,0.0,456,True,0,390.0
cluster_9,GREEN,013,0,60,1.0,0,0,2855.6,2653.1,202.5,0.0,461,True,0,390.0
cluster_9,GREEN,013,1,60,1.0,0,0,1244.6,1219.9,24.7,0.0,460,True,0,390.0
cluster_9,GREEN,016,0,60,1.0,15,0,2813.2,2650.4,162.8,0.0,462,True,0,390.0
cluster_9,GREEN,016,1,60,1.0,1,0,2894.6,2671.7,222.8,0.0,454,True,0,390.0
cluster_9,GREEN,018,0,60,1.0,0,14,1660.7,1893.9,0.0,233.2,462,True,0,390.0
cluster_9,GREEN,018,1,60,1.0,0,14,2103.9,2167.6,0.0,63.7,463,True,0,390.0
cluster_9,GREEN,102,0,60,1.0,0,9,3651.7,3676.0,0.0,24.2,452,True,0,390.0
cluster_9,GREEN,102,1,60,1.0,0,1,3676.8,3509.3,167.5,0.0,455,True,0,390.0
cluster_9,GREEN,103,0,60,1.0,8,0,3495.7,3333.6,162.1,0.0,445,True,0,390.0
cluster_9,GREEN,103,1,60,1.0,15,0,3360.1,3226.2,133.9,0.0,448,True,0,390.0
cluster_9,GREEN,106,0,60,1.0,0,3,3825.3,3854.2,0.0,28.9,464,True,0,390.0
cluster_9,GREEN,106,1,60,1.0,0,0,3451.0,3572.1,0.0,121.1,460,True,0,390.0
cluster_9,GREEN,109,0,60,1.0,0,0,3353.0,3375.1,0.0,22.1,464,True,0,390.0
cluster_9,GREEN,109,1,60,1.0,0,9,3858.0,3961.3,0.0,103.2,455,True,0,390.0
cluster_9,GREEN,128,0,60,1.0,13,0,3783.2,3705.4,77.8,0.0,467,True,0,390.0
cluster_9,GREEN,128,1,60,1.0,1,0,4013.2,3914.6,98.6,0.0,461,True,0,390.0
cluster_9,GREEN,145,0,60,1.0,0,11,3365.0,3446.1,0.0,81.1,464,True,0,390.0
cluster_9,GREEN,145,1,60,1.0,14,0,3664.7,3721.7,0.0,57.0,455,True,0,390.0
cluster_9,GREEN,147,0,60,1.0,9,0,2977.4,3046.2,0.0,68.7,464,True,0,390.0
cluster_9,GREEN,147,1,60,1.0,12,0,2981.4,2958.8,22.6,0.0,453,True,0,390.0
cluster_9,GREEN,205,0,60,1.0,13,0,6757.6,6609.2,148.4,0.0,464,True,0,390.0
cluster_9,GREEN,205,1,60,1.0,0,8,6168.2,6318.1,0.0,149.9,458,True,0,390.0
cluster_9,GREEN,207,0,60,1.0,2,0,6223.6,6220.9,2.7,0.0,445,True,0,390.0
cluster_9,GREEN,207,1,60,1.0,0,10,8347.9,8513.6,0.0,165.8,445,True,0,390.0
cluster_9,GREEN,214,0,60,1.0,5,0,4931.1,4753.2,177.9,0.0,459,True,0,390.0
cluster_9,GREEN,214,1,60,1.0,2,0,5860.8,5701.2,159.6,0.0,449,True,0,390.0
cluster_9,GREEN,224,0,60,1.0,8,0,3130.3,3080.1,50.2,0.0,459,True,0,390.0
cluster_9,GREEN,224,1,60,1.0,1,0,8896.5,8736.5,160.0,0.0,440,True,0,390.0
cluster_9,GREEN,230,0,60,1.0,7,0,5037.1,4958.1,79.0,0.0,455,True,0,390.0
cluster_9,GREEN,230,1,60,1.0,0,5,5557.7,5648.1,0.0,90.4,448,True,0,390.0
cluster_9,GREEN,237,0,60,1.0,0,0,5584.3,5544.7,39.6,0.0,444,True,0,390.0
cluster_9,GREEN,237,1,60,1.0,3,0,4533.8,4415.1,118.8,0.0,444,True,0,390.0
cluster_9,GREEN,239,0,60,1.0,0,7,5537.2,5716.6,0.0,179.5,447,True,0,390.0
cluster_9,GREEN,239,1,60,1.0,0,11,6329.4,6628.4,0.0,299.0,441,True,0,390.0
cluster_9,GREEN,249,0,60,1.0,8,0,6588.0,6389.8,198.2,0.0,444,True,0,390.0
cluster_9,GREEN,249,1,60,1.0,0,14,5540.5,5933.2,0.0,392.7,445,True,0,390.0
cluster_9,GREEN,306,0,60,1.0,0,5,14331.9,14302.6,29.3,0.0,320,True,0,390.0
cluster_9,GREEN,306,1,60,1.0,0,0,13904.3,13865.0,39.3,0.0,319,True,0,390.0
cluster_9,GREEN,308,0,60,1.0,0,1,22167.8,22431.3,0.0,263.5,329,True,0,390.0
cluster_9,GREEN,308,1,60,1.0,0,0,16847.6,16771.2,76.5,0.0,348,True,0,390.0
cluster_9,GREEN,421,0,60,1.0,0,11,14450.0,14830.0,0.0,380.0,322,True,0,390.0
cluster_9,GREEN,421,1,60,1.0,0,11,14574.0,14954.0,0.0,380.0,323,True,0,390.0
cluster_9,GREEN,425,0,60,1.0,11,0,1129.5,1106.2,23.3,0.0,336,True,0,390.0
cluster_9,GREEN,425,1,60,1.0,0,0,654.1,720.7,0.0,66.6,353,True,0,390.0
cluster_9,GREEN,620,0,60,1.0,51,0,4058.5,3846.5,212.0,0.0,428,True,0,390.0
cluster_9,GREEN,620,1,60,1.0,1,0,4054.0,3846.0,208.0,0.0,424,True,0,390.0
cluster_9,GREEN,BLUE,0,60,1.0,0,0,2547.5,2350.5,197.0,0.0,476,True,0,390.0
cluster_9,GREEN,BLUE,1,60,1.0,0,0,1220.0,1011.0,209.0,0.0,467,True,0,390.0
cluster_9,GREEN,GREEN,0,60,1.0,0,0,484.5,707.5,0.0,223.0,228,True,0,390.0
cluster_9,GREEN,GREEN,1,60,1.0,49,0,1933.5,1775.5,158.0,0.0,228,True,0,390.0
cluster_9,GREEN,ORANGE,0,60,1.0,53,0,2726.5,2498.5,228.0,0.0,467,True,0,390.0
cluster_9,GREEN,ORANGE,1,60,1.0,0,3,2514.0,2557.0,0.0,43.0,452,True,0,390.0
cluster_9,GREEN,RED,0,60,1.0,2,0,1479.0,1402.0,77.0,0.0,464,True,0,390.0
cluster_9,GREEN,RED,1,60,1.0,0,2,1741.0,2235.0,0.0,494.0,464,True,0,390.0
cluster_9,GREEN,TRE,0,60,1.0,0,18,8714.0,9284.0,0.0,570.0,415,True,0,390.0
cluster_9,GREEN,TRE,1,60,1.0,0,18,9227.0,9813.5,0.0,586.5,441,True,0,390.0
cluster_9,ORANGE,GREEN,0,60,1.0,0,50,2338.0,2630.0,0.0,292.0,455,True,0,390.0
cluster_9,RED,GREEN,0,60,1.0,95,0,3470.5,2558.0,912.5,0.0,565,True,0,390.0
cluster_9,TRE,GREEN,0,60,1.0,0,0,313.0,371.0,0.0,58.0,58,True,0,390.0
cluster_924,GREEN,GREEN,0,60,1.0,0,45,802.0,862.0,0.0,60.0,60,True,0,390.0
cluster_924,GREEN,GREEN,1,60,1.0,0,47,210.0,1090.0,0.0,880.0,60,True,0,390.0
cluster_925,232,GREEN,0,60,1.0,1,0,650.0,697.0,0.0,47.0,67,True,0,390.0
cluster_925,GREEN,232,0,60,1.0,0,0,2050.0,1993.0,57.0,0.0,113,True,0,390.0
cluster_925,GREEN,232,1,60,1.0,1,0,2074.5,2018.5,56.0,0.0,112,True,0,390.0
cluster_925,GREEN,GREEN,0,60,1.0,0,1,187.0,247.0,0.0,60.0,60,True,0,390.0
cluster_925,GREEN,GREEN,1,60,1.0,0,1,850.0,816.5,33.5,0.0,60,True,0,390.0
cluster_926,233,GREEN,0,60,1.0,0,9,693.0,757.0,0.0,64.0,64,True,0,390.0
cluster_926,GREEN,233,0,60,1.0,0,0,2501.5,2678.5,0.0,177.0,117,True,0,390.0
cluster_926,GREEN,233,1,60,1.0,1,0,2288.0,2230.0,58.0,0.0,116,True,0,390.0
cluster_926,GREEN,GREEN,0,60,1.0,0,1,424.5,483.5,0.0,59.0,59,True,0,390.0
cluster_926,GREEN,GREEN,1,60,1.0,0,0,623.0,564.0,59.0,0.0,59,True,0,390.0
cluster_927,GREEN,GREEN,0,60,1.0,0,1,669.5,728.5,0.0,59.0,59,True,0,390.0
cluster_927,GREEN,GREEN,1,60,1.0,1,0,376.5,317.5,59.0,0.0,59,True,0,390.0
cluster_928,005,GREEN,0,60,1.0,8,0,1725.5,1652.5,73.0,0.0,147,True,0,390.0
cluster_928,103,GREEN,0,60,1.0,10,0,988.5,857.5,131.0,0.0,89,True,0,390.0
cluster_928,207,GREEN,0,60,1.0,3,0,1029.0,1065.0,0.0,36.0,106,True,0,390.0
cluster_928,GREEN,005,0,60,1.0,0,0,872.5,814.5,58.0,0.0,116,True,0,390.0
cluster_928,GREEN,005,1,60,1.0,7,0,915.5,857.5,58.0,0.0,116,True,0,390.0
cluster_928,GREEN,103,0,60,1.0,0,19,1547.5,1903.5,0.0,356.0,110,True,0,390.0
cluster_928,GREEN,103,1,60,1.0,0,0,1395.5,1340.5,55.0,0.0,111,True,0,390.0
cluster_928,GREEN,207,0,60,1.0,2,0,2213.3,2158.3,55.0,0.0,109,True,0,390.0
cluster_928,GREEN,207,1,60,1.0,0,2,2339.1,2364.1,0.0,25.0,110,True,0,390.0
cluster_928,GREEN,GREEN,0,60,1.0,0,48,877.0,903.0,0.0,26.0,56,True,0,390.0
cluster_928,GREEN,GREEN,1,60,1.0,0,0,1077.5,1022.5,55.0,0.0,55,True,0,390.0
cluster_928,GREEN,ORANGE,0,60,1.0,0,0,1526.5,1469.5,57.0,0.0,116,True,0,390.0
cluster_928,GREEN,ORANGE,1,60,1.0,0,0,1363.0,1304.0,59.0,0.0,114,True,0,390.0
cluster_928,ORANGE,GREEN,0,60,1.0,0,0,458.0,572.0,0.0,114.0,114,True,0,390.0
cluster_929,306,GREEN,0,60,1.0,0,0,506.0,548.0,0.0,42.0,42,True,0,390.0
cluster_929,GREEN,306,0,60,1.0,0,0,4004.5,3964.5,40.0,0.0,79,True,0,390.0
cluster_929,GREEN,306,1,60,1.0,0,0,3804.5,3765.5,39.0,0.0,78,True,0,390.0
cluster_929,GREEN,GREEN,0,60,1.0,0,0,351.0,407.0,0.0,56.0,56,True,0,390.0
cluster_929,GREEN,GREEN,1,60,1.0,0,0,608.0,552.0,56.0,0.0,56,True,0,390.0
cluster_929,GREEN,ORANGE,0,60,1.0,0,0,1002.5,945.5,57.0,0.0,116,True,0,390.0
cluster_929,GREEN,ORANGE,1,60,1.0,0,0,922.0,863.0,59.0,0.0,114,True,0,390.0
cluster_929,ORANGE,GREEN,0,60,1.0,0,0,910.0,1024.0,0.0,114.0,114,True,0,390.0
cluster_107,207,GREEN,0,120,2.0,0,0,4010.5,3922.0,88.5,0.0,337,True,0,330.0
cluster_107,213,GREEN,0,120,2.0,0,42,3692.7,4040.7,0.0,348.0,384,True,0,330.0
cluster_107,GREEN,207,0,120,2.0,5,0,2346.1,2339.5,6.7,0.0,109,True,0,330.0
cluster_107,GREEN,207,1,120,2.0,0,6,2218.3,2488.9,0.0,270.6,110,True,0,330.0
cluster_107,GREEN,213,0,120,2.0,0,0,1723.6,1641.4,82.2,0.0,112,True,0,330.0
cluster_107,GREEN,213,1,120,2.0,0,0,2092.3,2061.5,30.8,0.0,114,True,0,330.0
cluster_107,GREEN,GREEN,0,120,2.0,0,3,460.5,570.5,0.0,110.0,55,True,0,330.0
cluster_107,GREEN,GREEN,1,120,2.0,0,0,565.0,457.0,108.0,0.0,54,True,0,330.0
cluster_107,GREEN,ORANGE,0,120,2.0,0,0,1041.5,927.5,114.0,0.0,115,True,0,330.0
cluster_107,GREEN,ORANGE,1,120,2.0,0,0,933.0,817.5,115.5,0.0,114,True,0,330.0
cluster_107,ORANGE,GREEN,0,120,2.0,0,1,918.0,1146.0,0.0,228.0,114,True,0,330.0
cluster_14,001,GREEN,0,120,2.0,0,13,7866.1,8094.6,0.0,228.5,961,True,0,330.0
cluster_14,009,GREEN,0,120,2.0,0,6,15252.8,15159.6,93.2,0.0,1740,True,0,330.0
cluster_14,018,GREEN,0,120,2.0,0,126,12861.9,12779.9,82.0,0.0,1093,True,0,330.0
cluster_14,023,GREEN,0,120,2.0,0,42,4333.2,5407.2,0.0,1074.0,590,True,0,330.0
cluster_14,214,GREEN,0,120,2.0,0,17,2127.8,2364.8,0.0,237.0,294,True,0,330.0
cluster_14,249,GREEN,0,120,2.0,38,0,5896.8,5567.8,329.0,0.0,704,True,0,330.0
cluster_14,421,GREEN,0,120,2.0,0,24,1114.1,1366.1,0.0,252.0,126,True,0,330.0
cluster_14,GREEN,001,0,120,2.0,0,1,739.7,709.7,30.0,0.0,230,True,0,330.0
cluster_14,GREEN,001,1,120,2.0,0,1,888.6,884.5,4.1,0.0,231,True,0,330.0
cluster_14,GREEN,009,0,120,2.0,1,0,620.8,631.7,0.0,10.9,232,True,0,330.0
cluster_14,GREEN,009,1,120,2.0,2,0,628.5,617.8,10.7,0.0,228,True,0,330.0
cluster_14,GREEN,018,0,120,2.0,0,0,447.4,402.4,45.0,0.0,231,True,0,330.0
cluster_14,GREEN,018,1,120,2.0,0,1,451.1,466.1,0.0,15.0,232,True,0,330.0
cluster_14,GREEN,023,0,120,2.0,9,0,2875.4,2679.7,195.7,0.0,235,True,0,330.0
cluster_14,GREEN,023,1,120,2.0,0,0,787.1,625.1,162.0,0.0,234,True,0,330.0
cluster_14,GREEN,214,0,120,2.0,11,0,4107.6,4046.6,61.1,0.0,229,True,0,330.0
cluster_14,GREEN,214,1,120,2.0,0,4,3377.2,3328.8,48.4,0.0,223,True,0,330.0
cluster_14,GREEN,249,0,120,2.0,0,2,2908.4,2775.3,133.1,0.0,224,True,0,330.0
cluster_14,GREEN,249,1,120,2.0,1,0,2991.0,3358.4,0.0,367.3,222,True,0,330.0
cluster_14,GREEN,421,0,120,2.0,0,0,6593.0,6478.5,114.5,0.0,163,True,0,330.0
cluster_14,GREEN,421,1,120,2.0,0,0,6444.8,6320.8,124.0,0.0,164,True,0,330.0
cluster_14,GREEN,BLUE,0,120,2.0,0,1,5.5,29.5,0.0,24.0,5,True,0,330.0
cluster_14,GREEN,GREEN,0,120,2.0,49,0,1033.0,283.0,750.0,0.0,116,True,0,330.0
cluster_14,GREEN,GREEN,1,120,2.0,1,0,937.5,1577.0,0.0,639.5,114,True,0,330.0
cluster_14,GREEN,ORANGE,0,120,2.0,0,0,254.0,244.0,10.0,0.0,18,True,0,330.0
cluster_14,GREEN,ORANGE,1,120,2.0,0,0,326.5,310.5,16.0,0.0,14,True,0,330.0
cluster_14,ORANGE,GREEN,0,120,2.0,0,1,121.0,145.0,0.0,24.0,12,True,0,330.0
cluster_168,020,GREEN,0,120,2.0,0,21,7668.5,7584.5,84.0,0.0,762,True,0,330.0
cluster_168,213,GREEN,0,120,2.0,3,0,1195.9,1259.9,0.0,64.0,132,True,0,330.0
cluster_168,233,GREEN,0,120,2.0,41,0,4882.4,4097.9,784.5,0.0,424,True,0,330.0
cluster_168,GREEN,020,0,120,2.0,0,0,1110.0,991.6,118.4,0.0,115,True,0,330.0
cluster_168,GREEN,020,1,120,2.0,0,8,664.7,831.0,0.0,166.3,120,True,0,330.0
cluster_168,GREEN,213,0,120,2.0,0,2,2108.1,2116.0,0.0,7.9,114,True,0,330.0
cluster_168,GREEN,213,1,120,2.0,3,0,2472.5,2352.5,120.0,0.0,117,True,0,330.0
cluster_168,GREEN,233,0,120,2.0,0,1,2515.7,2439.0,76.7,0.0,116,True,0,330.0
cluster_168,GREEN,233,1,120,2.0,0,8,1570.5,1851.5,0.0,281.0,117,True,0,330.0
cluster_168,GREEN,GREEN,0,120,2.0,1,0,137.0,233.0,0.0,96.0,59,True,0,330.0
cluster_168,GREEN,GREEN,1,120,2.0,0,0,894.0,776.0,118.0,0.0,59,True,0,330.0
cluster_168,GREEN,ORANGE,0,120,2.0,0,0,1618.5,1494.5,124.0,0.0,121,True,0,330.0
cluster_168,GREEN,ORANGE,1,120,2.0,0,1,1356.5,1266.5,90.0,0.0,120,True,0,330.0
cluster_168,ORANGE,GREEN,0,120,2.0,0,2,817.0,1067.0,0.0,250.0,125,True,0,330.0
cluster_225,218,GREEN,0,120,2.0,0,10,735.0,830.5,0.0,95.5,69,True,0,330.0
cluster_225,220,GREEN,0,120,2.0,56,0,2769.5,2229.5,540.0,0.0,325,True,0,330.0
cluster_225,GREEN,218,0,120,2.0,0,0,2169.5,2053.5,116.0,0.0,116,True,0,330.0
cluster_225,GREEN,218,1,120,2.0,0,7,2107.0,2293.0,0.0,186.0,118,True,0,330.0
cluster_225,GREEN,220,0,120,2.0,0,0,2195.0,2081.0,114.0,0.0,114,True,0,330.0
cluster_225,GREEN,220,1,120,2.0,4,0,1962.3,1854.2,108.1,0.0,111,True,0,330.0
cluster_225,GREEN,GREEN,0,120,2.0,2,0,568.0,636.0,0.0,68.0,59,True,0,330.0
cluster_225,GREEN,GREEN,1,120,2.0,1,0,483.5,367.5,116.0,0.0,58,True,0,330.0
cluster_23,001,GREEN,0,120,2.0,37,0,21680.2,20914.0,766.2,0.0,2047,True,0,330.0
cluster_23,023,GREEN,0,120,2.0,10,0,8400.0,9922.0,0.0,1522.0,936,True,0,330.0
cluster_23,057,GREEN,0,120,2.0,10,0,4824.1,5191.1,0.0,367.0,451,True,0,330.0
cluster_23,101,GREEN,0,120,2.0,17,0,4193.2,3991.7,201.5,0.0,373,True,0,330.0
cluster_23,122,GREEN,0,120,2.0,86,0,4387.7,3228.2,1159.5,0.0,389,True,0,330.0
cluster_23,213,GREEN,0,120,2.0,17,0,2651.7,2579.7,72.0,0.0,254,True,0,330.0
cluster_23,219,GREEN,0,120,2.0,40,0,2977.0,2519.5,457.5,0.0,270,True,0,330.0
cluster_23,230,GREEN,0,120,2.0,7,0,5025.6,5393.6,0.0,368.0,504,True,0,330.0
cluster_23,306,GREEN,0,120,2.0,0,18,511.0,555.0,0.0,44.0,42,True,0,330.0
cluster_23,422,GREEN,0,120,2.0,0,39,2980.0,3540.0,0.0,560.0,280,True,0,330.0
cluster_23,423,GREEN,0,120,2.0,0,13,449.0,557.0,0.0,108.0,54,True,0,330.0
cluster_23,GREEN,001,0,120,2.0,0,1,363.9,393.8,0.0,29.9,114,True,0,330.0
cluster_23,GREEN,001,1,120,2.0,0,3,284.7,326.5,0.0,41.8,115,True,0,330.0
cluster_23,GREEN,023,0,120,2.0,0,0,735.2,617.2,118.0,0.0,117,True,0,330.0
cluster_23,GREEN,023,1,120,2.0,2,0,692.4,578.4,114.0,0.0,115,True,0,330.0
cluster_23,GREEN,057,0,120,2.0,0,0,829.1,736.6,92.5,0.0,116,True,0,330.0
cluster_23,GREEN,057,1,120,2.0,0,0,743.0,627.0,116.0,0.0,115,True,0,330.0
cluster_23,GREEN,101,0,120,2.0,5,0,1175.0,1091.3,83.6,0.0,116,True,0,330.0
cluster_23,GREEN,101,1,120,2.0,10,0,1330.0,1216.0,114.0,0.0,111,True,0,330.0
cluster_23,GREEN,122,0,120,2.0,14,0,950.3,832.3,118.0,0.0,117,True,0,330.0
cluster_23,GREEN,213,0,120,2.0,5,0,1733.6,1621.6,112.0,0.0,112,True,0,330.0
cluster_23,GREEN,213,1,120,2.0,0,3,2239.1,2277.8,0.0,38.7,115,True,0,330.0
cluster_23,GREEN,219,0,120,2.0,13,0,2966.5,2850.5,116.0,0.0,114,True,0,330.0
cluster_23,GREEN,219,1,120,2.0,0,3,2132.5,2101.2,31.3,0.0,113,True,0,330.0
cluster_23,GREEN,230,0,120,2.0,2,0,1474.5,1429.2,45.2,0.0,113,True,0,330.0
cluster_23,GREEN,230,1,120,2.0,0,0,1558.0,1479.3,78.7,0.0,111,True,0,330.0
cluster_23,GREEN,306,0,120,2.0,1,0,4071.0,4021.0,50.0,0.0,79,True,0,330.0
cluster_23,GREEN,306,1,120,2.0,0,0,4143.5,4065.5,78.0,0.0,78,True,0,330.0
cluster_23,GREEN,423,0,120,2.0,0,13,641.0,873.0,0.0,232.0,80,True,0,330.0
cluster_23,GREEN,GREEN,0,120,2.0,0,0,81.0,193.0,0.0,112.0,56,True,0,330.0
cluster_23,GREEN,GREEN,1,120,2.0,0,1,857.5,776.0,81.5,0.0,55,True,0,330.0
cluster_23,GREEN,ORANGE,0,120,2.0,0,0,1712.5,1598.5,114.0,0.0,116,True,0,330.0
cluster_23,GREEN,ORANGE,1,120,2.0,3,0,1217.0,1099.0,118.0,0.0,114,True,0,330.0
cluster_23,GREEN,TRE,0,120,2.0,0,17,1962.0,2609.5,0.0,647.5,104,True,0,330.0
cluster_23,GREEN,TRE,1,120,2.0,0,0,2527.0,2417.0,110.0,0.0,109,True,0,330.0
cluster_23,ORANGE,GREEN,0,120,2.0,0,0,690.0,918.0,0.0,228.0,114,True,0,330.0
cluster_23,TRE,GREEN,0,120,2.0,0,18,709.5,825.5,0.0,116.0,58,True,0,330.0
cluster_25,001,GREEN,0,120,2.0,14,0,4734.1,4601.1,133.0,0.0,441,True,0,330.0
cluster_25,013,GREEN,0,120,2.0,61,0,1910.0,838.5,1071.5,0.0,114,True,0,330.0
cluster_25,023,GREEN,0,120,2.0,0,0,736.0,972.0,0.0,236.0,118,True,0,330.0
cluster_25,104,GREEN,0,120,2.0,25,0,5380.5,5292.9,87.6,0.0,590,True,0,330.0
cluster_25,216,GREEN,0,120,2.0,0,2,508.5,588.5,0.0,80.0,55,True,0,330.0
cluster_25,GREEN,001,0,120,2.0,3,0,981.6,989.5,0.0,7.9,116,True,0,330.0
cluster_25,GREEN,001,1,120,2.0,0,4,800.3,833.8,0.0,33.5,116,True,0,330.0
cluster_25,GREEN,013,0,120,2.0,0,1,1680.5,1584.5,96.0,0.0,114,True,0,330.0
cluster_25,GREEN,013,1,120,2.0,0,4,1105.0,1392.0,0.0,287.0,113,True,0,330.0
cluster_25,GREEN,023,0,120,2.0,0,2,1567.5,1491.0,76.5,0.0,118,True,0,330.0
cluster_25,GREEN,023,1,120,2.0,2,0,803.5,687.5,116.0,0.0,116,True,0,330.0
cluster_25,GREEN,104,0,120,2.0,0,1,1269.6,1458.5,0.0,188.9,113,True,0,330.0
cluster_25,GREEN,104,1,120,2.0,1,0,1167.3,1068.6,98.8,0.0,114,True,0,330.0
cluster_25,GREEN,216,0,120,2.0,0,8,2634.5,2762.5,0.0,128.0,111,True,0,330.0
cluster_25,GREEN,216,1,120,2.0,0,1,2739.0,2715.0,24.0,0.0,115,True,0,330.0
cluster_25,GREEN,GREEN,0,120,2.0,1,0,804.5,900.5,0.0,96.0,58,True,0,330.0
cluster_25,GREEN,GREEN,1,120,2.0,0,48,218.5,1092.5,0.0,874.0,58,True,0,330.0
cluster_29,018,GREEN,0,120,2.0,0,12,3623.8,4191.8,0.0,568.0,344,True,0,330.0
cluster_29,023,GREEN,0,120,2.0,0,8,1677.5,2290.5,0.0,613.0,354,True,0,330.0
cluster_29,214,GREEN,0,120,2.0,0,20,4510.6,5242.6,0.0,732.0,421,True,0,330.0
cluster_29,GREEN,018,0,120,2.0,0,1,882.2,786.2,96.0,0.0,116,True,0,330.0
cluster_29,GREEN,018,1,120,2.0,0,0,923.2,850.5,72.6,0.0,116,True,0,330.0
cluster_29,GREEN,023,0,120,2.0,0,2,936.6,855.5,81.1,0.0,119,True,0,330.0
cluster_29,GREEN,023,1,120,2.0,0,3,929.3,930.7,0.0,1.3,117,True,0,330.0
cluster_29,GREEN,214,0,120,2.0,0,6,1741.2,1790.4,0.0,49.1,115,True,0,330.0
cluster_29,GREEN,214,1,120,2.0,0,0,1808.5,1709.6,99.0,0.0,113,True,0,330.0
cluster_29,GREEN,BLUE,0,120,2.0,0,1,23.0,49.0,0.0,26.0,2,True,0,330.0
cluster_29,GREEN,GREEN,0,120,2.0,5,0,606.5,572.5,34.0,0.0,58,True,0,330.0
cluster_29,GREEN,GREEN,1,120,2.0,4,0,518.5,402.5,116.0,0.0,58,True,0,330.0
cluster_29,GREEN,ORANGE,0,120,2.0,0,0,155.5,149.5,6.0,0.0,8,True,0,330.0
cluster_29,GREEN,ORANGE,1,120,2.0,0,1,131.0,152.0,0.0,21.0,7,True,0,330.0
cluster_29,ORANGE,GREEN,0,120,2.0,0,1,96.5,108.5,0.0,12.0,6,True,0,330.0
cluster_303,030,GREEN,0,120,2.0,150,0,6588.7,3227.7,3361.0,0.0,532,True,0,330.0
cluster_303,218,GREEN,0,120,2.0,0,11,9590.1,10149.1,0.0,559.0,917,True,0,330.0
cluster_303,GREEN,030,0,120,2.0,21,0,1752.5,1636.5,116.0,0.0,116,True,0,330.0
cluster_303,GREEN,030,1,120,2.0,7,0,1146.6,1399.0,0.0,252.4,118,True,0,330.0
cluster_303,GREEN,218,0,120,2.0,0,2,1175.0,1188.2,0.0,13.2,117,True,0,330.0
cluster_303,GREEN,218,1,120,2.0,6,0,1682.8,1709.9,0.0,27.1,117,True,0,330.0
cluster_303,GREEN,GREEN,0,120,2.0,51,0,1097.0,155.0,942.0,0.0,59,True,0,330.0
cluster_303,GREEN,GREEN,1,120,2.0,0,0,982.0,864.0,118.0,0.0,59,True,0,330.0
cluster_357,015,GREEN,0,120,2.0,0,16,2071.3,2020.8,50.5,0.0,236,True,0,330.0
cluster_357,038,GREEN,0,120,2.0,0,51,1225.0,1457.0,0.0,232.0,116,True,0,330.0
cluster_357,GREEN,015,0,120,2.0,1,0,1222.7,1104.7,118.0,0.0,118,True,0,330.0
cluster_357,GREEN,015,1,120,2.0,0,7,1029.1,1313.3,0.0,284.3,118,True,0,330.0
cluster_357,GREEN,038,0,120,2.0,0,51,745.0,1660.0,0.0,915.0,117,True,0,330.0
cluster_357,GREEN,038,1,120,2.0,0,1,1347.0,1254.0,93.0,0.0,118,True,0,330.0
cluster_357,GREEN,GREEN,0,120,2.0,0,0,509.0,627.0,0.0,118.0,59,True,0,330.0
cluster_357,GREEN,GREEN,1,120,2.0,1,0,537.0,419.0,118.0,0.0,59,True,0,330.0
cluster_38,013,GREEN,0,120,2.0,0,4,9222.0,10692.5,0.0,1470.5,871,True,0,330.0
cluster_38,216,GREEN,0,120,2.0,35,0,8968.0,8350.0,618.0,0.0,851,True,0,330.0
cluster_38,GREEN,013,0,120,2.0,0,3,636.4,577.2,59.2,0.0,115,True,0,330.0
cluster_38,GREEN,013,1,120,2.0,0,1,745.9,657.8,88.1,0.0,115,True,0,330.0
cluster_38,GREEN,216,0,120,2.0,0,0,1577.6,1503.5,74.1,0.0,112,True,0,330.0
cluster_38,GREEN,216,1,120,2.0,5,0,1909.3,1973.2,0.0,64.0,116,True,0,330.0
cluster_38,GREEN,GREEN,0,120,2.0,0,0,190.5,306.5,0.0,116.0,58,True,0,330.0
cluster_38,GREEN,GREEN,1,120,2.0,0,2,802.5,746.5,56.0,0.0,58,True,0,330.0
cluster_456,227,GREEN,0,120,2.0,0,11,1897.6,2101.6,0.0,204.0,165,True,0,330.0
cluster_456,233,GREEN,0,120,2.0,0,10,1539.8,1710.8,0.0,171.0,158,True,0,330.0
cluster_456,GREEN,227,0,120,2.0,1,0,1891.6,1774.4,117.2,0.0,118,True,0,330.0
cluster_456,GREEN,227,1,120,2.0,0,9,1698.7,1970.9,0.0,272.2,116,True,0,330.0
cluster_456,GREEN,233,0,120,2.0,0,2,2117.1,2107.5,9.6,0.0,116,True,0,330.0
cluster_456,GREEN,233,1,120,2.0,0,4,1834.0,2064.3,0.0,230.4,117,True,0,330.0
cluster_456,GREEN,GREEN,0,120,2.0,46,0,1082.0,210.0,872.0,0.0,60,True,0,330.0
cluster_456,GREEN,GREEN,1,120,2.0,51,0,1019.0,930.5,88.5,0.0,60,True,0,330.0
cluster_827,229,GREEN,0,120,2.0,11,0,2399.9,2337.9,62.0,0.0,231,True,0,330.0
cluster_827,GREEN,229,0,120,2.0,0,1,1999.5,1994.7,4.8,0.0,117,True,0,330.0
cluster_827,GREEN,229,1,120,2.0,0,0,1880.1,1847.3,32.8,0.0,114,True,0,330.0
cluster_827,GREEN,GREEN,0,120,2.0,0,0,617.0,687.0,0.0,70.0,60,True,0,330.0
cluster_827,GREEN,GREEN,1,120,2.0,1,0,494.5,394.5,100.0,0.0,60,True,0,330.0
cluster_827,GREEN,SILVER,0,120,2.0,0,0,2646.0,2530.0,116.0,0.0,116,True,0,330.0
cluster_827,GREEN,SILVER,1,120,2.0,18,0,3046.5,2932.5,114.0,0.0,115,True,0,330.0
cluster_827,SILVER,GREEN,0,120,2.0,1,0,561.5,649.5,0.0,88.0,59,True,0,330.0
cluster_876,GREEN,GREEN,0,120,2.0,0,0,687.0,799.0,0.0,112.0,56,True,0,330.0
cluster_876,GREEN,GREEN,1,120,2.0,0,0,272.0,160.0,112.0,0.0,56,True,0,330.0
cluster_876,GREEN,ORANGE,0,120,2.0,0,0,1291.5,1177.5,114.0,0.0,116,True,0,330.0
cluster_876,GREEN,ORANGE,1,120,2.0,52,0,1650.5,1534.5,116.0,0.0,113,True,0,330.0
cluster_876,GREEN,TRE,0,120,2.0,0,0,2235.5,2131.5,104.0,0.0,103,True,0,330.0
cluster_876,GREEN,TRE,1,120,2.0,0,0,2763.5,2653.5,110.0,0.0,109,True,0,330.0
cluster_876,ORANGE,GREEN,0,120,2.0,52,0,1238.0,376.0,862.0,0.0,114,True,0,330.0
cluster_876,TRE,GREEN,0,120,2.0,0,0,630.5,746.5,0.0,116.0,58,True,0,330.0
cluster_9,001,GREEN,0,120,2.0,71,0,6452.4,6179.4,273.0,0.0,1177,True,0,330.0
cluster_9,003,GREEN,0,120,2.0,17,0,9725.8,9678.9,46.9,0.0,1887,True,0,330.0
cluster_9,009,GREEN,0,120,2.0,16,0,5630.4,5530.4,100.0,0.0,1167,True,0,330.0
cluster_9,013,GREEN,0,120,2.0,0,120,9408.7,9471.7,0.0,63.0,1207,True,0,330.0
cluster_9,016,GREEN,0,120,2.0,19,0,2909.4,3549.4,0.0,640.0,696,True,0,330.0
cluster_9,018,GREEN,0,120,2.0,141,0,5105.5,3170.5,1935.0,0.0,627,True,0,330.0
cluster_9,102,GREEN,0,120,2.0,0,16,3808.8,4465.9,0.0,657.2,776,True,0,330.0
cluster_9,103,GREEN,0,120,2.0,0,22,2248.9,2676.4,0.0,427.5,540,True,0,330.0
cluster_9,106,GREEN,0,120,2.0,0,34,3806.7,4072.2,0.0,265.5,1012,True,0,330.0
cluster_9,109,GREEN,0,120,2.0,15,0,4440.1,3979.8,460.3,0.0,783,True,0,330.0
cluster_9,128,GREEN,0,120,2.0,0,112,6241.0,6341.5,0.0,100.5,1003,True,0,330.0
cluster_9,145,GREEN,0,120,2.0,0,12,4337.6,4236.3,101.2,0.0,830,True,0,330.0
cluster_9,147,GREEN,0,120,2.0,30,0,3792.7,3497.2,295.5,0.0,819,True,0,330.0
cluster_9,205,GREEN,0,120,2.0,32,0,2053.5,1648.5,405.0,0.0,374,True,0,330.0
cluster_9,207,GREEN,0,120,2.0,0,24,3742.0,3877.5,0.0,135.5,729,True,0,330.0
cluster_9,214,GREEN,0,120,2.0,0,2,3602.6,3820.6,0.0,218.0,638,True,0,330.0
cluster_9,224,GREEN,0,120,2.0,0,2,2089.9,2204.9,0.0,115.0,447,True,0,330.0
cluster_9,230,GREEN,0,120,2.0,17,0,2410.2,2367.7,42.5,0.0,543,True,0,330.0
cluster_9,237,GREEN,0,120,2.0,0,69,4008.8,4410.3,0.0,401.5,690,True,0,330.0
cluster_9,239,GREEN,0,120,2.0,0,28,3672.4,3163.9,508.6,0.0,530,True,0,330.0
cluster_9,249,GREEN,0,120,2.0,0,23,1819.4,2020.9,0.0,201.5,384,True,0,330.0
cluster_9,306,GREEN,0,120,2.0,0,65,4625.3,4356.3,269.0,0.0,668,True,0,330.0
cluster_9,308,GREEN,0,120,2.0,24,0,5142.6,4980.6,162.0,0.0,1046,True,0,330.0
cluster_9,421,GREEN,0,120,2.0,12,0,211.0,99.0,112.0,0.0,42,True,0,330.0
cluster_9,425,GREEN,0,120,2.0,17,0,5200.8,4809.8,391.0,0.0,1032,True,0,330.0
cluster_9,620,GREEN,0,120,2.0,0,0,458.0,570.0,0.0,112.0,110,True,0,330.0
cluster_9,BLUE,GREEN,0,120,2.0,51,0,3714.0,3900.5,0.0,186.5,584,True,0,330.0
cluster_9,GREEN,001,0,120,2.0,0,0,1483.7,1473.6,10.1,0.0,456,True,0,330.0
cluster_9,GREEN,001,1,120,2.0,1,0,1307.0,1263.8,43.3,0.0,467,True,0,330.0
cluster_9,GREEN,003,0,120,2.0,6,0,973.6,897.1,76.5,0.0,468,True,0,330.0
cluster_9,GREEN,003,1,120,2.0,0,0,720.2,728.6,0.0,8.3,461,True,0,330.0
cluster_9,GREEN,009,0,120,2.0,1,0,1825.8,1822.0,3.8,0.0,458,True,0,330.0
cluster_9,GREEN,009,1,120,2.0,0,0,2194.3,2133.9,60.4,0.0,456,True,0,330.0
cluster_9,GREEN,013,0,120,2.0,0,4,2855.6,2540.1,315.5,0.0,461,True,0,330.0
cluster_9,GREEN,013,1,120,2.0,0,49,1244.6,1626.3,0.0,381.7,460,True,0,330.0
cluster_9,GREEN,016,0,120,2.0,7,0,2813.2,2586.8,226.4,0.0,462,True,0,330.0
cluster_9,GREEN,016,1,120,2.0,0,4,2894.6,2553.0,341.5,0.0,454,True,0,330.0
cluster_9,GREEN,018,0,120,2.0,0,21,1660.7,1986.2,0.0,325.5,462,True,0,330.0
cluster_9,GREEN,018,1,120,2.0,0,31,2103.9,2456.6,0.0,352.7,463,True,0,330.0
cluster_9,GREEN,102,0,120,2.0,0,0,3651.7,3521.4,130.3,0.0,452,True,0,330.0
cluster_9,GREEN,102,1,120,2.0,0,14,3676.8,3636.6,40.2,0.0,455,True,0,330.0
cluster_9,GREEN,103,0,120,2.0,21,0,3495.7,3139.1,356.6,0.0,445,True,0,330.0
cluster_9,GREEN,103,1,120,2.0,19,0,3360.1,3177.3,182.8,0.0,448,True,0,330.0
cluster_9,GREEN,106,0,120,2.0,14,0,3825.3,3797.2,28.1,0.0,464,True,0,330.0
cluster_9,GREEN,106,1,120,2.0,0,0,3451.0,3542.7,0.0,91.7,460,True,0,330.0
cluster_9,GREEN,109,0,120,2.0,0,4,3353.0,3414.6,0.0,61.6,464,True,0,330.0
cluster_9,GREEN,109,1,120,2.0,0,6,3858.0,4005.3,0.0,147.2,455,True,0,330.0
cluster_9,GREEN,128,0,120,2.0,5,0,3783.2,3652.3,130.9,0.0,467,True,0,330.0
cluster_9,GREEN,128,1,120,2.0,0,0,4013.2,3765.1,248.1,0.0,461,True,0,330.0
cluster_9,GREEN,145,0,120,2.0,1,0,3365.0,3373.0,0.0,8.1,464,True,0,330.0
cluster_9,GREEN,145,1,120,2.0,14,0,3664.7,3626.0,38.7,0.0,455,True,0,330.0
cluster_9,GREEN,147,0,120,2.0,0,3,2977.4,3107.5,0.0,130.0,464,True,0,330.0
cluster_9,GREEN,147,1,120,2.0,0,2,2981.4,3125.6,0.0,144.2,453,True,0,330.0
cluster_9,GREEN,205,0,120,2.0,5,0,6757.6,6777.5,0.0,19.9,464,True,0,330.0
cluster_9,GREEN,205,1,120,2.0,0,8,6168.2,6269.9,0.0,101.7,458,True,0,330.0
cluster_9,GREEN,207,0,120,2.0,1,0,6223.6,6331.0,0.0,107.4,445,True,0,330.0
cluster_9,GREEN,207,1,120,2.0,0,0,8347.9,8324.3,23.6,0.0,445,True,0,330.0
cluster_9,GREEN,214,0,120,2.0,0,2,4931.1,4760.8,170.3,0.0,459,True,0,330.0
cluster_9,GREEN,214,1,120,2.0,0,1,5860.8,5614.3,246.5,0.0,449,True,0,330.0
cluster_9,GREEN,224,0,120,2.0,8,0,3130.3,3144.4,0.0,14.2,459,True,0,330.0
cluster_9,GREEN,224,1,120,2.0,3,0,8896.5,8671.5,225.0,0.0,440,True,0,330.0
cluster_9,GREEN,230,0,120,2.0,0,2,5037.1,5087.8,0.0,50.6,455,True,0,330.0
cluster_9,GREEN,230,1,120,2.0,2,0,5557.7,5540.9,16.8,0.0,448,True,0,330.0
cluster_9,GREEN,237,0,120,2.0,3,0,5584.3,5384.0,200.3,0.0,444,True,0,330.0
cluster_9,GREEN,237,1,120,2.0,13,0,4533.8,4274.2,259.6,0.0,444,True,0,330.0
cluster_9,GREEN,239,0,120,2.0,0,9,5537.2,5700.1,0.0,162.9,447,True,0,330.0
cluster_9,GREEN,239,1,120,2.0,0,9,6329.4,6499.2,0.0,169.9,441,True,0,330.0
cluster_9,GREEN,249,0,120,2.0,2,0,6588.0,6377.1,210.9,0.0,444,True,0,330.0
cluster_9,GREEN,249,1,120,2.0,0,4,5540.5,5842.4,0.0,301.9,445,True,0,330.0
cluster_9,GREEN,306,0,120,2.0,0,2,14331.9,14294.8,37.1,0.0,320,True,0,330.0
cluster_9,GREEN,306,1,120,2.0,0,10,13904.3,14149.2,0.0,244.8,319,True,0,330.0
cluster_9,GREEN,308,0,120,2.0,0,0,22167.8,22362.9,0.0,195.1,329,True,0,330.0
cluster_9,GREEN,308,1,120,2.0,0,1,16847.6,17004.5,0.0,156.8,348,True,0,330.0
cluster_9,GREEN,421,0,120,2.0,0,0,14450.0,14670.0,0.0,220.0,322,True,0,330.0
cluster_9,GREEN,421,1,120,2.0,0,0,14574.0,14794.0,0.0,220.0,323,True,0,330.0
cluster_9,GREEN,425,0,120,2.0,0,0,1129.5,1150.0,0.0,20.5,336,True,0,330.0
cluster_9,GREEN,425,1,120,2.0,0,1,654.1,693.0,0.0,38.9,353,True,0,330.0
cluster_9,GREEN,620,0,120,2.0,51,0,4058.5,3634.5,424.0,0.0,428,True,0,330.0
cluster_9,GREEN,620,1,120,2.0,1,0,4054.0,3638.0,416.0,0.0,424,True,0,330.0
cluster_9,GREEN,BLUE,0,120,2.0,0,0,2547.5,2271.0,276.5,0.0,476,True,0,330.0
cluster_9,GREEN,BLUE,1,120,2.0,0,50,1220.0,1713.5,0.0,493.5,467,True,0,330.0
cluster_9,GREEN,GREEN,0,120,2.0,1,0,484.5,765.0,0.0,280.5,228,True,0,330.0
cluster_9,GREEN,GREEN,1,120,2.0,52,0,1933.5,1547.5,386.0,0.0,228,True,0,330.0
cluster_9,GREEN,ORANGE,0,120,2.0,53,0,2726.5,2282.5,444.0,0.0,467,True,0,330.0
cluster_9,GREEN,ORANGE,1,120,2.0,0,0,2514.0,2328.5,185.5,0.0,452,True,0,330.0
cluster_9,GREEN,RED,0,120,2.0,2,0,1479.0,1476.0,3.0,0.0,464,True,0,330.0
cluster_9,GREEN,RED,1,120,2.0,0,0,1741.0,2007.0,0.0,266.0,464,True,0,330.0
cluster_9,GREEN,TRE,0,120,2.0,0,0,8714.0,9074.0,0.0,360.0,415,True,0,330.0
cluster_9,GREEN,TRE,1,120,2.0,0,0,9227.0,9593.5,0.0,366.5,441,True,0,330.0
cluster_9,ORANGE,GREEN,0,120,2.0,1,0,2338.0,2231.0,107.0,0.0,455,True,0,330.0
cluster_9,RED,GREEN,0,120,2.0,48,0,3470.5,2822.5,648.0,0.0,565,True,0,330.0
cluster_9,TRE,GREEN,0,120,2.0,18,0,313.0,138.0,175.0,0.0,58,True,0,330.0
cluster_924,GREEN,GREEN,0,120,2.0,0,45,802.0,922.0,0.0,120.0,60,True,0,330.0
cluster_924,GREEN,GREEN,1,120,2.0,0,47,210.0,1030.0,0.0,820.0,60,True,0,330.0
cluster_925,232,GREEN,0,120,2.0,11,0,650.0,524.0,126.0,0.0,67,True,0,330.0
cluster_925,GREEN,232,0,120,2.0,9,0,2050.0,1976.0,74.0,0.0,113,True,0,330.0
cluster_925,GREEN,232,1,120,2.0,2,0,2074.5,1962.5,112.0,0.0,112,True,0,330.0
cluster_925,GREEN,GREEN,0,120,2.0,0,1,187.0,307.0,0.0,120.0,60,True,0,330.0
cluster_925,GREEN,GREEN,1,120,2.0,0,1,850.0,756.5,93.5,0.0,60,True,0,330.0
cluster_926,233,GREEN,0,120,2.0,0,10,693.0,679.0,14.0,0.0,64,True,0,330.0
cluster_926,GREEN,233,0,120,2.0,0,0,2501.5,2619.5,0.0,118.0,117,True,0,330.0
cluster_926,GREEN,233,1,120,2.0,1,0,2288.0,2172.0,116.0,0.0,116,True,0,330.0
cluster_926,GREEN,GREEN,0,120,2.0,0,2,424.5,542.5,0.0,118.0,59,True,0,330.0
cluster_926,GREEN,GREEN,1,120,2.0,0,0,623.0,508.5,114.5,0.0,59,True,0,330.0
cluster_927,GREEN,GREEN,0,120,2.0,0,0,669.5,764.5,0.0,95.0,59,True,0,330.0
cluster_927,GREEN,GREEN,1,120,2.0,1,0,376.5,258.5,118.0,0.0,59,True,0,330.0
cluster_928,005,GREEN,0,120,2.0,15,0,1725.5,1639.5,86.0,0.0,147,True,0,330.0
cluster_928,103,GREEN,0,120,2.0,0,9,988.5,946.5,42.0,0.0,89,True,0,330.0
cluster_928,207,GREEN,0,120,2.0,3,0,1029.0,1101.0,0.0,72.0,106,True,0,330.0
cluster_928,GREEN,005,0,120,2.0,17,0,872.5,756.5,116.0,0.0,116,True,0,330.0
cluster_928,GREEN,005,1,120,2.0,0,5,915.5,981.5,0.0,66.0,116,True,0,330.0
cluster_928,GREEN,103,0,120,2.0,0,19,1547.5,1847.5,0.0,300.0,110,True,0,330.0
cluster_928,GREEN,103,1,120,2.0,0,1,1395.5,1320.0,75.5,0.0,111,True,0,330.0
cluster_928,GREEN,207,0,120,2.0,2,0,2213.3,2103.3,110.0,0.0,109,True,0,330.0
cluster_928,GREEN,207,1,120,2.0,0,2,2339.1,2310.1,29.0,0.0,110,True,0,330.0
cluster_928,GREEN,GREEN,0,120,2.0,0,48,877.0,959.0,0.0,82.0,56,True,0,330.0
cluster_928,GREEN,GREEN,1,120,2.0,0,0,1077.5,967.5,110.0,0.0,55,True,0,330.0
cluster_928,GREEN,ORANGE,0,120,2.0,0,0,1526.5,1412.5,114.0,0.0,116,True,0,330.0
cluster_928,GREEN,ORANGE,1,120,2.0,0,0,1363.0,1245.0,118.0,0.0,114,True,0,330.0
cluster_928,ORANGE,GREEN,0,120,2.0,0,0,458.0,686.0,0.0,228.0,114,True,0,330.0
cluster_929,306,GREEN,0,120,2.0,0,21,506.0,590.0,0.0,84.0,42,True,0,330.0
cluster_929,GREEN,306,0,120,2.0,0,2,4004.5,3977.5,27.0,0.0,79,True,0,330.0
cluster_929,GREEN,306,1,120,2.0,0,18,3804.5,4320.5,0.0,516.0,78,True,0,330.0
cluster_929,GREEN,GREEN,0,120,2.0,0,0,351.0,463.0,0.0,112.0,56,True,0,330.0
cluster_929,GREEN,GREEN,1,120,2.0,0,0,608.0,496.0,112.0,0.0,56,True,0,330.0
cluster_929,GREEN,ORANGE,0,120,2.0,0,0,1002.5,888.5,114.0,0.0,116,True,0,330.0
cluster_929,GREEN,ORANGE,1,120,2.0,0,0,922.0,806.5,115.5,0.0,114,True,0,330.0
cluster_929,ORANGE,GREEN,0,120,2.0,0,1,910.0,1138.0,0.0,228.0,114,True,0,330.0
cluster_107,207,GREEN,0,180,3.0,13,0,4010.5,3616.5,394.0,0.0,337,True,0,270.0
cluster_107,213,GREEN,0,180,3.0,0,51,3692.7,4104.7,0.0,412.0,384,True,0,270.0
cluster_107,GREEN,207,0,180,3.0,6,0,2346.1,2290.5,55.7,0.0,109,True,0,270.0
cluster_107,GREEN,207,1,180,3.0,0,6,2218.3,2488.8,0.0,270.5,110,True,0,270.0
cluster_107,GREEN,213,0,180,3.0,0,11,1723.6,1993.4,0.0,269.8,112,True,0,270.0
cluster_107,GREEN,213,1,180,3.0,4,0,2092.3,2004.5,87.8,0.0,114,True,0,270.0
cluster_107,GREEN,GREEN,0,180,3.0,0,3,460.5,625.5,0.0,165.0,55,True,0,270.0
cluster_107,GREEN,GREEN,1,180,3.0,3,0,565.0,403.0,162.0,0.0,54,True,0,270.0
cluster_107,GREEN,ORANGE,0,180,3.0,0,0,1041.5,870.5,171.0,0.0,115,True,0,270.0
cluster_107,GREEN,ORANGE,1,180,3.0,0,49,933.0,1746.0,0.0,813.0,114,True,0,270.0
cluster_107,ORANGE,GREEN,0,180,3.0,0,1,918.0,1260.0,0.0,342.0,114,True,0,270.0
cluster_14,001,GREEN,0,180,3.0,0,1,7866.1,8154.1,0.0,288.0,961,True,0,270.0
cluster_14,009,GREEN,0,180,3.0,9,0,15252.8,14771.1,481.7,0.0,1740,True,0,270.0
cluster_14,018,GREEN,0,180,3.0,0,150,12861.9,12290.4,571.5,0.0,1093,True,0,270.0
cluster_14,023,GREEN,0,180,3.0,0,128,4333.2,5890.2,0.0,1557.0,590,True,0,270.0
cluster_14,214,GREEN,0,180,3.0,0,12,2127.8,2408.8,0.0,281.0,294,True,0,270.0
cluster_14,249,GREEN,0,180,3.0,71,0,5896.8,5356.8,540.0,0.0,704,True,0,270.0
cluster_14,421,GREEN,0,180,3.0,0,24,1114.1,1312.1,0.0,198.0,126,True,0,270.0
cluster_14,BLUE,GREEN,0,180,3.0,0,0,0.0,0.5,0.0,0.5,0,True,0,270.0
cluster_14,GREEN,001,0,180,3.0,0,3,739.7,780.0,0.0,40.4,230,True,0,270.0
cluster_14,GREEN,001,1,180,3.0,0,2,888.6,881.2,7.4,0.0,231,True,0,270.0
cluster_14,GREEN,009,0,180,3.0,1,0,620.8,618.9,1.9,0.0,232,True,0,270.0
cluster_14,GREEN,009,1,180,3.0,0,1,628.5,651.0,0.0,22.5,228,True,0,270.0
cluster_14,GREEN,018,0,180,3.0,0,7,447.4,477.9,0.0,30.4,231,True,0,270.0
cluster_14,GREEN,018,1,180,3.0,0,2,451.1,483.6,0.0,32.5,232,True,0,270.0
cluster_14,GREEN,023,0,180,3.0,9,0,2875.4,2562.9,312.5,0.0,235,True,0,270.0
cluster_14,GREEN,023,1,180,3.0,0,0,787.1,577.7,209.4,0.0,234,True,0,270.0
cluster_14,GREEN,214,0,180,3.0,6,0,4107.6,4086.1,21.5,0.0,229,True,0,270.0
cluster_14,GREEN,214,1,180,3.0,0,12,3377.2,3464.0,0.0,86.9,223,True,0,270.0
cluster_14,GREEN,249,0,180,3.0,0,2,2908.4,2724.9,183.5,0.0,224,True,0,270.0
cluster_14,GREEN,249,1,180,3.0,0,2,2991.0,3330.8,0.0,339.8,222,True,0,270.0
cluster_14,GREEN,421,0,180,3.0,0,0,6593.0,6396.5,196.5,0.0,163,True,0,270.0
cluster_14,GREEN,421,1,180,3.0,0,9,6444.8,6683.3,0.0,238.5,164,True,0,270.0
cluster_14,GREEN,BLUE,0,180,3.0,0,2,5.5,53.0,0.0,47.5,5,True,0,270.0
cluster_14,GREEN,GREEN,0,180,3.0,49,0,1033.0,399.0,634.0,0.0,116,True,0,270.0
cluster_14,GREEN,GREEN,1,180,3.0,1,0,937.5,1463.0,0.0,525.5,114,True,0,270.0
cluster_14,GREEN,ORANGE,0,180,3.0,0,0,254.0,238.0,16.0,0.0,18,True,0,270.0
cluster_14,GREEN,ORANGE,1,180,3.0,0,0,326.5,302.5,24.0,0.0,14,True,0,270.0
cluster_14,ORANGE,GREEN,0,180,3.0,0,1,121.0,157.0,0.0,36.0,12,True,0,270.0
cluster_168,020,GREEN,0,180,3.0,10,0,7668.5,7048.4,620.1,0.0,762,True,0,270.0
cluster_168,213,GREEN,0,180,3.0,1,0,1195.9,1321.9,0.0,126.0,132,True,0,270.0
cluster_168,233,GREEN,0,180,3.0,37,0,4882.4,4186.9,695.5,0.0,424,True,0,270.0
cluster_168,GREEN,020,0,180,3.0,0,0,1110.0,932.5,177.5,0.0,115,True,0,270.0
cluster_168,GREEN,020,1,180,3.0,0,13,664.7,953.4,0.0,288.6,120,True,0,270.0
cluster_168,GREEN,213,0,180,3.0,0,4,2108.1,2203.1,0.0,94.9,114,True,0,270.0
cluster_168,GREEN,213,1,180,3.0,3,0,2472.5,2292.5,180.0,0.0,117,True,0,270.0
cluster_168,GREEN,233,0,180,3.0,0,1,2515.7,2379.0,136.7,0.0,116,True,0,270.0
cluster_168,GREEN,233,1,180,3.0,0,6,1570.5,1796.4,0.0,225.9,117,True,0,270.0
cluster_168,GREEN,GREEN,0,180,3.0,1,0,137.0,292.0,0.0,155.0,59,True,0,270.0
cluster_168,GREEN,GREEN,1,180,3.0,0,0,894.0,717.0,177.0,0.0,59,True,0,270.0
cluster_168,GREEN,ORANGE,0,180,3.0,0,1,1618.5,1449.5,169.0,0.0,121,True,0,270.0
cluster_168,GREEN,ORANGE,1,180,3.0,4,0,1356.5,1223.5,133.0,0.0,120,True,0,270.0
cluster_168,ORANGE,GREEN,0,180,3.0,3,0,817.0,1009.5,0.0,192.5,125,True,0,270.0
cluster_225,218,GREEN,0,180,3.0,0,10,735.0,899.5,0.0,164.5,69,True,0,270.0
cluster_225,220,GREEN,0,180,3.0,57,0,2769.5,2434.5,335.0,0.0,325,True,0,270.0
cluster_225,GREEN,218,0,180,3.0,3,0,2169.5,1995.5,174.0,0.0,116,True,0,270.0
cluster_225,GREEN,218,1,180,3.0,0,15,2107.0,2562.0,0.0,455.0,118,True,0,270.0
cluster_225,GREEN,220,0,180,3.0,0,0,2195.0,2024.0,171.0,0.0,114,True,0,270.0
cluster_225,GREEN,220,1,180,3.0,6,0,1962.3,1804.2,158.1,0.0,111,True,0,270.0
cluster_225,GREEN,GREEN,0,180,3.0,2,0,568.0,695.0,0.0,127.0,59,True,0,270.0
cluster_225,GREEN,GREEN,1,180,3.0,0,0,483.5,339.0,144.5,0.0,58,True,0,270.0
cluster_23,001,GREEN,0,180,3.0,22,0,21680.2,20793.0,887.2,0.0,2047,True,0,270.0
cluster_23,023,GREEN,0,180,3.0,14,0,8400.0,10743.0,0.0,2343.0,936,True,0,270.0
cluster_23,057,GREEN,0,180,3.0,12,0,4824.1,5579.6,0.0,755.5,451,True,0,270.0
cluster_23,101,GREEN,0,180,3.0,23,0,4193.2,4222.2,0.0,29.0,373,True,0,270.0
cluster_23,122,GREEN,0,180,3.0,87,0,4387.7,3594.7,793.0,0.0,389,True,0,270.0
cluster_23,213,GREEN,0,180,3.0,23,0,2651.7,2663.7,0.0,12.0,254,True,0,270.0
cluster_23,219,GREEN,0,180,3.0,43,0,2977.0,2624.5,352.5,0.0,270,True,0,270.0
cluster_23,230,GREEN,0,180,3.0,5,0,5025.6,5637.6,0.0,612.0,504,True,0,270.0
cluster_23,306,GREEN,0,180,3.0,0,18,511.0,597.0,0.0,86.0,42,True,0,270.0
cluster_23,422,GREEN,0,180,3.0,1,0,2980.0,3020.0,0.0,40.0,280,True,0,270.0
cluster_23,423,GREEN,0,180,3.0,0,13,449.0,611.0,0.0,162.0,54,True,0,270.0
cluster_23,GREEN,001,0,180,3.0,0,1,363.9,391.5,0.0,27.6,114,True,0,270.0
cluster_23,GREEN,001,1,180,3.0,0,0,284.7,346.0,0.0,61.3,115,True,0,270.0
cluster_23,GREEN,023,0,180,3.0,2,0,735.2,558.2,177.0,0.0,117,True,0,270.0
cluster_23,GREEN,023,1,180,3.0,2,0,692.4,543.7,148.7,0.0,115,True,0,270.0
cluster_23,GREEN,057,0,180,3.0,8,0,829.1,701.1,128.1,0.0,116,True,0,270.0
cluster_23,GREEN,057,1,180,3.0,1,0,743.0,569.0,174.0,0.0,115,True,0,270.0
cluster_23,GREEN,101,0,180,3.0,0,2,1175.0,1213.2,0.0,38.3,116,True,0,270.0
cluster_23,GREEN,101,1,180,3.0,11,0,1330.0,1159.0,171.0,0.0,111,True,0,270.0
cluster_23,GREEN,122,0,180,3.0,22,0,950.3,773.3,177.0,0.0,117,True,0,270.0
cluster_23,GREEN,213,0,180,3.0,5,0,1733.6,1565.6,168.0,0.0,112,True,0,270.0
cluster_23,GREEN,213,1,180,3.0,0,3,2239.1,2220.8,18.3,0.0,115,True,0,270.0
cluster_23,GREEN,219,0,180,3.0,13,0,2966.5,2792.5,174.0,0.0,114,True,0,270.0
cluster_23,GREEN,219,1,180,3.0,0,0,2132.5,2054.9,77.6,0.0,113,True,0,270.0
cluster_23,GREEN,230,0,180,3.0,4,0,1474.5,1377.0,97.5,0.0,113,True,0,270.0
cluster_23,GREEN,230,1,180,3.0,5,0,1558.0,1432.8,125.2,0.0,111,True,0,270.0
cluster_23,GREEN,306,0,180,3.0,0,1,4071.0,4027.0,44.0,0.0,79,True,0,270.0
cluster_23,GREEN,306,1,180,3.0,18,0,4143.5,4026.5,117.0,0.0,78,True,0,270.0
cluster_23,GREEN,422,0,180,3.0,0,0,59.5,98.5,0.0,39.0,79,True,0,270.0
cluster_23,GREEN,423,0,180,3.0,0,13,641.0,833.0,0.0,192.0,80,True,0,270.0
cluster_23,GREEN,GREEN,0,180,3.0,0,0,81.0,249.0,0.0,168.0,56,True,0,270.0
cluster_23,GREEN,GREEN,1,180,3.0,0,1,857.5,720.0,137.5,0.0,55,True,0,270.0
cluster_23,GREEN,ORANGE,0,180,3.0,0,0,1712.5,1541.5,171.0,0.0,116,True,0,270.0
cluster_23,GREEN,ORANGE,1,180,3.0,3,0,1217.0,1040.0,177.0,0.0,114,True,0,270.0
cluster_23,GREEN,TRE,0,180,3.0,0,17,1962.0,2556.5,0.0,594.5,104,True,0,270.0
cluster_23,GREEN,TRE,1,180,3.0,18,0,2527.0,2362.0,165.0,0.0,109,True,0,270.0
cluster_23,ORANGE,GREEN,0,180,3.0,3,0,690.0,962.0,0.0,272.0,114,True,0,270.0
cluster_23,TRE,GREEN,0,180,3.0,0,34,709.5,883.5,0.0,174.0,58,True,0,270.0
cluster_25,001,GREEN,0,180,3.0,0,2,4734.1,4674.6,59.5,0.0,441,True,0,270.0
cluster_25,013,GREEN,0,180,3.0,41,0,1910.0,953.5,956.5,0.0,114,True,0,270.0
cluster_25,023,GREEN,0,180,3.0,0,0,736.0,1033.0,0.0,297.0,118,True,0,270.0
cluster_25,104,GREEN,0,180,3.0,36,0,5380.5,5144.9,235.6,0.0,590,True,0,270.0
cluster_25,216,GREEN,0,180,3.0,0,12,508.5,623.5,0.0,115.0,55,True,0,270.0
cluster_25,GREEN,001,0,180,3.0,0,1,981.6,992.2,0.0,10.6,116,True,0,270.0
cluster_25,GREEN,001,1,180,3.0,0,1,800.3,818.3,0.0,18.0,116,True,0,270.0
cluster_25,GREEN,013,0,180,3.0,0,1,1680.5,1526.5,154.0,0.0,114,True,0,270.0
cluster_25,GREEN,013,1,180,3.0,0,6,1105.0,1392.5,0.0,287.5,113,True,0,270.0
cluster_25,GREEN,023,0,180,3.0,0,2,1567.5,1432.0,135.5,0.0,118,True,0,270.0
cluster_25,GREEN,023,1,180,3.0,2,0,803.5,629.5,174.0,0.0,116,True,0,270.0
cluster_25,GREEN,104,0,180,3.0,0,1,1269.6,1402.5,0.0,132.9,113,True,0,270.0
cluster_25,GREEN,104,1,180,3.0,1,0,1167.3,1019.2,148.2,0.0,114,True,0,270.0
cluster_25,GREEN,216,0,180,3.0,0,8,2634.5,2706.5,0.0,72.0,111,True,0,270.0
cluster_25,GREEN,216,1,180,3.0,2,0,2739.0,2658.0,81.0,0.0,115,True,0,270.0
cluster_25,GREEN,GREEN,0,180,3.0,0,46,804.5,928.5,0.0,124.0,58,True,0,270.0
cluster_25,GREEN,GREEN,1,180,3.0,0,48,218.5,1034.5,0.0,816.0,58,True,0,270.0
cluster_29,018,GREEN,0,180,3.0,0,54,3623.8,4495.8,0.0,872.0,344,True,0,270.0
cluster_29,023,GREEN,0,180,3.0,0,1,1677.5,2444.5,0.0,767.0,354,True,0,270.0
cluster_29,214,GREEN,0,180,3.0,0,36,4510.6,5403.6,0.0,893.0,421,True,0,270.0
cluster_29,GREEN,018,0,180,3.0,0,1,882.2,728.2,154.0,0.0,116,True,0,270.0
cluster_29,GREEN,018,1,180,3.0,0,11,923.2,1043.2,0.0,120.0,116,True,0,270.0
cluster_29,GREEN,023,0,180,3.0,0,2,936.6,796.5,140.1,0.0,119,True,0,270.0
cluster_29,GREEN,023,1,180,3.0,0,3,929.3,871.7,57.7,0.0,117,True,0,270.0
cluster_29,GREEN,214,0,180,3.0,0,6,1741.2,1733.4,7.9,0.0,115,True,0,270.0
cluster_29,GREEN,214,1,180,3.0,0,4,1808.5,1812.7,0.0,4.1,113,True,0,270.0
cluster_29,GREEN,BLUE,0,180,3.0,0,1,23.0,48.0,0.0,25.0,2,True,0,270.0
cluster_29,GREEN,GREEN,0,180,3.0,5,0,606.5,630.5,0.0,24.0,58,True,0,270.0
cluster_29,GREEN,GREEN,1,180,3.0,3,0,518.5,369.5,149.0,0.0,58,True,0,270.0
cluster_29,GREEN,ORANGE,0,180,3.0,0,0,155.5,146.5,9.0,0.0,8,True,0,270.0
cluster_29,GREEN,ORANGE,1,180,3.0,0,1,131.0,147.0,0.0,16.0,7,True,0,270.0
cluster_29,ORANGE,GREEN,0,180,3.0,0,1,96.5,114.5,0.0,18.0,6,True,0,270.0
cluster_303,030,GREEN,0,180,3.0,171,0,6588.7,3298.1,3290.6,0.0,532,True,0,270.0
cluster_303,218,GREEN,0,180,3.0,0,36,9590.1,10346.1,0.0,756.0,917,True,0,270.0
cluster_303,GREEN,030,0,180,3.0,22,0,1752.5,1578.5,174.0,0.0,116,True,0,270.0
cluster_303,GREEN,030,1,180,3.0,7,0,1146.6,1341.4,0.0,194.8,118,True,0,270.0
cluster_303,GREEN,218,0,180,3.0,0,2,1175.0,1156.3,18.7,0.0,117,True,0,270.0
cluster_303,GREEN,218,1,180,3.0,6,0,1682.8,1656.7,26.1,0.0,117,True,0,270.0
cluster_303,GREEN,GREEN,0,180,3.0,51,0,1097.0,214.0,883.0,0.0,59,True,0,270.0
cluster_303,GREEN,GREEN,1,180,3.0,0,0,982.0,805.0,177.0,0.0,59,True,0,270.0
cluster_357,015,GREEN,0,180,3.0,0,18,2071.3,2171.8,0.0,100.5,236,True,0,270.0
cluster_357,038,GREEN,0,180,3.0,0,51,1225.0,1573.0,0.0,348.0,116,True,0,270.0
cluster_357,GREEN,015,0,180,3.0,1,0,1222.7,1045.7,177.0,0.0,118,True,0,270.0
cluster_357,GREEN,015,1,180,3.0,0,8,1029.1,1313.8,0.0,284.7,118,True,0,270.0
cluster_357,GREEN,038,0,180,3.0,0,52,745.0,1622.0,0.0,877.0,117,True,0,270.0
cluster_357,GREEN,038,1,180,3.0,0,1,1347.0,1195.0,152.0,0.0,118,True,0,270.0
cluster_357,GREEN,GREEN,0,180,3.0,2,0,509.0,636.0,0.0,127.0,59,True,0,270.0
cluster_357,GREEN,GREEN,1,180,3.0,1,0,537.0,360.0,177.0,0.0,59,True,0,270.0
cluster_38,013,GREEN,0,180,3.0,0,27,9222.0,11440.4,0.0,2218.4,871,True,0,270.0
cluster_38,216,GREEN,0,180,3.0,39,0,8968.0,8241.0,727.0,0.0,851,True,0,270.0
cluster_38,GREEN,013,0,180,3.0,0,3,636.4,533.2,103.1,0.0,115,True,0,270.0
cluster_38,GREEN,013,1,180,3.0,0,1,745.9,612.0,133.9,0.0,115,True,0,270.0
cluster_38,GREEN,216,0,180,3.0,0,0,1577.6,1464.9,112.7,0.0,112,True,0,270.0
cluster_38,GREEN,216,1,180,3.0,5,0,1909.3,1922.1,0.0,12.8,116,True,0,270.0
cluster_38,GREEN,GREEN,0,180,3.0,0,1,190.5,364.5,0.0,174.0,58,True,0,270.0
cluster_38,GREEN,GREEN,1,180,3.0,0,2,802.5,688.5,114.0,0.0,58,True,0,270.0
cluster_456,227,GREEN,0,180,3.0,0,16,1897.6,2086.1,0.0,188.5,165,True,0,270.0
cluster_456,233,GREEN,0,180,3.0,0,7,1539.8,1666.8,0.0,127.0,158,True,0,270.0
cluster_456,GREEN,227,0,180,3.0,4,0,1891.6,1749.5,142.1,0.0,118,True,0,270.0
cluster_456,GREEN,227,1,180,3.0,0,11,1698.7,1972.0,0.0,273.3,116,True,0,270.0
cluster_456,GREEN,233,0,180,3.0,0,5,2117.1,2171.5,0.0,54.4,116,True,0,270.0
cluster_456,GREEN,233,1,180,3.0,0,2,1834.0,2006.3,0.0,172.4,117,True,0,270.0
cluster_456,GREEN,GREEN,0,180,3.0,48,0,1082.0,209.5,872.5,0.0,60,True,0,270.0
cluster_456,GREEN,GREEN,1,180,3.0,50,0,1019.0,898.0,121.0,0.0,60,True,0,270.0
cluster_827,229,GREEN,0,180,3.0,20,0,2399.9,2328.9,71.0,0.0,231,True,0,270.0
cluster_827,GREEN,229,0,180,3.0,1,0,1999.5,1941.0,58.5,0.0,117,True,0,270.0
cluster_827,GREEN,229,1,180,3.0,0,0,1880.1,1790.3,89.8,0.0,114,True,0,270.0
cluster_827,GREEN,GREEN,0,180,3.0,1,0,617.0,727.0,0.0,110.0,60,True,0,270.0
cluster_827,GREEN,GREEN,1,180,3.0,1,0,494.5,359.5,135.0,0.0,60,True,0,270.0
cluster_827,GREEN,SILVER,0,180,3.0,0,0,2646.0,2472.0,174.0,0.0,116,True,0,270.0
cluster_827,GREEN,SILVER,1,180,3.0,18,0,3046.5,2875.5,171.0,0.0,115,True,0,270.0
cluster_827,SILVER,GREEN,0,180,3.0,18,0,561.5,346.5,215.0,0.0,59,True,0,270.0
cluster_876,GREEN,GREEN,0,180,3.0,0,0,687.0,855.0,0.0,168.0,56,True,0,270.0
cluster_876,GREEN,GREEN,1,180,3.0,0,0,272.0,104.0,168.0,0.0,56,True,0,270.0
cluster_876,GREEN,ORANGE,0,180,3.0,0,0,1291.5,1120.5,171.0,0.0,116,True,0,270.0
cluster_876,GREEN,ORANGE,1,180,3.0,52,0,1650.5,1476.5,174.0,0.0,113,True,0,270.0
cluster_876,GREEN,TRE,0,180,3.0,0,9,2235.5,2349.5,0.0,114.0,103,True,0,270.0
cluster_876,GREEN,TRE,1,180,3.0,18,0,2763.5,2598.5,165.0,0.0,109,True,0,270.0
cluster_876,ORANGE,GREEN,0,180,3.0,52,0,1238.0,490.0,748.0,0.0,114,True,0,270.0
cluster_876,TRE,GREEN,0,180,3.0,9,0,630.5,414.5,216.0,0.0,58,True,0,270.0
cluster_9,001,GREEN,0,180,3.0,82,0,6452.4,6012.9,439.5,0.0,1177,True,0,270.0
cluster_9,003,GREEN,0,180,3.0,0,15,9725.8,9865.4,0.0,139.6,1887,True,0,270.0
cluster_9,009,GREEN,0,180,3.0,0,21,5630.4,5812.9,0.0,182.5,1167,True,0,270.0
cluster_9,013,GREEN,0,180,3.0,0,177,9408.7,9636.2,0.0,227.5,1207,True,0,270.0
cluster_9,016,GREEN,0,180,3.0,12,0,2909.4,3993.4,0.0,1084.0,696,True,0,270.0
cluster_9,018,GREEN,0,180,3.0,193,0,5105.5,2514.0,2591.5,0.0,627,True,0,270.0
cluster_9,102,GREEN,0,180,3.0,9,0,3808.8,4235.9,0.0,427.1,776,True,0,270.0
cluster_9,103,GREEN,0,180,3.0,0,19,2248.9,2597.4,0.0,348.5,540,True,0,270.0
cluster_9,106,GREEN,0,180,3.0,0,50,3806.7,4524.2,0.0,717.5,1012,True,0,270.0
cluster_9,109,GREEN,0,180,3.0,54,0,4440.1,3541.4,898.7,0.0,783,True,0,270.0
cluster_9,128,GREEN,0,180,3.0,0,134,6241.0,6869.5,0.0,628.5,1003,True,0,270.0
cluster_9,145,GREEN,0,180,3.0,4,0,4337.6,4456.6,0.0,119.1,830,True,0,270.0
cluster_9,147,GREEN,0,180,3.0,37,0,3792.7,3728.2,64.5,0.0,819,True,0,270.0
cluster_9,205,GREEN,0,180,3.0,47,0,2053.5,1664.5,389.0,0.0,374,True,0,270.0
cluster_9,207,GREEN,0,180,3.0,0,61,3742.0,4145.0,0.0,403.0,729,True,0,270.0
cluster_9,214,GREEN,0,180,3.0,0,46,3602.6,3984.6,0.0,382.0,638,True,0,270.0
cluster_9,224,GREEN,0,180,3.0,0,17,2089.9,2288.9,0.0,199.0,447,True,0,270.0
cluster_9,230,GREEN,0,180,3.0,18,0,2410.2,2454.2,0.0,44.0,543,True,0,270.0
cluster_9,237,GREEN,0,180,3.0,0,95,4008.8,4301.3,0.0,292.5,690,True,0,270.0
cluster_9,239,GREEN,0,180,3.0,0,10,3672.4,3025.4,647.1,0.0,530,True,0,270.0
cluster_9,249,GREEN,0,180,3.0,0,37,1819.4,2038.9,0.0,219.5,384,True,0,270.0
cluster_9,306,GREEN,0,180,3.0,0,74,4625.3,4272.8,352.5,0.0,668,True,0,270.0
cluster_9,308,GREEN,0,180,3.0,50,0,5142.6,4816.6,326.0,0.0,1046,True,0,270.0
cluster_9,421,GREEN,0,180,3.0,12,0,211.0,141.0,70.0,0.0,42,True,0,270.0
cluster_9,425,GREEN,0,180,3.0,61,0,5200.8,4644.2,556.5,0.0,1032,True,0,270.0
cluster_9,620,GREEN,0,180,3.0,0,0,458.0,680.0,0.0,222.0,110,True,0,270.0
cluster_9,BLUE,GREEN,0,180,3.0,53,0,3714.0,2830.0,884.0,0.0,584,True,0,270.0
cluster_9,GREEN,001,0,180,3.0,1,0,1483.7,1413.8,69.9,0.0,456,True,0,270.0
cluster_9,GREEN,001,1,180,3.0,0,0,1307.0,1280.1,27.0,0.0,467,True,0,270.0
cluster_9,GREEN,003,0,180,3.0,5,0,973.6,859.4,114.2,0.0,468,True,0,270.0
cluster_9,GREEN,003,1,180,3.0,0,0,720.2,697.7,22.5,0.0,461,True,0,270.0
cluster_9,GREEN,009,0,180,3.0,3,0,1825.8,1829.2,0.0,3.4,458,True,0,270.0
cluster_9,GREEN,009,1,180,3.0,0,0,2194.3,2155.4,38.9,0.0,456,True,0,270.0
cluster_9,GREEN,013,0,180,3.0,0,1,2855.6,2371.2,484.4,0.0,461,True,0,270.0
cluster_9,GREEN,013,1,180,3.0,0,49,1244.6,1544.8,0.0,300.2,460,True,0,270.0
cluster_9,GREEN,016,0,180,3.0,15,0,2813.2,2453.9,359.3,0.0,462,True,0,270.0
cluster_9,GREEN,016,1,180,3.0,1,0,2894.6,2330.3,564.2,0.0,454,True,0,270.0
cluster_9,GREEN,018,0,180,3.0,0,40,1660.7,2286.4,0.0,625.7,462,True,0,270.0
cluster_9,GREEN,018,1,180,3.0,0,12,2103.9,2475.8,0.0,371.8,463,True,0,270.0
cluster_9,GREEN,102,0,180,3.0,0,9,3651.7,3598.0,53.8,0.0,452,True,0,270.0
cluster_9,GREEN,102,1,180,3.0,0,1,3676.8,3466.8,210.0,0.0,455,True,0,270.0
cluster_9,GREEN,103,0,180,3.0,11,0,3495.7,3210.8,284.9,0.0,445,True,0,270.0
cluster_9,GREEN,103,1,180,3.0,23,0,3360.1,3307.8,52.3,0.0,448,True,0,270.0
cluster_9,GREEN,106,0,180,3.0,11,0,3825.3,3719.4,105.9,0.0,464,True,0,270.0
cluster_9,GREEN,106,1,180,3.0,3,0,3451.0,3396.4,54.6,0.0,460,True,0,270.0
cluster_9,GREEN,109,0,180,3.0,0,4,3353.0,3456.9,0.0,103.9,464,True,0,270.0
cluster_9,GREEN,109,1,180,3.0,0,11,3858.0,4058.1,0.0,200.1,455,True,0,270.0
cluster_9,GREEN,128,0,180,3.0,15,0,3783.2,3582.5,200.7,0.0,467,True,0,270.0
cluster_9,GREEN,128,1,180,3.0,0,9,4013.2,4131.4,0.0,118.2,461,True,0,270.0
cluster_9,GREEN,145,0,180,3.0,0,3,3365.0,3320.3,44.7,0.0,464,True,0,270.0
cluster_9,GREEN,145,1,180,3.0,8,0,3664.7,3663.4,1.2,0.0,455,True,0,270.0
cluster_9,GREEN,147,0,180,3.0,10,0,2977.4,3094.8,0.0,117.4,464,True,0,270.0
cluster_9,GREEN,147,1,180,3.0,6,0,2981.4,3069.3,0.0,88.0,453,True,0,270.0
cluster_9,GREEN,205,0,180,3.0,9,0,6757.6,6583.7,173.9,0.0,464,True,0,270.0
cluster_9,GREEN,205,1,180,3.0,0,9,6168.2,6418.7,0.0,250.5,458,True,0,270.0
cluster_9,GREEN,207,0,180,3.0,6,0,6223.6,6235.7,0.0,12.1,445,True,0,270.0
cluster_9,GREEN,207,1,180,3.0,0,5,8347.9,8295.2,52.7,0.0,445,True,0,270.0
cluster_9,GREEN,214,0,180,3.0,7,0,4931.1,4613.7,317.4,0.0,459,True,0,270.0
cluster_9,GREEN,214,1,180,3.0,0,1,5860.8,5602.2,258.6,0.0,449,True,0,270.0
cluster_9,GREEN,224,0,180,3.0,15,0,3130.3,3131.4,0.0,1.1,459,True,0,270.0
cluster_9,GREEN,224,1,180,3.0,4,0,8896.5,8511.5,385.0,0.0,440,True,0,270.0
cluster_9,GREEN,230,0,180,3.0,8,0,5037.1,4976.4,60.7,0.0,455,True,0,270.0
cluster_9,GREEN,230,1,180,3.0,8,0,5557.7,5381.2,176.4,0.0,448,True,0,270.0
cluster_9,GREEN,237,0,180,3.0,0,3,5584.3,5577.3,7.1,0.0,444,True,0,270.0
cluster_9,GREEN,237,1,180,3.0,13,0,4533.8,4195.9,337.9,0.0,444,True,0,270.0
cluster_9,GREEN,239,0,180,3.0,0,21,5537.2,6142.5,0.0,605.4,447,True,0,270.0
cluster_9,GREEN,239,1,180,3.0,0,29,6329.4,7054.6,0.0,725.2,441,True,0,270.0
cluster_9,GREEN,249,0,180,3.0,10,0,6588.0,6184.4,403.5,0.0,444,True,0,270.0
cluster_9,GREEN,249,1,180,3.0,0,2,5540.5,5715.8,0.0,175.3,445,True,0,270.0
cluster_9,GREEN,306,0,180,3.0,0,4,14331.9,14210.3,121.6,0.0,320,True,0,270.0
cluster_9,GREEN,306,1,180,3.0,0,10,13904.3,14026.4,0.0,122.0,319,True,0,270.0
cluster_9,GREEN,308,0,180,3.0,0,1,22167.8,22648.8,0.0,481.1,329,True,0,270.0
cluster_9,GREEN,308,1,180,3.0,0,0,16847.6,16903.4,0.0,55.8,348,True,0,270.0
cluster_9,GREEN,421,0,180,3.0,0,11,14450.0,15050.0,0.0,600.0,322,True,0,270.0
cluster_9,GREEN,421,1,180,3.0,0,0,14574.0,14634.0,0.0,60.0,323,True,0,270.0
cluster_9,GREEN,425,0,180,3.0,9,0,1129.5,1122.3,7.2,0.0,336,True,0,270.0
cluster_9,GREEN,425,1,180,3.0,0,2,654.1,748.8,0.0,94.8,353,True,0,270.0
cluster_9,GREEN,620,0,180,3.0,102,0,4058.5,3422.5,636.0,0.0,428,True,0,270.0
cluster_9,GREEN,620,1,180,3.0,2,0,4054.0,3430.0,624.0,0.0,424,True,0,270.0
cluster_9,GREEN,BLUE,0,180,3.0,0,0,2547.5,2193.0,354.5,0.0,476,True,0,270.0
cluster_9,GREEN,BLUE,1,180,3.0,0,50,1220.0,1485.5,0.0,265.5,467,True,0,270.0
cluster_9,GREEN,GREEN,0,180,3.0,1,0,484.5,985.5,0.0,501.0,228,True,0,270.0
cluster_9,GREEN,GREEN,1,180,3.0,49,0,1933.5,1387.5,546.0,0.0,228,True,0,270.0
cluster_9,GREEN,ORANGE,0,180,3.0,106,0,2726.5,2058.5,668.0,0.0,467,True,0,270.0
cluster_9,GREEN,ORANGE,1,180,3.0,0,0,2514.0,2403.5,110.5,0.0,452,True,0,270.0
cluster_9,GREEN,RED,0,180,3.0,2,0,1479.0,1265.0,214.0,0.0,464,True,0,270.0
cluster_9,GREEN,RED,1,180,3.0,47,0,1741.0,1803.0,0.0,62.0,464,True,0,270.0
cluster_9,GREEN,TRE,0,180,3.0,0,18,8714.0,9643.0,0.0,929.0,415,True,0,270.0
cluster_9,GREEN,TRE,1,180,3.0,0,0,9227.0,9373.5,0.0,146.5,441,True,0,270.0
cluster_9,ORANGE,GREEN,0,180,3.0,0,51,2338.0,2642.0,0.0,304.0,455,True,0,270.0
cluster_9,RED,GREEN,0,180,3.0,94,0,3470.5,2366.5,1104.0,0.0,565,True,0,270.0
cluster_9,TRE,GREEN,0,180,3.0,18,0,313.0,196.0,117.0,0.0,58,True,0,270.0
cluster_924,GREEN,GREEN,0,180,3.0,0,45,802.0,982.0,0.0,180.0,60,True,0,270.0
cluster_924,GREEN,GREEN,1,180,3.0,0,47,210.0,970.0,0.0,760.0,60,True,0,270.0
cluster_925,232,GREEN,0,180,3.0,7,0,650.0,571.0,79.0,0.0,67,True,0,270.0
cluster_925,GREEN,232,0,180,3.0,9,0,2050.0,1919.0,131.0,0.0,113,True,0,270.0
cluster_925,GREEN,232,1,180,3.0,0,3,2074.5,2119.5,0.0,45.0,112,True,0,270.0
cluster_925,GREEN,GREEN,0,180,3.0,0,1,187.0,367.0,0.0,180.0,60,True,0,270.0
cluster_925,GREEN,GREEN,1,180,3.0,0,1,850.0,696.5,153.5,0.0,60,True,0,270.0
cluster_926,233,GREEN,0,180,3.0,0,10,693.0,743.0,0.0,50.0,64,True,0,270.0
cluster_926,GREEN,233,0,180,3.0,9,0,2501.5,2561.0,0.0,59.5,117,True,0,270.0
cluster_926,GREEN,233,1,180,3.0,0,0,2288.0,2179.0,109.0,0.0,116,True,0,270.0
cluster_926,GREEN,GREEN,0,180,3.0,0,2,424.5,601.5,0.0,177.0,59,True,0,270.0
cluster_926,GREEN,GREEN,1,180,3.0,0,0,623.0,469.5,153.5,0.0,59,True,0,270.0
cluster_927,GREEN,GREEN,0,180,3.0,0,0,669.5,823.5,0.0,154.0,59,True,0,270.0
cluster_927,GREEN,GREEN,1,180,3.0,2,0,376.5,199.5,177.0,0.0,59,True,0,270.0
cluster_928,005,GREEN,0,180,3.0,20,0,1725.5,1456.5,269.0,0.0,147,True,0,270.0
cluster_928,103,GREEN,0,180,3.0,0,8,988.5,1013.0,0.0,24.5,89,True,0,270.0
cluster_928,207,GREEN,0,180,3.0,6,0,1029.0,1147.0,0.0,118.0,106,True,0,270.0
cluster_928,GREEN,005,0,180,3.0,11,0,872.5,858.5,14.0,0.0,116,True,0,270.0
cluster_928,GREEN,005,1,180,3.0,0,7,915.5,998.5,0.0,83.0,116,True,0,270.0
cluster_928,GREEN,103,0,180,3.0,0,17,1547.5,1791.5,0.0,244.0,110,True,0,270.0
cluster_928,GREEN,103,1,180,3.0,0,1,1395.5,1264.0,131.5,0.0,111,True,0,270.0
cluster_928,GREEN,207,0,180,3.0,2,0,2213.3,2056.1,157.2,0.0,109,True,0,270.0
cluster_928,GREEN,207,1,180,3.0,0,2,2339.1,2256.1,83.0,0.0,110,True,0,270.0
cluster_928,GREEN,GREEN,0,180,3.0,0,48,877.0,1015.0,0.0,138.0,56,True,0,270.0
cluster_928,GREEN,GREEN,1,180,3.0,49,0,1077.5,912.5,165.0,0.0,55,True,0,270.0
cluster_928,GREEN,ORANGE,0,180,3.0,0,0,1526.5,1355.5,171.0,0.0,116,True,0,270.0
cluster_928,GREEN,ORANGE,1,180,3.0,0,3,1363.0,1276.0,87.0,0.0,114,True,0,270.0
cluster_928,ORANGE,GREEN,0,180,3.0,0,0,458.0,800.0,0.0,342.0,114,True,0,270.0
cluster_929,306,GREEN,0,180,3.0,0,20,506.0,592.0,0.0,86.0,42,True,0,270.0
cluster_929,GREEN,306,0,180,3.0,0,1,4004.5,3956.5,48.0,0.0,79,True,0,270.0
cluster_929,GREEN,306,1,180,3.0,0,18,3804.5,4281.5,0.0,477.0,78,True,0,270.0
cluster_929,GREEN,GREEN,0,180,3.0,0,0,351.0,519.0,0.0,168.0,56,True,0,270.0
cluster_929,GREEN,GREEN,1,180,3.0,0,0,608.0,440.0,168.0,0.0,56,True,0,270.0
cluster_929,GREEN,ORANGE,0,180,3.0,0,0,1002.5,831.5,171.0,0.0,116,True,0,270.0
cluster_929,GREEN,ORANGE,1,180,3.0,0,0,922.0,747.5,174.5,0.0,114,True,0,270.0
cluster_929,ORANGE,GREEN,0,180,3.0,0,1,910.0,1252.0,0.0,342.0,114,True,0,270.0
cluster_1,027,ORANGE,1,-180,-3.0,0,226,4814.1,7356.6,0.0,2542.5,795,True,0,270.0
cluster_1,ORANGE,027,0,-180,-3.0,0,47,784.7,927.5,0.0,142.8,106,True,0,270.0
cluster_1,ORANGE,027,1,-180,-3.0,0,17,510.4,667.0,0.0,156.6,106,True,0,270.0
cluster_1,ORANGE,ORANGE,0,-180,-3.0,0,2,303.0,456.0,0.0,153.0,51,True,0,270.0
cluster_1,ORANGE,ORANGE,1,-180,-3.0,0,2,573.5,495.0,78.5,0.0,52,True,0,270.0
cluster_1,ORANGE,RED,0,-180,-3.0,0,46,1228.0,1367.0,0.0,139.0,106,True,0,270.0
cluster_1,ORANGE,RED,1,-180,-3.0,1,0,563.0,701.0,0.0,138.0,106,True,0,270.0
cluster_1,RED,ORANGE,1,-180,-3.0,0,46,611.5,1241.0,0.0,629.5,106,True,0,270.0
cluster_1016,ORANGE,ORANGE,0,-180,-3.0,48,0,1028.0,240.0,788.0,0.0,59,True,0,270.0
cluster_1016,ORANGE,ORANGE,1,-180,-3.0,1,0,955.5,775.5,180.0,0.0,60,True,0,270.0
cluster_1017,227,ORANGE,1,-180,-3.0,0,6,1062.7,975.7,87.0,0.0,97,True,0,270.0
cluster_1017,ORANGE,227,0,-180,-3.0,0,6,1946.7,2114.7,0.0,168.0,113,True,0,270.0
cluster_1017,ORANGE,227,1,-180,-3.0,4,0,1973.5,1990.0,0.0,16.5,115,True,0,270.0
cluster_1017,ORANGE,ORANGE,0,-180,-3.0,0,46,758.0,910.0,0.0,152.0,59,True,0,270.0
cluster_1017,ORANGE,ORANGE,1,-180,-3.0,0,48,275.5,1057.5,0.0,782.0,60,True,0,270.0
cluster_1020,ORANGE,ORANGE,0,-180,-3.0,45,0,870.5,114.5,756.0,0.0,61,True,0,270.0
cluster_1020,ORANGE,ORANGE,1,-180,-3.0,46,0,1121.5,956.5,165.0,0.0,61,True,0,270.0
cluster_1020,ORANGE,SILVER,0,-180,-3.0,0,0,2675.0,2852.0,0.0,177.0,118,True,0,270.0
cluster_1020,ORANGE,SILVER,1,-180,-3.0,0,0,2157.0,2334.0,0.0,177.0,117,True,0,270.0
cluster_1020,SILVER,ORANGE,1,-180,-3.0,0,0,624.0,444.0,180.0,0.0,60,True,0,270.0
cluster_1058,ORANGE,ORANGE,0,-180,-3.0,4,0,649.5,670.5,0.0,21.0,60,True,0,270.0
cluster_1058,ORANGE,ORANGE,1,-180,-3.0,4,0,567.0,425.5,141.5,0.0,61,True,0,270.0
cluster_1062,ORANGE,ORANGE,0,-180,-3.0,0,0,283.0,346.0,0.0,63.0,21,True,0,270.0
cluster_1062,ORANGE,ORANGE,1,-180,-3.0,0,0,643.0,580.0,63.0,0.0,21,True,0,270.0
cluster_1062,ORANGE,RED,0,-180,-3.0,0,0,459.0,522.0,0.0,63.0,43,True,0,270.0
cluster_1062,ORANGE,RED,1,-180,-3.0,0,0,252.0,318.0,0.0,66.0,44,True,0,270.0
cluster_1062,RED,ORANGE,1,-180,-3.0,0,0,8118.0,7875.0,243.0,0.0,81,True,0,270.0
cluster_107,207,ORANGE,1,-180,-3.0,0,40,3357.0,3876.0,0.0,519.0,337,True,0,270.0
cluster_107,213,ORANGE,1,-180,-3.0,25,0,4330.7,4550.7,0.0,219.9,384,True,0,270.0
cluster_107,GREEN,ORANGE,1,-180,-3.0,0,49,933.0,1581.0,0.0,648.0,114,True,0,270.0
cluster_107,ORANGE,207,0,-180,-3.0,0,4,2040.1,2191.9,0.0,151.8,110,True,0,270.0
cluster_107,ORANGE,207,1,-180,-3.0,4,0,2317.0,2075.8,241.2,0.0,109,True,0,270.0
cluster_107,ORANGE,213,0,-180,-3.0,17,0,2116.3,1566.5,549.9,0.0,110,True,0,270.0
cluster_107,ORANGE,213,1,-180,-3.0,0,7,2128.9,2296.9,0.0,168.0,114,True,0,270.0
cluster_107,ORANGE,GREEN,0,-180,-3.0,0,1,918.0,1092.0,0.0,174.0,114,True,0,270.0
cluster_107,ORANGE,GREEN,1,-180,-3.0,0,0,1052.5,1217.5,0.0,165.0,111,True,0,270.0
cluster_107,ORANGE,ORANGE,0,-180,-3.0,2,0,586.5,679.5,0.0,93.0,56,True,0,270.0
cluster_107,ORANGE,ORANGE,1,-180,-3.0,3,0,494.5,326.5,168.0,0.0,56,True,0,270.0
cluster_14,001,ORANGE,1,-180,-3.0,0,2,763.2,911.4,0.0,148.2,41,True,0,270.0
cluster_14,009,ORANGE,1,-180,-3.0,5,0,2205.0,2218.9,0.0,13.9,77,True,0,270.0
cluster_14,018,ORANGE,1,-180,-3.0,1,0,1878.4,1823.5,54.9,0.0,79,True,0,270.0
cluster_14,023,ORANGE,1,-180,-3.0,2,0,1034.9,1014.9,20.0,0.0,47,True,0,270.0
cluster_14,214,ORANGE,1,-180,-3.0,0,0,450.8,392.3,58.5,0.0,23,True,0,270.0
cluster_14,249,ORANGE,1,-180,-3.0,0,0,925.9,824.6,101.3,0.0,36,True,0,270.0
cluster_14,421,ORANGE,1,-180,-3.0,0,0,175.3,148.3,27.0,0.0,9,True,0,270.0
cluster_14,GREEN,ORANGE,1,-180,-3.0,0,0,326.5,284.5,42.0,0.0,14,True,0,270.0
cluster_14,ORANGE,001,0,-180,-3.0,0,0,133.8,151.8,0.0,18.0,12,True,0,270.0
cluster_14,ORANGE,001,1,-180,-3.0,6,0,217.0,78.9,138.2,0.0,12,True,0,270.0
cluster_14,ORANGE,009,0,-180,-3.0,0,0,60.0,63.5,0.0,3.5,12,True,0,270.0
cluster_14,ORANGE,009,1,-180,-3.0,0,0,78.0,75.1,2.9,0.0,12,True,0,270.0
cluster_14,ORANGE,018,0,-180,-3.0,0,0,110.0,122.0,0.0,12.0,12,True,0,270.0
cluster_14,ORANGE,018,1,-180,-3.0,2,0,71.7,33.9,37.8,0.0,12,True,0,270.0
cluster_14,ORANGE,023,0,-180,-3.0,2,0,186.2,163.0,23.2,0.0,16,True,0,270.0
cluster_14,ORANGE,023,1,-180,-3.0,0,0,101.5,118.0,0.0,16.5,14,True,0,270.0
cluster_14,ORANGE,214,0,-180,-3.0,0,0,255.5,267.5,0.0,12.0,10,True,0,270.0
cluster_14,ORANGE,214,1,-180,-3.0,0,1,170.3,176.3,0.0,6.0,8,True,0,270.0
cluster_14,ORANGE,249,0,-180,-3.0,0,0,123.4,135.4,0.0,12.0,8,True,0,270.0
cluster_14,ORANGE,249,1,-180,-3.0,0,0,157.9,157.8,0.1,0.0,8,True,0,270.0
cluster_14,ORANGE,421,0,-180,-3.0,0,0,15.0,21.0,0.0,6.0,2,True,0,270.0
cluster_14,ORANGE,421,1,-180,-3.0,0,0,33.0,39.0,0.0,6.0,2,True,0,270.0
cluster_14,ORANGE,GREEN,0,-180,-3.0,0,0,121.0,139.0,0.0,18.0,12,True,0,270.0
cluster_14,ORANGE,GREEN,1,-180,-3.0,0,0,149.5,161.5,0.0,12.0,14,True,0,270.0
cluster_168,020,ORANGE,1,-180,-3.0,73,0,9407.3,8199.3,1208.0,0.0,754,True,0,270.0
cluster_168,213,ORANGE,1,-180,-3.0,9,0,1551.1,1625.1,0.0,74.0,130,True,0,270.0
cluster_168,233,ORANGE,1,-180,-3.0,0,34,4006.4,4086.8,0.0,80.4,424,True,0,270.0
cluster_168,GREEN,ORANGE,1,-180,-3.0,4,0,1356.5,1055.0,301.5,0.0,120,True,0,270.0
cluster_168,ORANGE,020,0,-180,-3.0,0,2,871.5,919.5,0.0,48.1,118,True,0,270.0
cluster_168,ORANGE,020,1,-180,-3.0,8,0,740.1,706.0,34.1,0.0,119,True,0,270.0
cluster_168,ORANGE,213,0,-180,-3.0,15,0,2541.9,1980.0,561.9,0.0,114,True,0,270.0
cluster_168,ORANGE,213,1,-180,-3.0,0,12,2142.5,2322.5,0.0,180.0,121,True,0,270.0
cluster_168,ORANGE,233,0,-180,-3.0,0,6,1561.4,1735.4,0.0,174.0,117,True,0,270.0
cluster_168,ORANGE,233,1,-180,-3.0,0,3,1863.0,1905.8,0.0,42.8,119,True,0,270.0
cluster_168,ORANGE,GREEN,0,-180,-3.0,3,0,817.0,823.5,0.0,6.5,125,True,0,270.0
cluster_168,ORANGE,GREEN,1,-180,-3.0,0,1,522.0,693.0,0.0,171.0,117,True,0,270.0
cluster_168,ORANGE,ORANGE,0,-180,-3.0,1,0,233.5,380.5,0.0,147.0,59,True,0,270.0
cluster_168,ORANGE,ORANGE,1,-180,-3.0,0,0,790.0,610.0,180.0,0.0,60,True,0,270.0
cluster_22,023,ORANGE,1,-180,-3.0,0,28,14551.5,11750.6,2800.9,0.0,1267,True,0,270.0
cluster_22,103,ORANGE,1,-180,-3.0,57,0,8347.2,6897.2,1450.0,0.0,630,True,0,270.0
cluster_22,207,ORANGE,1,-180,-3.0,19,0,7972.1,7916.6,55.6,0.0,724,True,0,270.0
cluster_22,237,ORANGE,1,-180,-3.0,0,83,4738.6,6262.2,0.0,1523.6,572,True,0,270.0
cluster_22,425,ORANGE,1,-180,-3.0,0,11,8392.2,8415.2,0.0,23.0,849,True,0,270.0
cluster_22,BLUE,ORANGE,1,-180,-3.0,48,0,1252.0,933.5,318.5,0.0,107,True,0,270.0
cluster_22,ORANGE,023,0,-180,-3.0,0,0,64.0,212.5,0.0,148.5,106,True,0,270.0
cluster_22,ORANGE,023,1,-180,-3.0,1,0,178.0,227.3,0.0,49.3,106,True,0,270.0
cluster_22,ORANGE,103,0,-180,-3.0,2,0,879.2,922.6,0.0,43.5,106,True,0,270.0
cluster_22,ORANGE,103,1,-180,-3.0,0,0,856.8,1006.8,0.0,150.0,106,True,0,270.0
cluster_22,ORANGE,207,0,-180,-3.0,4,0,1595.4,1612.4,0.0,17.0,106,True,0,270.0
cluster_22,ORANGE,207,1,-180,-3.0,0,4,1804.8,1928.8,0.0,124.0,105,True,0,270.0
cluster_22,ORANGE,237,0,-180,-3.0,3,0,1454.5,1302.7,151.8,0.0,105,True,0,270.0
cluster_22,ORANGE,237,1,-180,-3.0,10,0,1613.6,1363.7,249.9,0.0,106,True,0,270.0
cluster_22,ORANGE,425,0,-180,-3.0,0,6,234.8,312.2,0.0,77.4,89,True,0,270.0
cluster_22,ORANGE,425,1,-180,-3.0,0,0,319.5,232.8,86.7,0.0,89,True,0,270.0
cluster_22,ORANGE,BLUE,0,-180,-3.0,0,47,1551.0,1690.0,0.0,139.0,106,True,0,270.0
cluster_22,ORANGE,BLUE,1,-180,-3.0,0,1,1264.0,1423.0,0.0,159.0,106,True,0,270.0
cluster_22,ORANGE,ORANGE,0,-180,-3.0,0,0,77.5,227.5,0.0,150.0,50,True,0,270.0
cluster_22,ORANGE,ORANGE,1,-180,-3.0,0,0,767.0,614.0,153.0,0.0,51,True,0,270.0
cluster_22,ORANGE,RED,0,-180,-3.0,0,1,1056.0,1215.0,0.0,159.0,106,True,0,270.0
cluster_22,ORANGE,RED,1,-180,-3.0,0,1,723.0,882.0,0.0,159.0,106,True,0,270.0
cluster_22,RED,ORANGE,1,-180,-3.0,0,1,742.0,456.5,285.5,0.0,106,True,0,270.0
cluster_23,001,ORANGE,1,-180,-3.0,0,11,21144.1,21379.1,0.0,235.0,2030,True,0,270.0
cluster_23,023,ORANGE,1,-180,-3.0,156,0,11747.9,13920.4,0.0,2172.5,920,True,0,270.0
cluster_23,057,ORANGE,1,-180,-3.0,17,0,4828.7,6754.7,0.0,1926.0,443,True,0,270.0
cluster_23,101,ORANGE,1,-180,-3.0,0,26,3847.2,4850.4,0.0,1003.1,373,True,0,270.0
cluster_23,122,ORANGE,1,-180,-3.0,0,33,4021.7,5346.9,0.0,1325.3,384,True,0,270.0
cluster_23,213,ORANGE,1,-180,-3.0,0,21,2598.2,3317.7,0.0,719.5,251,True,0,270.0
cluster_23,219,ORANGE,1,-180,-3.0,0,41,2549.5,3274.5,0.0,725.0,270,True,0,270.0
cluster_23,230,ORANGE,1,-180,-3.0,0,31,5275.1,7025.6,0.0,1750.5,504,True,0,270.0
cluster_23,306,ORANGE,1,-180,-3.0,3,0,432.0,376.0,56.0,0.0,42,True,0,270.0
cluster_23,422,ORANGE,1,-180,-3.0,39,0,2800.0,2720.0,80.0,0.0,280,True,0,270.0
cluster_23,423,ORANGE,1,-180,-3.0,0,13,486.0,584.0,0.0,98.0,54,True,0,270.0
cluster_23,GREEN,ORANGE,1,-180,-3.0,3,0,1217.0,875.0,342.0,0.0,114,True,0,270.0
cluster_23,ORANGE,001,0,-180,-3.0,0,0,289.8,351.5,0.0,61.7,113,True,0,270.0
cluster_23,ORANGE,001,1,-180,-3.0,5,0,347.6,233.9,113.7,0.0,114,True,0,270.0
cluster_23,ORANGE,023,0,-180,-3.0,3,0,609.4,577.0,32.4,0.0,115,True,0,270.0
cluster_23,ORANGE,023,1,-180,-3.0,34,0,977.1,578.3,398.8,0.0,114,True,0,270.0
cluster_23,ORANGE,057,0,-180,-3.0,0,2,1159.8,982.6,177.3,0.0,114,True,0,270.0
cluster_23,ORANGE,057,1,-180,-3.0,46,0,1243.0,620.0,623.0,0.0,113,True,0,270.0
cluster_23,ORANGE,101,0,-180,-3.0,0,0,1119.8,1123.8,0.0,4.0,114,True,0,270.0
cluster_23,ORANGE,101,1,-180,-3.0,0,12,1252.2,1268.3,0.0,16.0,111,True,0,270.0
cluster_23,ORANGE,122,0,-180,-3.0,0,2,682.6,684.3,0.0,1.8,114,True,0,270.0
cluster_23,ORANGE,213,0,-180,-3.0,0,12,2076.4,2098.0,0.0,21.6,110,True,0,270.0
cluster_23,ORANGE,213,1,-180,-3.0,1,0,1560.7,1659.1,0.0,98.4,114,True,0,270.0
cluster_23,ORANGE,219,0,-180,-3.0,4,0,2019.9,2052.9,0.0,33.0,113,True,0,270.0
cluster_23,ORANGE,219,1,-180,-3.0,0,12,2623.2,2671.4,0.0,48.2,111,True,0,270.0
cluster_23,ORANGE,230,0,-180,-3.0,7,0,1471.9,1282.0,189.9,0.0,112,True,0,270.0
cluster_23,ORANGE,230,1,-180,-3.0,15,0,1577.0,1282.8,294.2,0.0,110,True,0,270.0
cluster_23,ORANGE,306,0,-180,-3.0,0,0,3995.0,4043.0,0.0,48.0,81,True,0,270.0
cluster_23,ORANGE,306,1,-180,-3.0,3,0,3966.0,4001.0,0.0,35.0,78,True,0,270.0
cluster_23,ORANGE,422,0,-180,-3.0,0,0,234.0,159.0,75.0,0.0,79,True,0,270.0
cluster_23,ORANGE,423,0,-180,-3.0,0,0,696.0,816.0,0.0,120.0,80,True,0,270.0
cluster_23,ORANGE,GREEN,0,-180,-3.0,3,0,690.0,794.0,0.0,104.0,114,True,0,270.0
cluster_23,ORANGE,GREEN,1,-180,-3.0,0,0,431.5,596.5,0.0,165.0,112,True,0,270.0
cluster_23,ORANGE,ORANGE,0,-180,-3.0,1,0,290.5,433.5,0.0,143.0,56,True,0,270.0
cluster_23,ORANGE,ORANGE,1,-180,-3.0,1,0,700.5,532.5,168.0,0.0,56,True,0,270.0
cluster_23,ORANGE,TRE,0,-180,-3.0,0,0,2244.5,2400.5,0.0,156.0,103,True,0,270.0
cluster_23,ORANGE,TRE,1,-180,-3.0,8,0,2332.5,2254.5,78.0,0.0,109,True,0,270.0
cluster_23,TRE,ORANGE,1,-180,-3.0,8,0,521.0,347.0,174.0,0.0,58,True,0,270.0
cluster_29,018,ORANGE,1,-180,-3.0,0,0,563.3,491.3,72.0,0.0,24,True,0,270.0
cluster_29,023,ORANGE,1,-180,-3.0,0,0,643.3,643.8,0.0,0.5,29,True,0,270.0
cluster_29,214,ORANGE,1,-180,-3.0,0,0,579.3,505.1,74.1,0.0,25,True,0,270.0
cluster_29,GREEN,ORANGE,1,-180,-3.0,0,1,131.0,138.0,0.0,7.0,7,True,0,270.0
cluster_29,ORANGE,018,0,-180,-3.0,0,0,33.5,39.5,0.0,6.0,6,True,0,270.0
cluster_29,ORANGE,018,1,-180,-3.0,0,0,36.5,42.5,0.0,6.0,6,True,0,270.0
cluster_29,ORANGE,023,0,-180,-3.0,1,0,97.6,88.2,9.4,0.0,8,True,0,270.0
cluster_29,ORANGE,023,1,-180,-3.0,0,0,70.0,79.0,0.0,9.0,6,True,0,270.0
cluster_29,ORANGE,214,0,-180,-3.0,0,0,101.3,107.3,0.0,6.0,5,True,0,270.0
cluster_29,ORANGE,214,1,-180,-3.0,0,0,54.4,57.4,0.0,3.0,4,True,0,270.0
cluster_29,ORANGE,GREEN,0,-180,-3.0,0,1,96.5,105.5,0.0,9.0,6,True,0,270.0
cluster_29,ORANGE,GREEN,1,-180,-3.0,0,0,75.5,81.5,0.0,6.0,7,True,0,270.0
cluster_527,200,ORANGE,1,-180,-3.0,0,8,30443.2,29907.0,536.1,0.0,313,True,0,270.0
cluster_527,202,ORANGE,1,-180,-3.0,7,0,21819.1,23479.1,0.0,1660.0,240,True,0,270.0
cluster_527,250,ORANGE,1,-180,-3.0,0,20,32931.7,32667.1,264.6,0.0,344,True,0,270.0
cluster_527,ORANGE,200,0,-180,-3.0,0,4,549.5,538.7,10.7,0.0,44,True,0,270.0
cluster_527,ORANGE,200,1,-180,-3.0,0,0,503.6,558.6,0.0,54.9,44,True,0,270.0
cluster_527,ORANGE,202,0,-180,-3.0,1,0,540.5,525.5,15.0,0.0,42,True,0,270.0
cluster_527,ORANGE,202,1,-180,-3.0,0,5,512.4,568.4,0.0,56.1,42,True,0,270.0
cluster_527,ORANGE,250,0,-180,-3.0,2,0,506.2,442.3,63.9,0.0,44,True,0,270.0
cluster_527,ORANGE,250,1,-180,-3.0,0,4,441.3,494.6,0.0,53.4,44,True,0,270.0
cluster_527,ORANGE,ORANGE,0,-180,-3.0,0,0,811.5,874.5,0.0,63.0,21,True,0,270.0
cluster_527,ORANGE,ORANGE,1,-180,-3.0,0,0,314.5,251.5,63.0,0.0,21,True,0,270.0
cluster_527,ORANGE,RED,0,-180,-3.0,0,0,439.0,505.0,0.0,66.0,44,True,0,270.0
cluster_527,ORANGE,RED,1,-180,-3.0,0,0,304.0,370.0,0.0,66.0,44,True,0,270.0
cluster_527,RED,ORANGE,1,-180,-3.0,0,0,8168.0,7925.0,243.0,0.0,81,True,0,270.0
cluster_6,003,ORANGE,1,-180,-3.0,28,0,4515.2,4244.3,270.9,0.0,545,True,0,270.0
cluster_6,017,ORANGE,1,-180,-3.0,84,0,15073.0,13647.4,1425.7,0.0,1524,True,0,270.0
cluster_6,205,ORANGE,1,-180,-3.0,4,0,677.7,511.7,166.0,0.0,87,True,0,270.0
cluster_6,249,ORANGE,1,-180,-3.0,15,0,1592.6,1602.6,0.0,10.0,180,True,0,270.0
cluster_6,440,ORANGE,1,-180,-3.0,29,0,18443.5,18116.5,327.0,0.0,2304,True,0,270.0
cluster_6,442,ORANGE,1,-180,-3.0,0,16,736.9,784.9,0.0,48.0,106,True,0,270.0
cluster_6,BLUE,ORANGE,1,-180,-3.0,0,3,545.0,453.0,92.0,0.0,108,True,0,270.0
cluster_6,ORANGE,003,0,-180,-3.0,0,4,1113.7,1118.2,0.0,4.5,212,True,0,270.0
cluster_6,ORANGE,003,1,-180,-3.0,4,0,1203.6,1181.2,22.4,0.0,212,True,0,270.0
cluster_6,ORANGE,017,0,-180,-3.0,0,2,576.0,632.4,0.0,56.4,212,True,0,270.0
cluster_6,ORANGE,017,1,-180,-3.0,1,0,466.9,590.8,0.0,123.9,212,True,0,270.0
cluster_6,ORANGE,205,0,-180,-3.0,0,0,4305.5,4623.5,0.0,318.0,212,True,0,270.0
cluster_6,ORANGE,205,1,-180,-3.0,0,6,4014.6,4154.6,0.0,140.0,212,True,0,270.0
cluster_6,ORANGE,249,0,-180,-3.0,20,0,3135.8,2707.8,428.0,0.0,210,True,0,270.0
cluster_6,ORANGE,249,1,-180,-3.0,0,0,3672.8,3750.3,0.0,77.6,206,True,0,270.0
cluster_6,ORANGE,440,0,-180,-3.0,0,0,126.5,156.0,0.0,29.5,183,True,0,270.0
cluster_6,ORANGE,440,1,-180,-3.0,0,0,313.8,286.5,27.3,0.0,182,True,0,270.0
cluster_6,ORANGE,442,0,-180,-3.0,0,19,1611.3,1916.3,0.0,305.0,208,True,0,270.0
cluster_6,ORANGE,BLUE,0,-180,-3.0,0,0,2082.0,2287.5,0.0,205.5,212,True,0,270.0
cluster_6,ORANGE,BLUE,1,-180,-3.0,0,52,2640.5,2938.5,0.0,298.0,212,True,0,270.0
cluster_6,ORANGE,ORANGE,0,-180,-3.0,0,48,1112.5,1400.5,0.0,288.0,102,True,0,270.0
cluster_6,ORANGE,ORANGE,1,-180,-3.0,0,0,457.5,268.0,189.5,0.0,104,True,0,270.0
cluster_6,ORANGE,RED,0,-180,-3.0,0,2,1057.0,1352.5,0.0,295.5,212,True,0,270.0
cluster_6,ORANGE,RED,1,-180,-3.0,0,0,2145.5,2444.0,0.0,298.5,212,True,0,270.0
cluster_6,RED,ORANGE,1,-180,-3.0,0,1,2084.0,1511.5,572.5,0.0,212,True,0,270.0
cluster_666,236,ORANGE,1,-180,-3.0,0,6,21473.1,21285.2,187.9,0.0,218,True,0,270.0
cluster_666,247,ORANGE,1,-180,-3.0,9,0,32473.5,32464.2,9.3,0.0,335,True,0,270.0
cluster_666,ORANGE,236,0,-180,-3.0,7,0,592.4,457.0,135.4,0.0,43,True,0,270.0
cluster_666,ORANGE,236,1,-180,-3.0,0,3,353.9,413.9,0.0,60.0,43,True,0,270.0
cluster_666,ORANGE,247,0,-180,-3.0,0,1,455.0,471.8,0.0,16.8,44,True,0,270.0
cluster_666,ORANGE,247,1,-180,-3.0,3,0,511.8,472.8,39.0,0.0,44,True,0,270.0
cluster_666,ORANGE,ORANGE,0,-180,-3.0,0,1,346.0,409.0,0.0,63.0,21,True,0,270.0
cluster_666,ORANGE,ORANGE,1,-180,-3.0,0,1,580.0,537.0,43.0,0.0,21,True,0,270.0
cluster_666,ORANGE,RED,0,-180,-3.0,0,19,522.0,585.0,0.0,63.0,43,True,0,270.0
cluster_666,ORANGE,RED,1,-180,-3.0,0,0,186.0,252.0,0.0,66.0,44,True,0,270.0
cluster_666,ORANGE,SILVER,0,-180,-3.0,7,0,638.0,491.0,147.0,0.0,43,True,0,270.0
cluster_666,ORANGE,SILVER,1,-180,-3.0,0,6,938.0,1004.0,0.0,66.0,44,True,0,270.0
cluster_666,RED,ORANGE,1,-180,-3.0,0,18,7998.0,8498.0,0.0,500.0,81,True,0,270.0
cluster_666,SILVER,ORANGE,1,-180,-3.0,1,0,3576.0,3564.0,12.0,0.0,44,True,0,270.0
cluster_667,017,ORANGE,1,-180,-3.0,36,0,8315.3,6862.6,1452.6,0.0,630,True,0,270.0
cluster_667,413,ORANGE,1,-180,-3.0,0,25,373.0,717.0,0.0,344.0,52,True,0,270.0
cluster_667,417,ORANGE,1,-180,-3.0,0,11,571.0,623.0,0.0,52.0,56,True,0,270.0
cluster_667,419,ORANGE,1,-180,-3.0,0,15,444.0,584.5,0.0,140.5,54,True,0,270.0
cluster_667,ORANGE,017,0,-180,-3.0,0,1,556.0,715.0,0.0,159.0,106,True,0,270.0
cluster_667,ORANGE,017,1,-180,-3.0,0,2,371.3,484.6,0.0,113.3,106,True,0,270.0
cluster_667,ORANGE,413,0,-180,-3.0,0,2,6283.0,6412.0,0.0,129.0,86,True,0,270.0
cluster_667,ORANGE,417,0,-180,-3.0,0,0,5337.0,5466.0,0.0,129.0,87,True,0,270.0
cluster_667,ORANGE,419,0,-180,-3.0,0,1,5743.0,5872.0,0.0,129.0,86,True,0,270.0
cluster_667,ORANGE,ORANGE,0,-180,-3.0,0,46,767.5,897.5,0.0,130.0,50,True,0,270.0
cluster_667,ORANGE,ORANGE,1,-180,-3.0,0,48,126.5,945.0,0.0,818.5,53,True,0,270.0
cluster_667,ORANGE,RED,0,-180,-3.0,0,2,798.0,957.0,0.0,159.0,106,True,0,270.0
cluster_667,ORANGE,RED,1,-180,-3.0,1,0,1013.0,1151.0,0.0,138.0,106,True,0,270.0
cluster_667,RED,ORANGE,1,-180,-3.0,0,1,1029.0,761.0,268.0,0.0,106,True,0,270.0
cluster_717,020,ORANGE,1,-180,-3.0,12,0,2286.0,2480.3,0.0,194.3,212,True,0,270.0
cluster_717,027,ORANGE,1,-180,-3.0,49,0,1756.5,1489.0,267.5,0.0,105,True,0,270.0
cluster_717,ORANGE,020,0,-180,-3.0,0,15,768.5,718.8,49.7,0.0,106,True,0,270.0
cluster_717,ORANGE,020,1,-180,-3.0,4,0,1075.2,908.3,166.9,0.0,106,True,0,270.0
cluster_717,ORANGE,027,0,-180,-3.0,0,42,1604.0,1623.0,0.0,19.0,106,True,0,270.0
cluster_717,ORANGE,027,1,-180,-3.0,0,1,780.0,939.0,0.0,159.0,106,True,0,270.0
cluster_717,ORANGE,ORANGE,0,-180,-3.0,0,0,99.0,252.0,0.0,153.0,51,True,0,270.0
cluster_717,ORANGE,ORANGE,1,-180,-3.0,0,0,781.5,625.5,156.0,0.0,52,True,0,270.0
cluster_717,ORANGE,RED,0,-180,-3.0,0,1,1016.0,1175.0,0.0,159.0,106,True,0,270.0
cluster_717,ORANGE,RED,1,-180,-3.0,1,0,754.0,892.0,0.0,138.0,106,True,0,270.0
cluster_717,RED,ORANGE,1,-180,-3.0,1,0,821.0,505.5,315.5,0.0,106,True,0,270.0
cluster_809,022,ORANGE,1,-180,-3.0,15,0,956.0,720.5,235.5,0.0,106,True,0,270.0
cluster_809,241,ORANGE,1,-180,-3.0,2,0,696.0,555.5,140.5,0.0,61,True,0,270.0
cluster_809,ORANGE,022,0,-180,-3.0,0,24,855.0,932.0,0.0,77.0,106,True,0,270.0
cluster_809,ORANGE,022,1,-180,-3.0,0,13,1326.0,1395.0,0.0,69.0,106,True,0,270.0
cluster_809,ORANGE,241,0,-180,-3.0,3,0,2108.5,2115.5,0.0,7.0,103,True,0,270.0
cluster_809,ORANGE,241,1,-180,-3.0,0,0,1616.0,1775.0,0.0,159.0,106,True,0,270.0
cluster_809,ORANGE,ORANGE,0,-180,-3.0,0,1,567.5,717.5,0.0,150.0,50,True,0,270.0
cluster_809,ORANGE,ORANGE,1,-180,-3.0,0,0,336.0,179.5,156.5,0.0,53,True,0,270.0
cluster_809,ORANGE,RED,0,-180,-3.0,0,0,586.0,745.0,0.0,159.0,106,True,0,270.0
cluster_809,ORANGE,RED,1,-180,-3.0,1,0,1225.0,1363.0,0.0,138.0,106,True,0,270.0
cluster_809,RED,ORANGE,1,-180,-3.0,1,0,1241.0,923.0,318.0,0.0,106,True,0,270.0
cluster_810,238,ORANGE,1,-180,-3.0,0,2,4877.5,4870.5,7.0,0.0,49,True,0,270.0
cluster_810,243,ORANGE,1,-180,-3.0,0,5,4867.5,4820.5,47.0,0.0,49,True,0,270.0
cluster_810,244,ORANGE,1,-180,-3.0,7,0,4341.5,4220.5,121.0,0.0,47,True,0,270.0
cluster_810,ORANGE,238,0,-180,-3.0,0,6,672.0,738.0,0.0,66.0,44,True,0,270.0
cluster_810,ORANGE,238,1,-180,-3.0,1,0,685.0,631.0,54.0,0.0,44,True,0,270.0
cluster_810,ORANGE,243,0,-180,-3.0,3,0,670.0,621.0,49.0,0.0,44,True,0,270.0
cluster_810,ORANGE,243,1,-180,-3.0,1,0,690.0,723.5,0.0,33.5,44,True,0,270.0
cluster_810,ORANGE,244,0,-180,-3.0,3,0,718.5,687.5,31.0,0.0,43,True,0,270.0
cluster_810,ORANGE,244,1,-180,-3.0,6,0,693.5,561.0,132.5,0.0,41,True,0,270.0
cluster_810,ORANGE,ORANGE,0,-180,-3.0,1,0,937.5,970.5,0.0,33.0,21,True,0,270.0
cluster_810,ORANGE,ORANGE,1,-180,-3.0,1,0,208.5,145.5,63.0,0.0,21,True,0,270.0
cluster_810,ORANGE,RED,0,-180,-3.0,20,0,571.0,226.5,344.5,0.0,44,True,0,270.0
cluster_810,ORANGE,RED,1,-180,-3.0,0,0,573.0,639.0,0.0,66.0,44,True,0,270.0
cluster_810,RED,ORANGE,1,-180,-3.0,19,0,8718.0,8475.0,243.0,0.0,81,True,0,270.0
cluster_811,408,ORANGE,1,-180,-3.0,0,8,2409.0,2463.0,0.0,54.0,42,True,0,270.0
cluster_811,ORANGE,408,0,-180,-3.0,0,0,424.5,476.0,0.0,51.5,35,True,0,270.0
cluster_811,ORANGE,408,1,-180,-3.0,0,9,513.0,566.5,0.0,53.5,34,True,0,270.0
cluster_811,ORANGE,ORANGE,0,-180,-3.0,0,0,1023.0,1086.0,0.0,63.0,21,True,0,270.0
cluster_811,ORANGE,ORANGE,1,-180,-3.0,0,0,93.0,30.0,63.0,0.0,21,True,0,270.0
cluster_811,ORANGE,RED,0,-180,-3.0,0,0,279.0,342.0,0.0,63.0,43,True,0,270.0
cluster_811,ORANGE,RED,1,-180,-3.0,0,0,452.0,518.0,0.0,66.0,44,True,0,270.0
cluster_811,RED,ORANGE,1,-180,-3.0,0,0,8498.0,8255.0,243.0,0.0,81,True,0,270.0
cluster_828,232,ORANGE,1,-180,-3.0,0,6,4426.0,4844.0,0.0,418.0,48,True,0,270.0
cluster_828,245,ORANGE,1,-180,-3.0,0,2,4279.0,4637.0,0.0,358.0,48,True,0,270.0
cluster_828,883E,ORANGE,1,-180,-3.0,0,5,10993.0,11307.0,0.0,314.0,96,True,0,270.0
cluster_828,ORANGE,232,0,-180,-3.0,0,0,694.0,668.0,26.0,0.0,42,True,0,270.0
cluster_828,ORANGE,232,1,-180,-3.0,0,7,720.0,786.0,0.0,66.0,44,True,0,270.0
cluster_828,ORANGE,245,0,-180,-3.0,0,4,789.0,798.0,0.0,9.0,44,True,0,270.0
cluster_828,ORANGE,245,1,-180,-3.0,1,0,806.0,779.0,27.0,0.0,42,True,0,270.0
cluster_828,ORANGE,883E,0,-180,-3.0,0,6,175.0,229.0,0.0,54.0,36,True,0,270.0
cluster_828,ORANGE,883E,1,-180,-3.0,0,0,326.0,285.0,41.0,0.0,34,True,0,270.0
cluster_828,ORANGE,ORANGE,0,-180,-3.0,18,0,1128.0,241.0,887.0,0.0,21,True,0,270.0
cluster_828,ORANGE,ORANGE,1,-180,-3.0,19,0,748.0,685.0,63.0,0.0,21,True,0,270.0
cluster_828,ORANGE,RED,0,-180,-3.0,1,0,384.0,417.0,0.0,33.0,43,True,0,270.0
cluster_828,ORANGE,RED,1,-180,-3.0,0,0,362.0,428.0,0.0,66.0,44,True,0,270.0
cluster_828,ORANGE,SILVER,0,-180,-3.0,0,0,470.0,533.0,0.0,63.0,44,True,0,270.0
cluster_828,ORANGE,SILVER,1,-180,-3.0,0,6,770.0,836.0,0.0,66.0,44,True,0,270.0
cluster_828,RED,ORANGE,1,-180,-3.0,1,0,8318.0,8075.0,243.0,0.0,81,True,0,270.0
cluster_828,SILVER,ORANGE,1,-180,-3.0,0,6,3634.0,3622.0,12.0,0.0,44,True,0,270.0
cluster_829,234,ORANGE,1,-180,-3.0,0,0,11715.8,11515.8,200.0,0.0,120,True,0,270.0
cluster_829,236,ORANGE,1,-180,-3.0,9,0,20109.9,20174.2,0.0,64.3,192,True,0,270.0
cluster_829,247,ORANGE,1,-180,-3.0,0,11,14541.9,15323.4,0.0,781.5,162,True,0,270.0
cluster_829,ORANGE,234,0,-180,-3.0,0,2,586.8,647.0,0.0,60.3,43,True,0,270.0
cluster_829,ORANGE,234,1,-180,-3.0,3,0,500.9,477.8,23.2,0.0,43,True,0,270.0
cluster_829,ORANGE,236,0,-180,-3.0,1,0,517.1,545.1,0.0,28.0,43,True,0,270.0
cluster_829,ORANGE,236,1,-180,-3.0,4,0,525.2,472.1,53.2,0.0,42,True,0,270.0
cluster_829,ORANGE,247,0,-180,-3.0,2,0,632.2,634.3,0.0,2.1,44,True,0,270.0
cluster_829,ORANGE,247,1,-180,-3.0,0,1,595.0,627.1,0.0,32.1,44,True,0,270.0
cluster_829,ORANGE,ORANGE,0,-180,-3.0,0,0,410.5,473.5,0.0,63.0,21,True,0,270.0
cluster_829,ORANGE,ORANGE,1,-180,-3.0,0,0,505.5,442.5,63.0,0.0,21,True,0,270.0
cluster_829,ORANGE,RED,0,-180,-3.0,0,0,226.5,289.5,0.0,63.0,43,True,0,270.0
cluster_829,ORANGE,RED,1,-180,-3.0,0,0,517.0,583.0,0.0,66.0,44,True,0,270.0
cluster_829,RED,ORANGE,1,-180,-3.0,0,0,8562.5,8322.5,240.0,0.0,80,True,0,270.0
cluster_876,GREEN,ORANGE,1,-180,-3.0,52,0,1650.5,1311.5,339.0,0.0,113,True,0,270.0
cluster_876,ORANGE,GREEN,0,-180,-3.0,52,0,1238.0,322.0,916.0,0.0,114,True,0,270.0
cluster_876,ORANGE,GREEN,1,-180,-3.0,0,0,862.5,1027.5,0.0,165.0,113,True,0,270.0
cluster_876,ORANGE,ORANGE,0,-180,-3.0,0,51,787.5,952.5,0.0,165.0,55,True,0,270.0
cluster_876,ORANGE,ORANGE,1,-180,-3.0,0,50,207.0,1057.5,0.0,850.5,56,True,0,270.0
cluster_876,ORANGE,TRE,0,-180,-3.0,0,0,2586.5,2742.5,0.0,156.0,104,True,0,270.0
cluster_876,ORANGE,TRE,1,-180,-3.0,21,0,2640.0,1908.0,732.0,0.0,109,True,0,270.0
cluster_876,TRE,ORANGE,1,-180,-3.0,0,1,661.5,517.5,144.0,0.0,58,True,0,270.0
cluster_9,001,ORANGE,1,-180,-3.0,78,0,6505.4,6251.8,253.6,0.0,1159,True,0,270.0
cluster_9,003,ORANGE,1,-180,-3.0,12,0,10795.4,10425.8,369.5,0.0,1847,True,0,270.0
cluster_9,009,ORANGE,1,-180,-3.0,0,33,6491.2,6773.9,0.0,282.7,1140,True,0,270.0
cluster_9,013,ORANGE,1,-180,-3.0,0,168,6083.3,9097.1,0.0,3013.8,1186,True,0,270.0
cluster_9,016,ORANGE,1,-180,-3.0,72,0,5486.9,3910.4,1576.5,0.0,678,True,0,270.0
cluster_9,018,ORANGE,1,-180,-3.0,0,64,1478.4,1996.4,0.0,518.0,616,True,0,270.0
cluster_9,102,ORANGE,1,-180,-3.0,65,0,5345.9,4756.1,589.8,0.0,752,True,0,270.0
cluster_9,103,ORANGE,1,-180,-3.0,9,0,3378.1,2853.1,525.0,0.0,528,True,0,270.0
cluster_9,106,ORANGE,1,-180,-3.0,0,62,5599.6,4763.1,836.5,0.0,977,True,0,270.0
cluster_9,109,ORANGE,1,-180,-3.0,0,41,3617.1,3870.3,0.0,253.2,763,True,0,270.0
cluster_9,128,ORANGE,1,-180,-3.0,0,101,5310.6,6366.6,0.0,1056.0,981,True,0,270.0
cluster_9,145,ORANGE,1,-180,-3.0,0,28,4605.6,4323.5,282.1,0.0,809,True,0,270.0
cluster_9,147,ORANGE,1,-180,-3.0,0,9,3448.9,3415.6,33.3,0.0,799,True,0,270.0
cluster_9,205,ORANGE,1,-180,-3.0,14,0,2175.1,1851.6,323.5,0.0,365,True,0,270.0
cluster_9,207,ORANGE,1,-180,-3.0,0,34,3683.2,4407.9,0.0,724.6,698,True,0,270.0
cluster_9,214,ORANGE,1,-180,-3.0,0,13,3718.4,3966.8,0.0,248.5,627,True,0,270.0
cluster_9,224,ORANGE,1,-180,-3.0,0,10,2687.4,2584.9,102.5,0.0,433,True,0,270.0
cluster_9,230,ORANGE,1,-180,-3.0,0,2,2736.1,2372.6,363.5,0.0,526,True,0,270.0
cluster_9,237,ORANGE,1,-180,-3.0,0,69,3268.9,4508.4,0.0,1239.5,669,True,0,270.0
cluster_9,239,ORANGE,1,-180,-3.0,0,99,2137.9,3421.9,0.0,1284.0,517,True,0,270.0
cluster_9,249,ORANGE,1,-180,-3.0,0,26,1929.6,2287.6,0.0,358.0,372,True,0,270.0
cluster_9,306,ORANGE,1,-180,-3.0,0,113,2748.3,4476.3,0.0,1728.0,668,True,0,270.0
cluster_9,308,ORANGE,1,-180,-3.0,0,9,5436.6,5155.1,281.5,0.0,1046,True,0,270.0
cluster_9,421,ORANGE,1,-180,-3.0,9,0,204.0,150.0,54.0,0.0,42,True,0,270.0
cluster_9,425,ORANGE,1,-180,-3.0,0,2,5034.2,4869.8,164.5,0.0,1032,True,0,270.0
cluster_9,620,ORANGE,1,-180,-3.0,52,0,932.0,607.5,324.5,0.0,109,True,0,270.0
cluster_9,BLUE,ORANGE,1,-180,-3.0,0,54,2469.0,2918.0,0.0,449.0,572,True,0,270.0
cluster_9,GREEN,ORANGE,1,-180,-3.0,50,0,2514.0,1757.5,756.5,0.0,452,True,0,270.0
cluster_9,ORANGE,001,0,-180,-3.0,8,0,1281.0,1070.0,211.1,0.0,452,True,0,270.0
cluster_9,ORANGE,001,1,-180,-3.0,3,0,1338.1,1176.6,161.6,0.0,455,True,0,270.0
cluster_9,ORANGE,003,0,-180,-3.0,0,0,593.2,636.0,0.0,42.8,455,True,0,270.0
cluster_9,ORANGE,003,1,-180,-3.0,0,6,800.1,882.4,0.0,82.2,449,True,0,270.0
cluster_9,ORANGE,009,0,-180,-3.0,0,2,1665.4,1767.1,0.0,101.7,448,True,0,270.0
cluster_9,ORANGE,009,1,-180,-3.0,5,0,1740.2,1727.8,12.5,0.0,451,True,0,270.0
cluster_9,ORANGE,013,0,-180,-3.0,10,0,2513.6,2623.8,0.0,110.2,449,True,0,270.0
cluster_9,ORANGE,013,1,-180,-3.0,4,0,2101.1,1199.2,901.9,0.0,448,True,0,270.0
cluster_9,ORANGE,016,0,-180,-3.0,0,2,2451.3,2741.7,0.0,290.4,450,True,0,270.0
cluster_9,ORANGE,016,1,-180,-3.0,0,0,2500.3,2818.8,0.0,318.5,448,True,0,270.0
cluster_9,ORANGE,018,0,-180,-3.0,0,4,2364.1,1968.6,395.5,0.0,449,True,0,270.0
cluster_9,ORANGE,018,1,-180,-3.0,12,0,2997.8,2362.9,635.0,0.0,451,True,0,270.0
cluster_9,ORANGE,102,0,-180,-3.0,0,16,2896.0,3214.8,0.0,318.8,448,True,0,270.0
cluster_9,ORANGE,102,1,-180,-3.0,11,0,3706.3,3669.2,37.1,0.0,444,True,0,270.0
cluster_9,ORANGE,103,0,-180,-3.0,0,1,2985.0,3249.9,0.0,264.9,443,True,0,270.0
cluster_9,ORANGE,103,1,-180,-3.0,0,10,3301.7,3590.0,0.0,288.3,444,True,0,270.0
cluster_9,ORANGE,106,0,-180,-3.0,0,8,3503.0,3706.4,0.0,203.4,451,True,0,270.0
cluster_9,ORANGE,106,1,-180,-3.0,5,0,3613.5,3858.7,0.0,245.2,448,True,0,270.0
cluster_9,ORANGE,109,0,-180,-3.0,12,0,3258.8,2916.8,342.1,0.0,452,True,0,270.0
cluster_9,ORANGE,109,1,-180,-3.0,0,8,4066.2,4230.3,0.0,164.0,444,True,0,270.0
cluster_9,ORANGE,128,0,-180,-3.0,4,0,3432.6,3401.2,31.4,0.0,453,True,0,270.0
cluster_9,ORANGE,128,1,-180,-3.0,1,0,4306.6,4337.1,0.0,30.5,449,True,0,270.0
cluster_9,ORANGE,145,0,-180,-3.0,0,1,3185.0,3038.5,146.5,0.0,452,True,0,270.0
cluster_9,ORANGE,145,1,-180,-3.0,0,8,3569.3,3845.5,0.0,276.2,444,True,0,270.0
cluster_9,ORANGE,147,0,-180,-3.0,0,18,2917.4,3043.8,0.0,126.4,452,True,0,270.0
cluster_9,ORANGE,147,1,-180,-3.0,12,0,2886.2,2640.7,245.6,0.0,444,True,0,270.0
cluster_9,ORANGE,205,0,-180,-3.0,10,0,6396.5,6121.7,274.8,0.0,452,True,0,270.0
cluster_9,ORANGE,205,1,-180,-3.0,1,0,6447.9,6418.0,29.9,0.0,446,True,0,270.0
cluster_9,ORANGE,207,0,-180,-3.0,5,0,6066.6,5930.6,136.0,0.0,443,True,0,270.0
cluster_9,ORANGE,207,1,-180,-3.0,0,2,7908.5,7866.6,41.8,0.0,440,True,0,270.0
cluster_9,ORANGE,214,0,-180,-3.0,4,0,4641.5,4775.9,0.0,134.4,447,True,0,270.0
cluster_9,ORANGE,214,1,-180,-3.0,3,0,5486.2,5612.4,0.0,126.2,441,True,0,270.0
cluster_9,ORANGE,224,0,-180,-3.0,0,4,3038.9,3143.6,0.0,104.7,446,True,0,270.0
cluster_9,ORANGE,224,1,-180,-3.0,0,2,8577.0,9034.0,0.0,457.0,436,True,0,270.0
cluster_9,ORANGE,230,0,-180,-3.0,8,0,5151.6,4926.1,225.5,0.0,444,True,0,270.0
cluster_9,ORANGE,230,1,-180,-3.0,0,8,5583.8,5967.6,0.0,383.8,444,True,0,270.0
cluster_9,ORANGE,237,0,-180,-3.0,11,0,5729.1,5309.1,420.0,0.0,440,True,0,270.0
cluster_9,ORANGE,237,1,-180,-3.0,14,0,4119.2,4048.3,70.9,0.0,443,True,0,270.0
cluster_9,ORANGE,239,0,-180,-3.0,0,5,5985.1,5801.4,183.6,0.0,433,True,0,270.0
cluster_9,ORANGE,239,1,-180,-3.0,0,18,6810.2,6585.8,224.4,0.0,438,True,0,270.0
cluster_9,ORANGE,249,0,-180,-3.0,32,0,6513.0,5715.4,797.5,0.0,443,True,0,270.0
cluster_9,ORANGE,249,1,-180,-3.0,0,13,5634.7,5966.7,0.0,331.9,440,True,0,270.0
cluster_9,ORANGE,306,0,-180,-3.0,2,0,13994.5,13980.4,14.0,0.0,319,True,0,270.0
cluster_9,ORANGE,306,1,-180,-3.0,8,0,14464.5,13825.3,639.1,0.0,314,True,0,270.0
cluster_9,ORANGE,308,0,-180,-3.0,0,1,22634.4,22506.2,128.2,0.0,332,True,0,270.0
cluster_9,ORANGE,308,1,-180,-3.0,2,0,17254.5,16813.2,441.2,0.0,350,True,0,270.0
cluster_9,ORANGE,421,0,-180,-3.0,0,11,15040.0,14980.0,60.0,0.0,320,True,0,270.0
cluster_9,ORANGE,421,1,-180,-3.0,0,2,14570.0,14780.0,0.0,210.0,320,True,0,270.0
cluster_9,ORANGE,425,0,-180,-3.0,0,8,1003.1,1111.3,0.0,108.2,341,True,0,270.0
cluster_9,ORANGE,425,1,-180,-3.0,0,0,718.0,749.4,0.0,31.4,358,True,0,270.0
cluster_9,ORANGE,620,0,-180,-3.0,3,0,3456.0,4012.0,0.0,556.0,422,True,0,270.0
cluster_9,ORANGE,620,1,-180,-3.0,101,0,4364.0,2980.0,1384.0,0.0,423,True,0,270.0
cluster_9,ORANGE,BLUE,0,-180,-3.0,1,0,1874.0,1949.5,0.0,75.5,464,True,0,270.0
cluster_9,ORANGE,BLUE,1,-180,-3.0,4,0,2057.0,1020.5,1036.5,0.0,454,True,0,270.0
cluster_9,ORANGE,GREEN,0,-180,-3.0,0,51,2338.0,2271.0,67.0,0.0,455,True,0,270.0
cluster_9,ORANGE,GREEN,1,-180,-3.0,0,4,1983.0,2539.0,0.0,556.0,454,True,0,270.0
cluster_9,ORANGE,ORANGE,0,-180,-3.0,0,2,1030.0,1671.0,0.0,641.0,220,True,0,270.0
cluster_9,ORANGE,ORANGE,1,-180,-3.0,0,0,1372.0,726.5,645.5,0.0,220,True,0,270.0
cluster_9,ORANGE,RED,0,-180,-3.0,61,0,1926.5,712.5,1214.0,0.0,452,True,0,270.0
cluster_9,ORANGE,RED,1,-180,-3.0,0,50,1736.5,2334.5,0.0,598.0,452,True,0,270.0
cluster_9,ORANGE,TRE,0,-180,-3.0,0,18,9698.0,9542.0,156.0,0.0,416,True,0,270.0
cluster_9,ORANGE,TRE,1,-180,-3.0,0,7,9349.0,9673.0,0.0,324.0,436,True,0,270.0
cluster_9,RED,ORANGE,1,-180,-3.0,0,0,2411.0,2183.5,227.5,0.0,554,True,0,270.0
cluster_9,TRE,ORANGE,1,-180,-3.0,8,0,274.5,208.5,66.0,0.0,58,True,0,270.0
cluster_928,005,ORANGE,1,-180,-3.0,16,0,1567.0,1506.0,61.0,0.0,147,True,0,270.0
cluster_928,103,ORANGE,1,-180,-3.0,0,5,906.5,909.5,0.0,3.0,89,True,0,270.0
cluster_928,207,ORANGE,1,-180,-3.0,2,0,1025.0,990.5,34.5,0.0,104,True,0,270.0
cluster_928,GREEN,ORANGE,1,-180,-3.0,0,3,1363.0,1111.0,252.0,0.0,114,True,0,270.0
cluster_928,ORANGE,005,0,-180,-3.0,1,0,1076.5,977.5,99.0,0.0,115,True,0,270.0
cluster_928,ORANGE,005,1,-180,-3.0,15,0,910.5,826.5,84.0,0.0,115,True,0,270.0
cluster_928,ORANGE,103,0,-180,-3.0,0,1,1016.5,1181.5,0.0,165.0,110,True,0,270.0
cluster_928,ORANGE,103,1,-180,-3.0,0,4,1699.5,1705.5,0.0,6.0,109,True,0,270.0
cluster_928,ORANGE,207,0,-180,-3.0,5,0,2514.8,2377.6,137.2,0.0,109,True,0,270.0
cluster_928,ORANGE,207,1,-180,-3.0,2,0,2563.9,2488.4,75.5,0.0,108,True,0,270.0
cluster_928,ORANGE,GREEN,0,-180,-3.0,0,0,458.0,632.0,0.0,174.0,114,True,0,270.0
cluster_928,ORANGE,GREEN,1,-180,-3.0,0,0,659.5,824.5,0.0,165.0,112,True,0,270.0
cluster_928,ORANGE,ORANGE,0,-180,-3.0,47,0,1051.5,234.5,817.0,0.0,56,True,0,270.0
cluster_928,ORANGE,ORANGE,1,-180,-3.0,47,0,894.5,756.5,138.0,0.0,56,True,0,270.0
cluster_929,306,ORANGE,1,-180,-3.0,0,14,297.0,621.0,0.0,324.0,42,True,0,270.0
cluster_929,GREEN,ORANGE,1,-180,-3.0,0,0,922.0,582.5,339.5,0.0,114,True,0,270.0
cluster_929,ORANGE,306,0,-180,-3.0,3,0,4229.0,3914.0,315.0,0.0,80,True,0,270.0
cluster_929,ORANGE,306,1,-180,-3.0,0,15,4192.5,4197.5,0.0,5.0,77,True,0,270.0
cluster_929,ORANGE,GREEN,0,-180,-3.0,0,1,910.0,1084.0,0.0,174.0,114,True,0,270.0
cluster_929,ORANGE,GREEN,1,-180,-3.0,0,0,1126.5,1291.5,0.0,165.0,113,True,0,270.0
cluster_929,ORANGE,ORANGE,0,-180,-3.0,4,0,545.5,622.5,0.0,77.0,56,True,0,270.0
cluster_929,ORANGE,ORANGE,1,-180,-3.0,4,0,540.5,372.5,168.0,0.0,56,True,0,270.0
cluster_960,ORANGE,ORANGE,0,-180,-3.0,0,1,653.0,773.0,0.0,120.0,59,True,0,270.0
cluster_960,ORANGE,ORANGE,1,-180,-3.0,0,2,423.5,363.0,60.5,0.0,60,True,0,270.0
cluster_961,229,ORANGE,1,-180,-3.0,20,0,812.5,697.5,115.0,0.0,65,True,0,270.0
cluster_961,231,ORANGE,1,-180,-3.0,0,16,451.5,659.5,0.0,208.0,64,True,0,270.0
cluster_961,ORANGE,229,0,-180,-3.0,0,0,1900.0,1948.0,0.0,48.0,113,True,0,270.0
cluster_961,ORANGE,229,1,-180,-3.0,20,0,2532.0,1898.0,634.0,0.0,114,True,0,270.0
cluster_961,ORANGE,231,0,-180,-3.0,0,5,1958.0,2126.0,0.0,168.0,114,True,0,270.0
cluster_961,ORANGE,231,1,-180,-3.0,0,11,2379.0,2432.0,0.0,53.0,115,True,0,270.0
cluster_961,ORANGE,ORANGE,0,-180,-3.0,3,0,318.5,409.5,0.0,91.0,60,True,0,270.0
cluster_961,ORANGE,ORANGE,1,-180,-3.0,3,0,824.0,641.0,183.0,0.0,61,True,0,270.0
cluster_962,ORANGE,ORANGE,0,-180,-3.0,0,46,852.5,1035.5,0.0,183.0,61,True,0,270.0
cluster_962,ORANGE,ORANGE,1,-180,-3.0,0,46,211.5,950.5,0.0,739.0,61,True,0,270.0
cluster_1,027,ORANGE,1,-120,-2.0,0,159,4814.1,6434.1,0.0,1620.0,795,True,0,330.0
cluster_1,ORANGE,027,0,-120,-2.0,0,47,784.7,875.3,0.0,90.7,106,True,0,330.0
cluster_1,ORANGE,027,1,-120,-2.0,0,0,510.4,614.0,0.0,103.6,106,True,0,330.0
cluster_1,ORANGE,ORANGE,0,-120,-2.0,0,2,303.0,405.0,0.0,102.0,51,True,0,330.0
cluster_1,ORANGE,ORANGE,1,-120,-2.0,0,2,573.5,548.0,25.5,0.0,52,True,0,330.0
cluster_1,ORANGE,RED,0,-120,-2.0,0,46,1228.0,1314.0,0.0,86.0,106,True,0,330.0
cluster_1,ORANGE,RED,1,-120,-2.0,0,0,563.0,669.0,0.0,106.0,106,True,0,330.0
cluster_1,RED,ORANGE,1,-120,-2.0,0,47,611.5,1347.0,0.0,735.5,106,True,0,330.0
cluster_1016,ORANGE,ORANGE,0,-120,-2.0,47,0,1028.0,201.0,827.0,0.0,59,True,0,330.0
cluster_1016,ORANGE,ORANGE,1,-120,-2.0,1,0,955.5,835.5,120.0,0.0,60,True,0,330.0
cluster_1017,227,ORANGE,1,-120,-2.0,0,10,1062.7,1072.7,0.0,10.0,97,True,0,330.0
cluster_1017,ORANGE,227,0,-120,-2.0,0,5,1946.7,2058.7,0.0,112.0,113,True,0,330.0
cluster_1017,ORANGE,227,1,-120,-2.0,3,0,1973.5,1965.5,8.0,0.0,115,True,0,330.0
cluster_1017,ORANGE,ORANGE,0,-120,-2.0,1,0,758.0,851.0,0.0,93.0,59,True,0,330.0
cluster_1017,ORANGE,ORANGE,1,-120,-2.0,0,48,275.5,1117.5,0.0,842.0,60,True,0,330.0
cluster_1020,ORANGE,ORANGE,0,-120,-2.0,0,1,870.5,992.5,0.0,122.0,61,True,0,330.0
cluster_1020,ORANGE,ORANGE,1,-120,-2.0,0,0,1121.5,1017.5,104.0,0.0,61,True,0,330.0
cluster_1020,ORANGE,SILVER,0,-120,-2.0,0,0,2675.0,2793.0,0.0,118.0,118,True,0,330.0
cluster_1020,ORANGE,SILVER,1,-120,-2.0,0,0,2157.0,2275.0,0.0,118.0,117,True,0,330.0
cluster_1020,SILVER,ORANGE,1,-120,-2.0,0,0,624.0,504.0,120.0,0.0,60,True,0,330.0
cluster_1058,ORANGE,ORANGE,0,-120,-2.0,5,0,649.5,631.5,18.0,0.0,60,True,0,330.0
cluster_1058,ORANGE,ORANGE,1,-120,-2.0,4,0,567.0,465.5,101.5,0.0,61,True,0,330.0
cluster_1062,ORANGE,ORANGE,0,-120,-2.0,0,0,283.0,325.0,0.0,42.0,21,True,0,330.0
cluster_1062,ORANGE,ORANGE,1,-120,-2.0,0,0,643.0,601.0,42.0,0.0,21,True,0,330.0
cluster_1062,ORANGE,RED,0,-120,-2.0,0,0,459.0,501.0,0.0,42.0,43,True,0,330.0
cluster_1062,ORANGE,RED,1,-120,-2.0,0,0,252.0,296.0,0.0,44.0,44,True,0,330.0
cluster_1062,RED,ORANGE,1,-120,-2.0,0,0,8118.0,7956.0,162.0,0.0,81,True,0,330.0
cluster_107,207,ORANGE,1,-120,-2.0,0,19,3357.0,3683.0,0.0,326.0,337,True,0,330.0
cluster_107,213,ORANGE,1,-120,-2.0,0,3,4330.7,4642.7,0.0,312.0,384,True,0,330.0
cluster_107,GREEN,ORANGE,1,-120,-2.0,0,0,933.0,707.5,225.5,0.0,114,True,0,330.0
cluster_107,ORANGE,207,0,-120,-2.0,0,2,2040.1,2141.3,0.0,101.2,110,True,0,330.0
cluster_107,ORANGE,207,1,-120,-2.0,1,0,2317.0,2368.2,0.0,51.3,109,True,0,330.0
cluster_107,ORANGE,213,0,-120,-2.0,7,0,2116.3,1893.0,223.4,0.0,110,True,0,330.0
cluster_107,ORANGE,213,1,-120,-2.0,0,3,2128.9,2240.9,0.0,112.0,114,True,0,330.0
cluster_107,ORANGE,GREEN,0,-120,-2.0,0,1,918.0,1034.0,0.0,116.0,114,True,0,330.0
cluster_107,ORANGE,GREEN,1,-120,-2.0,0,0,1052.5,1162.5,0.0,110.0,111,True,0,330.0
cluster_107,ORANGE,ORANGE,0,-120,-2.0,2,0,586.5,623.5,0.0,37.0,56,True,0,330.0
cluster_107,ORANGE,ORANGE,1,-120,-2.0,3,0,494.5,382.5,112.0,0.0,56,True,0,330.0
cluster_14,001,ORANGE,1,-120,-2.0,0,2,763.2,860.0,0.0,96.9,41,True,0,330.0
cluster_14,009,ORANGE,1,-120,-2.0,1,0,2205.0,2264.0,0.0,59.0,77,True,0,330.0
cluster_14,018,ORANGE,1,-120,-2.0,0,0,1878.4,1842.3,36.1,0.0,79,True,0,330.0
cluster_14,023,ORANGE,1,-120,-2.0,1,0,1034.9,1059.9,0.0,25.0,47,True,0,330.0
cluster_14,214,ORANGE,1,-120,-2.0,0,0,450.8,408.8,42.0,0.0,23,True,0,330.0
cluster_14,249,ORANGE,1,-120,-2.0,0,0,925.9,857.8,68.2,0.0,36,True,0,330.0
cluster_14,421,ORANGE,1,-120,-2.0,0,0,175.3,157.3,18.0,0.0,9,True,0,330.0
cluster_14,GREEN,ORANGE,1,-120,-2.0,0,0,326.5,298.5,28.0,0.0,14,True,0,330.0
cluster_14,ORANGE,001,0,-120,-2.0,0,0,133.8,145.8,0.0,12.0,12,True,0,330.0
cluster_14,ORANGE,001,1,-120,-2.0,3,0,217.0,150.9,66.1,0.0,12,True,0,330.0
cluster_14,ORANGE,009,0,-120,-2.0,0,0,60.0,59.8,0.2,0.0,12,True,0,330.0
cluster_14,ORANGE,009,1,-120,-2.0,0,0,78.0,76.0,2.1,0.0,12,True,0,330.0
cluster_14,ORANGE,018,0,-120,-2.0,0,0,110.0,118.0,0.0,8.0,12,True,0,330.0
cluster_14,ORANGE,018,1,-120,-2.0,2,0,71.7,33.8,37.9,0.0,12,True,0,330.0
cluster_14,ORANGE,023,0,-120,-2.0,2,0,186.2,160.7,25.4,0.0,16,True,0,330.0
cluster_14,ORANGE,023,1,-120,-2.0,0,0,101.5,112.0,0.0,10.5,14,True,0,330.0
cluster_14,ORANGE,214,0,-120,-2.0,0,0,255.5,263.5,0.0,8.0,10,True,0,330.0
cluster_14,ORANGE,214,1,-120,-2.0,0,1,170.3,174.3,0.0,4.0,8,True,0,330.0
cluster_14,ORANGE,249,0,-120,-2.0,0,0,123.4,131.4,0.0,8.0,8,True,0,330.0
cluster_14,ORANGE,249,1,-120,-2.0,0,0,157.9,157.8,0.1,0.0,8,True,0,330.0
cluster_14,ORANGE,421,0,-120,-2.0,0,0,15.0,19.0,0.0,4.0,2,True,0,330.0
cluster_14,ORANGE,421,1,-120,-2.0,0,0,33.0,37.0,0.0,4.0,2,True,0,330.0
cluster_14,ORANGE,GREEN,0,-120,-2.0,0,0,121.0,133.0,0.0,12.0,12,True,0,330.0
cluster_14,ORANGE,GREEN,1,-120,-2.0,0,0,149.5,157.5,0.0,8.0,14,True,0,330.0
cluster_168,020,ORANGE,1,-120,-2.0,63,0,9407.3,8801.3,606.0,0.0,754,True,0,330.0
cluster_168,213,ORANGE,1,-120,-2.0,8,0,1551.1,1671.1,0.0,120.0,130,True,0,330.0
cluster_168,233,ORANGE,1,-120,-2.0,0,38,4006.4,4229.3,0.0,222.9,424,True,0,330.0
cluster_168,GREEN,ORANGE,1,-120,-2.0,0,1,1356.5,1154.0,202.5,0.0,120,True,0,330.0
cluster_168,ORANGE,020,0,-120,-2.0,0,2,871.5,971.5,0.0,100.0,118,True,0,330.0
cluster_168,ORANGE,020,1,-120,-2.0,6,0,740.1,700.4,39.8,0.0,119,True,0,330.0
cluster_168,ORANGE,213,0,-120,-2.0,15,0,2541.9,1933.7,608.2,0.0,114,True,0,330.0
cluster_168,ORANGE,213,1,-120,-2.0,0,8,2142.5,2262.5,0.0,120.0,121,True,0,330.0
cluster_168,ORANGE,233,0,-120,-2.0,0,6,1561.4,1677.4,0.0,116.0,117,True,0,330.0
cluster_168,ORANGE,233,1,-120,-2.0,2,0,1863.0,1872.2,0.0,9.1,119,True,0,330.0
cluster_168,ORANGE,GREEN,0,-120,-2.0,0,2,817.0,943.0,0.0,126.0,125,True,0,330.0
cluster_168,ORANGE,GREEN,1,-120,-2.0,0,1,522.0,636.0,0.0,114.0,117,True,0,330.0
cluster_168,ORANGE,ORANGE,0,-120,-2.0,1,0,233.5,321.5,0.0,88.0,59,True,0,330.0
cluster_168,ORANGE,ORANGE,1,-120,-2.0,0,0,790.0,670.0,120.0,0.0,60,True,0,330.0
cluster_22,023,ORANGE,1,-120,-2.0,0,6,14551.5,12421.2,2130.4,0.0,1267,True,0,330.0
cluster_22,103,ORANGE,1,-120,-2.0,54,0,8347.2,7247.2,1100.0,0.0,630,True,0,330.0
cluster_22,207,ORANGE,1,-120,-2.0,30,0,7972.1,7752.9,219.2,0.0,724,True,0,330.0
cluster_22,237,ORANGE,1,-120,-2.0,0,54,4738.6,5556.2,0.0,817.6,572,True,0,330.0
cluster_22,425,ORANGE,1,-120,-2.0,0,0,8392.2,8279.2,113.0,0.0,849,True,0,330.0
cluster_22,BLUE,ORANGE,1,-120,-2.0,0,0,1252.0,1040.5,211.5,0.0,107,True,0,330.0
cluster_22,ORANGE,023,0,-120,-2.0,0,0,64.0,159.5,0.0,95.5,106,True,0,330.0
cluster_22,ORANGE,023,1,-120,-2.0,1,0,178.0,176.0,2.0,0.0,106,True,0,330.0
cluster_22,ORANGE,103,0,-120,-2.0,0,0,879.2,942.0,0.0,62.9,106,True,0,330.0
cluster_22,ORANGE,103,1,-120,-2.0,0,0,856.8,953.8,0.0,97.0,106,True,0,330.0
cluster_22,ORANGE,207,0,-120,-2.0,2,0,1595.4,1603.9,0.0,8.5,106,True,0,330.0
cluster_22,ORANGE,207,1,-120,-2.0,0,0,1804.8,1888.6,0.0,83.8,105,True,0,330.0
cluster_22,ORANGE,237,0,-120,-2.0,0,5,1454.5,1551.5,0.0,96.9,105,True,0,330.0
cluster_22,ORANGE,237,1,-120,-2.0,1,0,1613.6,1614.3,0.0,0.7,106,True,0,330.0
cluster_22,ORANGE,425,0,-120,-2.0,0,5,234.8,279.9,0.0,45.2,89,True,0,330.0
cluster_22,ORANGE,425,1,-120,-2.0,0,0,319.5,213.0,106.6,0.0,89,True,0,330.0
cluster_22,ORANGE,BLUE,0,-120,-2.0,0,47,1551.0,1637.0,0.0,86.0,106,True,0,330.0
cluster_22,ORANGE,BLUE,1,-120,-2.0,0,1,1264.0,1370.0,0.0,106.0,106,True,0,330.0
cluster_22,ORANGE,ORANGE,0,-120,-2.0,0,0,77.5,177.5,0.0,100.0,50,True,0,330.0
cluster_22,ORANGE,ORANGE,1,-120,-2.0,0,0,767.0,665.0,102.0,0.0,51,True,0,330.0
cluster_22,ORANGE,RED,0,-120,-2.0,0,0,1056.0,1162.0,0.0,106.0,106,True,0,330.0
cluster_22,ORANGE,RED,1,-120,-2.0,0,1,723.0,829.0,0.0,106.0,106,True,0,330.0
cluster_22,RED,ORANGE,1,-120,-2.0,0,1,742.0,560.0,182.0,0.0,106,True,0,330.0
cluster_23,001,ORANGE,1,-120,-2.0,0,10,21144.1,21086.6,57.5,0.0,2030,True,0,330.0
cluster_23,023,ORANGE,1,-120,-2.0,124,0,11747.9,12885.4,0.0,1137.5,920,True,0,330.0
cluster_23,057,ORANGE,1,-120,-2.0,0,2,4828.7,5820.2,0.0,991.5,443,True,0,330.0
cluster_23,101,ORANGE,1,-120,-2.0,0,51,3847.2,4372.2,0.0,525.0,373,True,0,330.0
cluster_23,122,ORANGE,1,-120,-2.0,0,55,4021.7,4870.8,0.0,849.1,384,True,0,330.0
cluster_23,213,ORANGE,1,-120,-2.0,0,35,2598.2,3111.2,0.0,513.0,251,True,0,330.0
cluster_23,219,ORANGE,1,-120,-2.0,0,32,2549.5,2969.5,0.0,420.0,270,True,0,330.0
cluster_23,230,ORANGE,1,-120,-2.0,0,35,5275.1,6612.1,0.0,1337.0,504,True,0,330.0
cluster_23,306,ORANGE,1,-120,-2.0,1,0,432.0,418.0,14.0,0.0,42,True,0,330.0
cluster_23,422,ORANGE,1,-120,-2.0,77,0,2800.0,2240.0,560.0,0.0,280,True,0,330.0
cluster_23,423,ORANGE,1,-120,-2.0,0,0,486.0,378.0,108.0,0.0,54,True,0,330.0
cluster_23,GREEN,ORANGE,1,-120,-2.0,3,0,1217.0,989.0,228.0,0.0,114,True,0,330.0
cluster_23,ORANGE,001,0,-120,-2.0,0,0,289.8,342.6,0.0,52.8,113,True,0,330.0
cluster_23,ORANGE,001,1,-120,-2.0,5,0,347.6,259.8,87.8,0.0,114,True,0,330.0
cluster_23,ORANGE,023,0,-120,-2.0,3,0,609.4,560.9,48.5,0.0,115,True,0,330.0
cluster_23,ORANGE,023,1,-120,-2.0,23,0,977.1,715.7,261.4,0.0,114,True,0,330.0
cluster_23,ORANGE,057,0,-120,-2.0,0,2,1159.8,926.6,233.3,0.0,114,True,0,330.0
cluster_23,ORANGE,057,1,-120,-2.0,8,0,1243.0,1210.9,32.1,0.0,113,True,0,330.0
cluster_23,ORANGE,101,0,-120,-2.0,0,6,1119.8,1229.9,0.0,110.1,114,True,0,330.0
cluster_23,ORANGE,101,1,-120,-2.0,0,21,1252.2,1364.2,0.0,112.0,111,True,0,330.0
cluster_23,ORANGE,122,0,-120,-2.0,0,3,682.6,660.6,22.0,0.0,114,True,0,330.0
cluster_23,ORANGE,213,0,-120,-2.0,0,17,2076.4,2186.4,0.0,110.0,110,True,0,330.0
cluster_23,ORANGE,213,1,-120,-2.0,1,0,1560.7,1608.0,0.0,47.3,114,True,0,330.0
cluster_23,ORANGE,219,0,-120,-2.0,0,1,2019.9,2131.9,0.0,112.0,113,True,0,330.0
cluster_23,ORANGE,219,1,-120,-2.0,0,7,2623.2,2621.3,1.9,0.0,111,True,0,330.0
cluster_23,ORANGE,230,0,-120,-2.0,8,0,1471.9,1243.6,228.4,0.0,112,True,0,330.0
cluster_23,ORANGE,230,1,-120,-2.0,14,0,1577.0,1268.1,308.8,0.0,110,True,0,330.0
cluster_23,ORANGE,306,0,-120,-2.0,0,2,3995.0,4056.0,0.0,61.0,81,True,0,330.0
cluster_23,ORANGE,306,1,-120,-2.0,3,0,3966.0,3963.0,3.0,0.0,78,True,0,330.0
cluster_23,ORANGE,422,0,-120,-2.0,0,0,234.0,120.0,114.0,0.0,79,True,0,330.0
cluster_23,ORANGE,423,0,-120,-2.0,0,0,696.0,776.0,0.0,80.0,80,True,0,330.0
cluster_23,ORANGE,GREEN,0,-120,-2.0,0,0,690.0,806.0,0.0,116.0,114,True,0,330.0
cluster_23,ORANGE,GREEN,1,-120,-2.0,0,0,431.5,541.5,0.0,110.0,112,True,0,330.0
cluster_23,ORANGE,ORANGE,0,-120,-2.0,1,0,290.5,377.5,0.0,87.0,56,True,0,330.0
cluster_23,ORANGE,ORANGE,1,-120,-2.0,1,0,700.5,588.5,112.0,0.0,56,True,0,330.0
cluster_23,ORANGE,TRE,0,-120,-2.0,0,0,2244.5,2348.5,0.0,104.0,103,True,0,330.0
cluster_23,ORANGE,TRE,1,-120,-2.0,8,0,2332.5,2199.5,133.0,0.0,109,True,0,330.0
cluster_23,TRE,ORANGE,1,-120,-2.0,8,0,521.0,405.0,116.0,0.0,58,True,0,330.0
cluster_29,018,ORANGE,1,-120,-2.0,0,0,563.3,515.3,48.0,0.0,24,True,0,330.0
cluster_29,023,ORANGE,1,-120,-2.0,0,0,643.3,613.3,29.9,0.0,29,True,0,330.0
cluster_29,214,ORANGE,1,-120,-2.0,0,0,579.3,529.3,50.0,0.0,25,True,0,330.0
cluster_29,GREEN,ORANGE,1,-120,-2.0,0,1,131.0,146.0,0.0,15.0,7,True,0,330.0
cluster_29,ORANGE,018,0,-120,-2.0,0,0,33.5,37.5,0.0,4.0,6,True,0,330.0
cluster_29,ORANGE,018,1,-120,-2.0,0,0,36.5,40.5,0.0,4.0,6,True,0,330.0
cluster_29,ORANGE,023,0,-120,-2.0,0,0,97.6,103.6,0.0,6.0,8,True,0,330.0
cluster_29,ORANGE,023,1,-120,-2.0,0,0,70.0,76.0,0.0,6.0,6,True,0,330.0
cluster_29,ORANGE,214,0,-120,-2.0,0,0,101.3,105.3,0.0,4.0,5,True,0,330.0
cluster_29,ORANGE,214,1,-120,-2.0,0,0,54.4,56.4,0.0,2.0,4,True,0,330.0
cluster_29,ORANGE,GREEN,0,-120,-2.0,0,1,96.5,102.5,0.0,6.0,6,True,0,330.0
cluster_29,ORANGE,GREEN,1,-120,-2.0,0,0,75.5,79.5,0.0,4.0,7,True,0,330.0
cluster_527,200,ORANGE,1,-120,-2.0,0,1,30443.2,30039.0,404.1,0.0,313,True,0,330.0
cluster_527,202,ORANGE,1,-120,-2.0,9,0,21819.1,22639.1,0.0,820.0,240,True,0,330.0
cluster_527,250,ORANGE,1,-120,-2.0,0,18,32931.7,32867.1,64.6,0.0,344,True,0,330.0
cluster_527,ORANGE,200,0,-120,-2.0,0,2,549.5,518.6,30.9,0.0,44,True,0,330.0
cluster_527,ORANGE,200,1,-120,-2.0,0,0,503.6,536.6,0.0,32.9,44,True,0,330.0
cluster_527,ORANGE,202,0,-120,-2.0,1,0,540.5,512.1,28.4,0.0,42,True,0,330.0
cluster_527,ORANGE,202,1,-120,-2.0,0,4,512.4,547.4,0.0,35.1,42,True,0,330.0
cluster_527,ORANGE,250,0,-120,-2.0,3,0,506.2,470.3,35.9,0.0,44,True,0,330.0
cluster_527,ORANGE,250,1,-120,-2.0,0,4,441.3,479.5,0.0,38.2,44,True,0,330.0
cluster_527,ORANGE,ORANGE,0,-120,-2.0,0,0,811.5,853.5,0.0,42.0,21,True,0,330.0
cluster_527,ORANGE,ORANGE,1,-120,-2.0,0,0,314.5,272.5,42.0,0.0,21,True,0,330.0
cluster_527,ORANGE,RED,0,-120,-2.0,0,0,439.0,483.0,0.0,44.0,44,True,0,330.0
cluster_527,ORANGE,RED,1,-120,-2.0,0,0,304.0,348.0,0.0,44.0,44,True,0,330.0
cluster_527,RED,ORANGE,1,-120,-2.0,0,0,8168.0,8006.0,162.0,0.0,81,True,0,330.0
cluster_6,003,ORANGE,1,-120,-2.0,0,6,4515.2,4541.3,0.0,26.1,545,True,0,330.0
cluster_6,017,ORANGE,1,-120,-2.0,88,0,15073.0,13876.5,1196.6,0.0,1524,True,0,330.0
cluster_6,205,ORANGE,1,-120,-2.0,3,0,677.7,563.7,114.0,0.0,87,True,0,330.0
cluster_6,249,ORANGE,1,-120,-2.0,0,1,1592.6,1687.6,0.0,95.0,180,True,0,330.0
cluster_6,440,ORANGE,1,-120,-2.0,30,0,18443.5,18135.5,308.0,0.0,2304,True,0,330.0
cluster_6,442,ORANGE,1,-120,-2.0,0,0,736.9,611.9,125.0,0.0,106,True,0,330.0
cluster_6,BLUE,ORANGE,1,-120,-2.0,0,3,545.0,561.0,0.0,16.0,108,True,0,330.0
cluster_6,ORANGE,003,0,-120,-2.0,0,4,1113.7,1096.9,16.8,0.0,212,True,0,330.0
cluster_6,ORANGE,003,1,-120,-2.0,0,7,1203.6,1230.0,0.0,26.4,212,True,0,330.0
cluster_6,ORANGE,017,0,-120,-2.0,0,0,576.0,573.8,2.2,0.0,212,True,0,330.0
cluster_6,ORANGE,017,1,-120,-2.0,1,0,466.9,544.8,0.0,77.9,212,True,0,330.0
cluster_6,ORANGE,205,0,-120,-2.0,0,0,4305.5,4517.5,0.0,212.0,212,True,0,330.0
cluster_6,ORANGE,205,1,-120,-2.0,1,0,4014.6,4082.2,0.0,67.7,212,True,0,330.0
cluster_6,ORANGE,249,0,-120,-2.0,0,0,3135.8,3300.0,0.0,164.2,210,True,0,330.0
cluster_6,ORANGE,249,1,-120,-2.0,2,0,3672.8,3783.0,0.0,110.2,206,True,0,330.0
cluster_6,ORANGE,440,0,-120,-2.0,0,0,126.5,125.6,0.9,0.0,183,True,0,330.0
cluster_6,ORANGE,440,1,-120,-2.0,0,11,313.8,372.9,0.0,59.0,182,True,0,330.0
cluster_6,ORANGE,442,0,-120,-2.0,0,0,1611.3,1812.3,0.0,201.0,208,True,0,330.0
cluster_6,ORANGE,BLUE,0,-120,-2.0,0,4,2082.0,2294.0,0.0,212.0,212,True,0,330.0
cluster_6,ORANGE,BLUE,1,-120,-2.0,0,52,2640.5,2832.5,0.0,192.0,212,True,0,330.0
cluster_6,ORANGE,ORANGE,0,-120,-2.0,0,0,1112.5,1316.5,0.0,204.0,102,True,0,330.0
cluster_6,ORANGE,ORANGE,1,-120,-2.0,0,0,457.5,372.0,85.5,0.0,104,True,0,330.0
cluster_6,ORANGE,RED,0,-120,-2.0,1,0,1057.0,1248.5,0.0,191.5,212,True,0,330.0
cluster_6,ORANGE,RED,1,-120,-2.0,0,0,2145.5,2338.0,0.0,192.5,212,True,0,330.0
cluster_6,RED,ORANGE,1,-120,-2.0,0,0,2084.0,1697.0,387.0,0.0,212,True,0,330.0
cluster_666,236,ORANGE,1,-120,-2.0,0,6,21473.1,21300.2,172.9,0.0,218,True,0,330.0
cluster_666,247,ORANGE,1,-120,-2.0,5,0,32473.5,32636.2,0.0,162.7,335,True,0,330.0
cluster_666,ORANGE,236,0,-120,-2.0,5,0,592.4,495.0,97.4,0.0,43,True,0,330.0
cluster_666,ORANGE,236,1,-120,-2.0,0,2,353.9,395.9,0.0,42.0,43,True,0,330.0
cluster_666,ORANGE,247,0,-120,-2.0,0,1,455.0,457.7,0.0,2.7,44,True,0,330.0
cluster_666,ORANGE,247,1,-120,-2.0,3,0,511.8,458.9,52.8,0.0,44,True,0,330.0
cluster_666,ORANGE,ORANGE,0,-120,-2.0,0,1,346.0,388.0,0.0,42.0,21,True,0,330.0
cluster_666,ORANGE,ORANGE,1,-120,-2.0,0,1,580.0,558.0,22.0,0.0,21,True,0,330.0
cluster_666,ORANGE,RED,0,-120,-2.0,0,19,522.0,564.0,0.0,42.0,43,True,0,330.0
cluster_666,ORANGE,RED,1,-120,-2.0,0,0,186.0,230.0,0.0,44.0,44,True,0,330.0
cluster_666,ORANGE,SILVER,0,-120,-2.0,7,0,638.0,470.0,168.0,0.0,43,True,0,330.0
cluster_666,ORANGE,SILVER,1,-120,-2.0,0,6,938.0,982.0,0.0,44.0,44,True,0,330.0
cluster_666,RED,ORANGE,1,-120,-2.0,0,18,7998.0,8578.0,0.0,580.0,81,True,0,330.0
cluster_666,SILVER,ORANGE,1,-120,-2.0,1,0,3576.0,3608.0,0.0,32.0,44,True,0,330.0
cluster_667,017,ORANGE,1,-120,-2.0,38,0,8315.3,7400.6,914.6,0.0,630,True,0,330.0
cluster_667,413,ORANGE,1,-120,-2.0,0,10,373.0,471.5,0.0,98.5,52,True,0,330.0
cluster_667,417,ORANGE,1,-120,-2.0,0,0,571.0,459.0,112.0,0.0,56,True,0,330.0
cluster_667,419,ORANGE,1,-120,-2.0,0,0,444.0,338.5,105.5,0.0,54,True,0,330.0
cluster_667,ORANGE,017,0,-120,-2.0,0,1,556.0,662.0,0.0,106.0,106,True,0,330.0
cluster_667,ORANGE,017,1,-120,-2.0,0,0,371.3,432.0,0.0,60.7,106,True,0,330.0
cluster_667,ORANGE,413,0,-120,-2.0,0,2,6283.0,6369.0,0.0,86.0,86,True,0,330.0
cluster_667,ORANGE,417,0,-120,-2.0,0,0,5337.0,5423.0,0.0,86.0,87,True,0,330.0
cluster_667,ORANGE,419,0,-120,-2.0,0,1,5743.0,5829.0,0.0,86.0,86,True,0,330.0
cluster_667,ORANGE,ORANGE,0,-120,-2.0,0,46,767.5,847.5,0.0,80.0,50,True,0,330.0
cluster_667,ORANGE,ORANGE,1,-120,-2.0,0,48,126.5,998.0,0.0,871.5,53,True,0,330.0
cluster_667,ORANGE,RED,0,-120,-2.0,0,2,798.0,904.0,0.0,106.0,106,True,0,330.0
cluster_667,ORANGE,RED,1,-120,-2.0,0,0,1013.0,1119.0,0.0,106.0,106,True,0,330.0
cluster_667,RED,ORANGE,1,-120,-2.0,0,2,1029.0,867.0,162.0,0.0,106,True,0,330.0
cluster_717,020,ORANGE,1,-120,-2.0,15,0,2286.0,2232.0,54.0,0.0,212,True,0,330.0
cluster_717,027,ORANGE,1,-120,-2.0,2,0,1756.5,1595.0,161.5,0.0,105,True,0,330.0
cluster_717,ORANGE,020,0,-120,-2.0,0,14,768.5,701.2,67.2,0.0,106,True,0,330.0
cluster_717,ORANGE,020,1,-120,-2.0,0,11,1075.2,1125.2,0.0,50.0,106,True,0,330.0
cluster_717,ORANGE,027,0,-120,-2.0,0,42,1604.0,1570.0,34.0,0.0,106,True,0,330.0
cluster_717,ORANGE,027,1,-120,-2.0,0,1,780.0,886.0,0.0,106.0,106,True,0,330.0
cluster_717,ORANGE,ORANGE,0,-120,-2.0,0,0,99.0,201.0,0.0,102.0,51,True,0,330.0
cluster_717,ORANGE,ORANGE,1,-120,-2.0,0,0,781.5,677.5,104.0,0.0,52,True,0,330.0
cluster_717,ORANGE,RED,0,-120,-2.0,0,0,1016.0,1122.0,0.0,106.0,106,True,0,330.0
cluster_717,ORANGE,RED,1,-120,-2.0,0,0,754.0,860.0,0.0,106.0,106,True,0,330.0
cluster_717,RED,ORANGE,1,-120,-2.0,0,0,821.0,609.0,212.0,0.0,106,True,0,330.0
cluster_809,022,ORANGE,1,-120,-2.0,13,0,956.0,825.5,130.5,0.0,106,True,0,330.0
cluster_809,241,ORANGE,1,-120,-2.0,3,0,696.0,595.5,100.5,0.0,61,True,0,330.0
cluster_809,ORANGE,022,0,-120,-2.0,0,25,855.0,897.0,0.0,42.0,106,True,0,330.0
cluster_809,ORANGE,022,1,-120,-2.0,0,6,1326.0,1342.0,0.0,16.0,106,True,0,330.0
cluster_809,ORANGE,241,0,-120,-2.0,1,0,2108.5,2125.5,0.0,17.0,103,True,0,330.0
cluster_809,ORANGE,241,1,-120,-2.0,0,0,1616.0,1722.0,0.0,106.0,106,True,0,330.0
cluster_809,ORANGE,ORANGE,0,-120,-2.0,0,0,567.5,667.5,0.0,100.0,50,True,0,330.0
cluster_809,ORANGE,ORANGE,1,-120,-2.0,0,0,336.0,230.0,106.0,0.0,53,True,0,330.0
cluster_809,ORANGE,RED,0,-120,-2.0,0,0,586.0,692.0,0.0,106.0,106,True,0,330.0
cluster_809,ORANGE,RED,1,-120,-2.0,0,0,1225.0,1331.0,0.0,106.0,106,True,0,330.0
cluster_809,RED,ORANGE,1,-120,-2.0,0,0,1241.0,1029.0,212.0,0.0,106,True,0,330.0
cluster_810,238,ORANGE,1,-120,-2.0,0,4,4877.5,4919.5,0.0,42.0,49,True,0,330.0
cluster_810,243,ORANGE,1,-120,-2.0,0,1,4867.5,4789.5,78.0,0.0,49,True,0,330.0
cluster_810,244,ORANGE,1,-120,-2.0,8,0,4341.5,4247.5,94.0,0.0,47,True,0,330.0
cluster_810,ORANGE,238,0,-120,-2.0,0,5,672.0,716.0,0.0,44.0,44,True,0,330.0
cluster_810,ORANGE,238,1,-120,-2.0,0,2,685.0,699.0,0.0,14.0,44,True,0,330.0
cluster_810,ORANGE,243,0,-120,-2.0,4,0,670.0,599.0,71.0,0.0,44,True,0,330.0
cluster_810,ORANGE,243,1,-120,-2.0,1,0,690.0,702.5,0.0,12.5,44,True,0,330.0
cluster_810,ORANGE,244,0,-120,-2.0,1,0,718.5,726.5,0.0,8.0,43,True,0,330.0
cluster_810,ORANGE,244,1,-120,-2.0,5,0,693.5,572.0,121.5,0.0,41,True,0,330.0
cluster_810,ORANGE,ORANGE,0,-120,-2.0,0,0,937.5,979.5,0.0,42.0,21,True,0,330.0
cluster_810,ORANGE,ORANGE,1,-120,-2.0,1,0,208.5,166.5,42.0,0.0,21,True,0,330.0
cluster_810,ORANGE,RED,0,-120,-2.0,0,0,571.0,615.0,0.0,44.0,44,True,0,330.0
cluster_810,ORANGE,RED,1,-120,-2.0,0,0,573.0,617.0,0.0,44.0,44,True,0,330.0
cluster_810,RED,ORANGE,1,-120,-2.0,19,0,8718.0,8556.0,162.0,0.0,81,True,0,330.0
cluster_811,408,ORANGE,1,-120,-2.0,0,8,2409.0,2505.0,0.0,96.0,42,True,0,330.0
cluster_811,ORANGE,408,0,-120,-2.0,0,0,424.5,458.5,0.0,34.0,35,True,0,330.0
cluster_811,ORANGE,408,1,-120,-2.0,0,0,513.0,548.5,0.0,35.5,34,True,0,330.0
cluster_811,ORANGE,ORANGE,0,-120,-2.0,0,0,1023.0,1065.0,0.0,42.0,21,True,0,330.0
cluster_811,ORANGE,ORANGE,1,-120,-2.0,0,0,93.0,51.0,42.0,0.0,21,True,0,330.0
cluster_811,ORANGE,RED,0,-120,-2.0,0,0,279.0,321.0,0.0,42.0,43,True,0,330.0
cluster_811,ORANGE,RED,1,-120,-2.0,0,0,452.0,496.0,0.0,44.0,44,True,0,330.0
cluster_811,RED,ORANGE,1,-120,-2.0,0,0,8498.0,8336.0,162.0,0.0,81,True,0,330.0
cluster_828,232,ORANGE,1,-120,-2.0,0,7,4426.0,4851.0,0.0,425.0,48,True,0,330.0
cluster_828,245,ORANGE,1,-120,-2.0,0,2,4279.0,4684.0,0.0,405.0,48,True,0,330.0
cluster_828,883E,ORANGE,1,-120,-2.0,1,0,10993.0,10902.0,91.0,0.0,96,True,0,330.0
cluster_828,ORANGE,232,0,-120,-2.0,0,1,694.0,736.0,0.0,42.0,42,True,0,330.0
cluster_828,ORANGE,232,1,-120,-2.0,0,7,720.0,764.0,0.0,44.0,44,True,0,330.0
cluster_828,ORANGE,245,0,-120,-2.0,0,4,789.0,776.0,13.0,0.0,44,True,0,330.0
cluster_828,ORANGE,245,1,-120,-2.0,1,0,806.0,758.0,48.0,0.0,42,True,0,330.0
cluster_828,ORANGE,883E,0,-120,-2.0,0,6,175.0,211.0,0.0,36.0,36,True,0,330.0
cluster_828,ORANGE,883E,1,-120,-2.0,6,0,326.0,269.0,57.0,0.0,34,True,0,330.0
cluster_828,ORANGE,ORANGE,0,-120,-2.0,18,0,1128.0,220.0,908.0,0.0,21,True,0,330.0
cluster_828,ORANGE,ORANGE,1,-120,-2.0,19,0,748.0,706.0,42.0,0.0,21,True,0,330.0
cluster_828,ORANGE,RED,0,-120,-2.0,1,0,384.0,396.0,0.0,12.0,43,True,0,330.0
cluster_828,ORANGE,RED,1,-120,-2.0,0,0,362.0,406.0,0.0,44.0,44,True,0,330.0
cluster_828,ORANGE,SILVER,0,-120,-2.0,0,0,470.0,512.0,0.0,42.0,44,True,0,330.0
cluster_828,ORANGE,SILVER,1,-120,-2.0,0,6,770.0,814.0,0.0,44.0,44,True,0,330.0
cluster_828,RED,ORANGE,1,-120,-2.0,1,0,8318.0,8156.0,162.0,0.0,81,True,0,330.0
cluster_828,SILVER,ORANGE,1,-120,-2.0,0,6,3634.0,3666.0,0.0,32.0,44,True,0,330.0
cluster_829,234,ORANGE,1,-120,-2.0,4,0,11715.8,11535.8,180.0,0.0,120,True,0,330.0
cluster_829,236,ORANGE,1,-120,-2.0,9,0,20109.9,20245.9,0.0,136.0,192,True,0,330.0
cluster_829,247,ORANGE,1,-120,-2.0,1,0,14541.9,14427.4,114.5,0.0,162,True,0,330.0
cluster_829,ORANGE,234,0,-120,-2.0,0,0,586.8,626.0,0.0,39.3,43,True,0,330.0
cluster_829,ORANGE,234,1,-120,-2.0,0,0,500.9,543.0,0.0,42.0,43,True,0,330.0
cluster_829,ORANGE,236,0,-120,-2.0,1,0,517.1,525.0,0.0,7.9,43,True,0,330.0
cluster_829,ORANGE,236,1,-120,-2.0,4,0,525.2,456.9,68.4,0.0,42,True,0,330.0
cluster_829,ORANGE,247,0,-120,-2.0,1,0,632.2,645.2,0.0,13.0,44,True,0,330.0
cluster_829,ORANGE,247,1,-120,-2.0,0,0,595.0,606.0,0.0,11.0,44,True,0,330.0
cluster_829,ORANGE,ORANGE,0,-120,-2.0,0,0,410.5,452.5,0.0,42.0,21,True,0,330.0
cluster_829,ORANGE,ORANGE,1,-120,-2.0,0,0,505.5,463.5,42.0,0.0,21,True,0,330.0
cluster_829,ORANGE,RED,0,-120,-2.0,0,0,226.5,268.5,0.0,42.0,43,True,0,330.0
cluster_829,ORANGE,RED,1,-120,-2.0,0,0,517.0,561.0,0.0,44.0,44,True,0,330.0
cluster_829,RED,ORANGE,1,-120,-2.0,0,0,8562.5,8402.5,160.0,0.0,80,True,0,330.0
cluster_876,GREEN,ORANGE,1,-120,-2.0,52,0,1650.5,1424.5,226.0,0.0,113,True,0,330.0
cluster_876,ORANGE,GREEN,0,-120,-2.0,52,0,1238.0,264.0,974.0,0.0,114,True,0,330.0
cluster_876,ORANGE,GREEN,1,-120,-2.0,0,0,862.5,972.5,0.0,110.0,113,True,0,330.0
cluster_876,ORANGE,ORANGE,0,-120,-2.0,0,1,787.5,897.5,0.0,110.0,55,True,0,330.0
cluster_876,ORANGE,ORANGE,1,-120,-2.0,0,0,207.0,95.0,112.0,0.0,56,True,0,330.0
cluster_876,ORANGE,TRE,0,-120,-2.0,0,0,2586.5,2690.5,0.0,104.0,104,True,0,330.0
cluster_876,ORANGE,TRE,1,-120,-2.0,21,0,2640.0,1853.0,787.0,0.0,109,True,0,330.0
cluster_876,TRE,ORANGE,1,-120,-2.0,0,1,661.5,575.5,86.0,0.0,58,True,0,330.0
cluster_9,001,ORANGE,1,-120,-2.0,40,0,6505.4,6294.8,210.6,0.0,1159,True,0,330.0
cluster_9,003,ORANGE,1,-120,-2.0,4,0,10795.4,10702.8,92.5,0.0,1847,True,0,330.0
cluster_9,009,ORANGE,1,-120,-2.0,0,42,6491.2,6891.4,0.0,400.2,1140,True,0,330.0
cluster_9,013,ORANGE,1,-120,-2.0,0,100,6083.3,8214.1,0.0,2130.8,1186,True,0,330.0
cluster_9,016,ORANGE,1,-120,-2.0,28,0,5486.9,4434.4,1052.5,0.0,678,True,0,330.0
cluster_9,018,ORANGE,1,-120,-2.0,0,42,1478.4,1740.9,0.0,262.5,616,True,0,330.0
cluster_9,102,ORANGE,1,-120,-2.0,17,0,5345.9,4980.9,365.0,0.0,752,True,0,330.0
cluster_9,103,ORANGE,1,-120,-2.0,13,0,3378.1,2973.1,405.0,0.0,528,True,0,330.0
cluster_9,106,ORANGE,1,-120,-2.0,0,43,5599.6,4978.1,621.5,0.0,977,True,0,330.0
cluster_9,109,ORANGE,1,-120,-2.0,0,10,3617.1,3658.6,0.0,41.5,763,True,0,330.0
cluster_9,128,ORANGE,1,-120,-2.0,0,91,5310.6,5665.1,0.0,354.5,981,True,0,330.0
cluster_9,145,ORANGE,1,-120,-2.0,0,2,4605.6,4142.2,463.5,0.0,809,True,0,330.0
cluster_9,147,ORANGE,1,-120,-2.0,9,0,3448.9,3127.8,321.1,0.0,799,True,0,330.0
cluster_9,205,ORANGE,1,-120,-2.0,5,0,2175.1,1892.6,282.5,0.0,365,True,0,330.0
cluster_9,207,ORANGE,1,-120,-2.0,0,42,3683.2,4253.7,0.0,570.5,698,True,0,330.0
cluster_9,214,ORANGE,1,-120,-2.0,0,17,3718.4,4140.8,0.0,422.4,627,True,0,330.0
cluster_9,224,ORANGE,1,-120,-2.0,0,4,2687.4,2617.9,69.5,0.0,433,True,0,330.0
cluster_9,230,ORANGE,1,-120,-2.0,6,0,2736.1,2440.1,296.0,0.0,526,True,0,330.0
cluster_9,237,ORANGE,1,-120,-2.0,0,75,3268.9,4241.4,0.0,972.5,669,True,0,330.0
cluster_9,239,ORANGE,1,-120,-2.0,0,76,2137.9,2932.4,0.0,794.5,517,True,0,330.0
cluster_9,249,ORANGE,1,-120,-2.0,0,32,1929.6,2207.6,0.0,278.0,372,True,0,330.0
cluster_9,306,ORANGE,1,-120,-2.0,0,74,2748.3,3824.3,0.0,1076.0,668,True,0,330.0
cluster_9,308,ORANGE,1,-120,-2.0,0,30,5436.6,5353.6,83.0,0.0,1046,True,0,330.0
cluster_9,421,ORANGE,1,-120,-2.0,9,0,204.0,144.0,60.0,0.0,42,True,0,330.0
cluster_9,425,ORANGE,1,-120,-2.0,7,0,5034.2,4803.2,231.0,0.0,1032,True,0,330.0
cluster_9,620,ORANGE,1,-120,-2.0,1,0,932.0,716.0,216.0,0.0,109,True,0,330.0
cluster_9,BLUE,ORANGE,1,-120,-2.0,0,55,2469.0,3456.5,0.0,987.5,572,True,0,330.0
cluster_9,GREEN,ORANGE,1,-120,-2.0,50,0,2514.0,1892.5,621.5,0.0,452,True,0,330.0
cluster_9,ORANGE,001,0,-120,-2.0,8,0,1281.0,1077.8,203.2,0.0,452,True,0,330.0
cluster_9,ORANGE,001,1,-120,-2.0,5,0,1338.1,1196.2,141.9,0.0,455,True,0,330.0
cluster_9,ORANGE,003,0,-120,-2.0,0,0,593.2,629.1,0.0,35.9,455,True,0,330.0
cluster_9,ORANGE,003,1,-120,-2.0,0,0,800.1,858.4,0.0,58.3,449,True,0,330.0
cluster_9,ORANGE,009,0,-120,-2.0,0,1,1665.4,1778.6,0.0,113.2,448,True,0,330.0
cluster_9,ORANGE,009,1,-120,-2.0,5,0,1740.2,1737.1,3.1,0.0,451,True,0,330.0
cluster_9,ORANGE,013,0,-120,-2.0,8,0,2513.6,2533.6,0.0,20.0,449,True,0,330.0
cluster_9,ORANGE,013,1,-120,-2.0,0,1,2101.1,1696.6,404.6,0.0,448,True,0,330.0
cluster_9,ORANGE,016,0,-120,-2.0,0,11,2451.3,2743.7,0.0,292.4,450,True,0,330.0
cluster_9,ORANGE,016,1,-120,-2.0,0,2,2500.3,2779.9,0.0,279.6,448,True,0,330.0
cluster_9,ORANGE,018,0,-120,-2.0,0,4,2364.1,2107.8,256.3,0.0,449,True,0,330.0
cluster_9,ORANGE,018,1,-120,-2.0,0,0,2997.8,2664.0,333.8,0.0,451,True,0,330.0
cluster_9,ORANGE,102,0,-120,-2.0,0,6,2896.0,3060.7,0.0,164.7,448,True,0,330.0
cluster_9,ORANGE,102,1,-120,-2.0,0,0,3706.3,3770.0,0.0,63.7,444,True,0,330.0
cluster_9,ORANGE,103,0,-120,-2.0,0,0,2985.0,3058.3,0.0,73.3,443,True,0,330.0
cluster_9,ORANGE,103,1,-120,-2.0,0,7,3301.7,3420.4,0.0,118.7,444,True,0,330.0
cluster_9,ORANGE,106,0,-120,-2.0,0,0,3503.0,3658.9,0.0,155.9,451,True,0,330.0
cluster_9,ORANGE,106,1,-120,-2.0,10,0,3613.5,3755.7,0.0,142.2,448,True,0,330.0
cluster_9,ORANGE,109,0,-120,-2.0,9,0,3258.8,3054.2,204.6,0.0,452,True,0,330.0
cluster_9,ORANGE,109,1,-120,-2.0,0,0,4066.2,4173.7,0.0,107.5,444,True,0,330.0
cluster_9,ORANGE,128,0,-120,-2.0,0,1,3432.6,3456.0,0.0,23.4,453,True,0,330.0
cluster_9,ORANGE,128,1,-120,-2.0,1,0,4306.6,4164.6,142.0,0.0,449,True,0,330.0
cluster_9,ORANGE,145,0,-120,-2.0,5,0,3185.0,3122.4,62.7,0.0,452,True,0,330.0
cluster_9,ORANGE,145,1,-120,-2.0,0,0,3569.3,3674.7,0.0,105.5,444,True,0,330.0
cluster_9,ORANGE,147,0,-120,-2.0,0,23,2917.4,3127.9,0.0,210.5,452,True,0,330.0
cluster_9,ORANGE,147,1,-120,-2.0,1,0,2886.2,2743.5,142.8,0.0,444,True,0,330.0
cluster_9,ORANGE,205,0,-120,-2.0,0,0,6396.5,6347.2,49.3,0.0,452,True,0,330.0
cluster_9,ORANGE,205,1,-120,-2.0,0,0,6447.9,6433.4,14.5,0.0,446,True,0,330.0
cluster_9,ORANGE,207,0,-120,-2.0,2,0,6066.6,6053.0,13.6,0.0,443,True,0,330.0
cluster_9,ORANGE,207,1,-120,-2.0,8,0,7908.5,7689.3,219.2,0.0,440,True,0,330.0
cluster_9,ORANGE,214,0,-120,-2.0,0,4,4641.5,4814.9,0.0,173.4,447,True,0,330.0
cluster_9,ORANGE,214,1,-120,-2.0,0,0,5486.2,5544.3,0.0,58.1,441,True,0,330.0
cluster_9,ORANGE,224,0,-120,-2.0,0,6,3038.9,3161.5,0.0,122.6,446,True,0,330.0
cluster_9,ORANGE,224,1,-120,-2.0,0,0,8577.0,8818.0,0.0,241.0,436,True,0,330.0
cluster_9,ORANGE,230,0,-120,-2.0,2,0,5151.6,5066.6,85.0,0.0,444,True,0,330.0
cluster_9,ORANGE,230,1,-120,-2.0,0,2,5583.8,5860.1,0.0,276.3,444,True,0,330.0
cluster_9,ORANGE,237,0,-120,-2.0,6,0,5729.1,5461.7,267.4,0.0,440,True,0,330.0
cluster_9,ORANGE,237,1,-120,-2.0,10,0,4119.2,4056.3,62.9,0.0,443,True,0,330.0
cluster_9,ORANGE,239,0,-120,-2.0,2,0,5985.1,5677.2,307.8,0.0,433,True,0,330.0
cluster_9,ORANGE,239,1,-120,-2.0,0,4,6810.2,6461.2,349.0,0.0,438,True,0,330.0
cluster_9,ORANGE,249,0,-120,-2.0,12,0,6513.0,6216.0,297.0,0.0,443,True,0,330.0
cluster_9,ORANGE,249,1,-120,-2.0,0,2,5634.7,5865.7,0.0,230.9,440,True,0,330.0
cluster_9,ORANGE,306,0,-120,-2.0,0,0,13994.5,14028.1,0.0,33.7,319,True,0,330.0
cluster_9,ORANGE,306,1,-120,-2.0,1,0,14464.5,14169.1,295.4,0.0,314,True,0,330.0
cluster_9,ORANGE,308,0,-120,-2.0,0,0,22634.4,22420.7,213.7,0.0,332,True,0,330.0
cluster_9,ORANGE,308,1,-120,-2.0,1,0,17254.5,17058.4,196.0,0.0,350,True,0,330.0
cluster_9,ORANGE,421,0,-120,-2.0,0,0,15040.0,14820.0,220.0,0.0,320,True,0,330.0
cluster_9,ORANGE,421,1,-120,-2.0,9,0,14570.0,14620.0,0.0,50.0,320,True,0,330.0
cluster_9,ORANGE,425,0,-120,-2.0,0,5,1003.1,1021.6,0.0,18.5,341,True,0,330.0
cluster_9,ORANGE,425,1,-120,-2.0,0,0,718.0,705.9,12.1,0.0,358,True,0,330.0
cluster_9,ORANGE,620,0,-120,-2.0,1,0,3456.0,3840.0,0.0,384.0,422,True,0,330.0
cluster_9,ORANGE,620,1,-120,-2.0,51,0,4364.0,3768.0,596.0,0.0,423,True,0,330.0
cluster_9,ORANGE,BLUE,0,-120,-2.0,1,0,1874.0,1890.0,0.0,16.0,464,True,0,330.0
cluster_9,ORANGE,BLUE,1,-120,-2.0,0,0,2057.0,1696.0,361.0,0.0,454,True,0,330.0
cluster_9,ORANGE,GREEN,0,-120,-2.0,1,0,2338.0,2053.0,285.0,0.0,455,True,0,330.0
cluster_9,ORANGE,GREEN,1,-120,-2.0,0,2,1983.0,2319.0,0.0,336.0,454,True,0,330.0
cluster_9,ORANGE,ORANGE,0,-120,-2.0,0,1,1030.0,1451.0,0.0,421.0,220,True,0,330.0
cluster_9,ORANGE,ORANGE,1,-120,-2.0,0,0,1372.0,938.0,434.0,0.0,220,True,0,330.0
cluster_9,ORANGE,RED,0,-120,-2.0,7,0,1926.5,1480.0,446.5,0.0,452,True,0,330.0
cluster_9,ORANGE,RED,1,-120,-2.0,0,49,1736.5,2146.5,0.0,410.0,452,True,0,330.0
cluster_9,ORANGE,TRE,0,-120,-2.0,0,0,9698.0,9334.0,364.0,0.0,416,True,0,330.0
cluster_9,ORANGE,TRE,1,-120,-2.0,7,0,9349.0,9546.0,0.0,197.0,436,True,0,330.0
cluster_9,RED,ORANGE,1,-120,-2.0,0,53,2411.0,2497.0,0.0,86.0,554,True,0,330.0
cluster_9,TRE,ORANGE,1,-120,-2.0,5,0,274.5,197.0,77.5,0.0,58,True,0,330.0
cluster_928,005,ORANGE,1,-120,-2.0,22,0,1567.0,1333.0,234.0,0.0,147,True,0,330.0
cluster_928,103,ORANGE,1,-120,-2.0,0,13,906.5,998.5,0.0,92.0,89,True,0,330.0
cluster_928,207,ORANGE,1,-120,-2.0,0,2,1025.0,1054.5,0.0,29.5,104,True,0,330.0
cluster_928,GREEN,ORANGE,1,-120,-2.0,0,0,1363.0,1135.0,228.0,0.0,114,True,0,330.0
cluster_928,ORANGE,005,0,-120,-2.0,17,0,1076.5,920.5,156.0,0.0,115,True,0,330.0
cluster_928,ORANGE,005,1,-120,-2.0,5,0,910.5,919.5,0.0,9.0,115,True,0,330.0
cluster_928,ORANGE,103,0,-120,-2.0,0,1,1016.5,1126.5,0.0,110.0,110,True,0,330.0
cluster_928,ORANGE,103,1,-120,-2.0,0,12,1699.5,1809.5,0.0,110.0,109,True,0,330.0
cluster_928,ORANGE,207,0,-120,-2.0,1,0,2514.8,2558.4,0.0,43.6,109,True,0,330.0
cluster_928,ORANGE,207,1,-120,-2.0,0,2,2563.9,2668.2,0.0,104.3,108,True,0,330.0
cluster_928,ORANGE,GREEN,0,-120,-2.0,0,0,458.0,574.0,0.0,116.0,114,True,0,330.0
cluster_928,ORANGE,GREEN,1,-120,-2.0,0,0,659.5,769.5,0.0,110.0,112,True,0,330.0
cluster_928,ORANGE,ORANGE,0,-120,-2.0,48,0,1051.5,178.5,873.0,0.0,56,True,0,330.0
cluster_928,ORANGE,ORANGE,1,-120,-2.0,48,0,894.5,782.5,112.0,0.0,56,True,0,330.0
cluster_929,306,ORANGE,1,-120,-2.0,0,13,297.0,623.0,0.0,326.0,42,True,0,330.0
cluster_929,GREEN,ORANGE,1,-120,-2.0,0,0,922.0,696.5,225.5,0.0,114,True,0,330.0
cluster_929,ORANGE,306,0,-120,-2.0,4,0,4229.0,3874.0,355.0,0.0,80,True,0,330.0
cluster_929,ORANGE,306,1,-120,-2.0,0,15,4192.5,4159.5,33.0,0.0,77,True,0,330.0
cluster_929,ORANGE,GREEN,0,-120,-2.0,0,1,910.0,1026.0,0.0,116.0,114,True,0,330.0
cluster_929,ORANGE,GREEN,1,-120,-2.0,0,0,1126.5,1236.5,0.0,110.0,113,True,0,330.0
cluster_929,ORANGE,ORANGE,0,-120,-2.0,4,0,545.5,567.5,0.0,22.0,56,True,0,330.0
cluster_929,ORANGE,ORANGE,1,-120,-2.0,4,0,540.5,428.5,112.0,0.0,56,True,0,330.0
cluster_960,ORANGE,ORANGE,0,-120,-2.0,0,0,653.0,734.0,0.0,81.0,59,True,0,330.0
cluster_960,ORANGE,ORANGE,1,-120,-2.0,0,2,423.5,423.0,0.5,0.0,60,True,0,330.0
cluster_961,229,ORANGE,1,-120,-2.0,4,0,812.5,762.5,50.0,0.0,65,True,0,330.0
cluster_961,231,ORANGE,1,-120,-2.0,0,13,451.5,663.5,0.0,212.0,64,True,0,330.0
cluster_961,ORANGE,229,0,-120,-2.0,0,0,1900.0,1892.0,8.0,0.0,113,True,0,330.0
cluster_961,ORANGE,229,1,-120,-2.0,2,0,2532.0,2579.0,0.0,47.0,114,True,0,330.0
cluster_961,ORANGE,231,0,-120,-2.0,0,5,1958.0,2070.0,0.0,112.0,114,True,0,330.0
cluster_961,ORANGE,231,1,-120,-2.0,0,8,2379.0,2375.0,4.0,0.0,115,True,0,330.0
cluster_961,ORANGE,ORANGE,0,-120,-2.0,1,0,318.5,409.5,0.0,91.0,60,True,0,330.0
cluster_961,ORANGE,ORANGE,1,-120,-2.0,1,0,824.0,702.0,122.0,0.0,61,True,0,330.0
cluster_962,ORANGE,ORANGE,0,-120,-2.0,0,46,852.5,974.5,0.0,122.0,61,True,0,330.0
cluster_962,ORANGE,ORANGE,1,-120,-2.0,0,46,211.5,1011.5,0.0,800.0,61,True,0,330.0
cluster_1,027,ORANGE,1,60,1.0,16,0,4814.1,5246.6,0.0,432.5,795,True,0,180.0
cluster_1,ORANGE,027,0,60,1.0,0,0,784.7,731.7,53.0,0.0,106,True,0,180.0
cluster_1,ORANGE,027,1,60,1.0,0,0,510.4,463.8,46.5,0.0,106,True,0,180.0
cluster_1,ORANGE,ORANGE,0,60,1.0,0,0,303.0,252.0,51.0,0.0,51,True,0,180.0
cluster_1,ORANGE,ORANGE,1,60,1.0,0,0,573.5,625.5,0.0,52.0,52,True,0,180.0
cluster_1,ORANGE,RED,0,60,1.0,0,0,1228.0,1175.0,53.0,0.0,106,True,0,180.0
cluster_1,ORANGE,RED,1,60,1.0,1,0,563.0,510.0,53.0,0.0,106,True,0,180.0
cluster_1,RED,ORANGE,1,60,1.0,1,0,611.5,687.5,0.0,76.0,106,True,0,180.0
cluster_1016,ORANGE,ORANGE,0,60,1.0,1,0,1028.0,969.0,59.0,0.0,59,True,0,180.0
cluster_1016,ORANGE,ORANGE,1,60,1.0,0,47,955.5,1015.5,0.0,60.0,60,True,0,180.0
cluster_1017,227,ORANGE,1,60,1.0,1,0,1062.7,1020.7,42.0,0.0,97,True,0,180.0
cluster_1017,ORANGE,227,0,60,1.0,0,2,1946.7,1948.7,0.0,2.0,113,True,0,180.0
cluster_1017,ORANGE,227,1,60,1.0,0,8,1973.5,2292.5,0.0,319.0,115,True,0,180.0
cluster_1017,ORANGE,ORANGE,0,60,1.0,0,2,758.0,759.0,0.0,1.0,59,True,0,180.0
cluster_1017,ORANGE,ORANGE,1,60,1.0,0,1,275.5,335.5,0.0,60.0,60,True,0,180.0
cluster_1020,ORANGE,ORANGE,0,60,1.0,46,0,870.5,809.5,61.0,0.0,61,True,0,180.0
cluster_1020,ORANGE,ORANGE,1,60,1.0,47,0,1121.5,230.5,891.0,0.0,61,True,0,180.0
cluster_1020,ORANGE,SILVER,0,60,1.0,0,2,2675.0,2676.0,0.0,1.0,118,True,0,180.0
cluster_1020,ORANGE,SILVER,1,60,1.0,0,0,2157.0,2098.0,59.0,0.0,117,True,0,180.0
cluster_1020,SILVER,ORANGE,1,60,1.0,0,2,624.0,684.0,0.0,60.0,60,True,0,180.0
cluster_1058,ORANGE,ORANGE,0,60,1.0,1,0,649.5,589.5,60.0,0.0,60,True,0,180.0
cluster_1058,ORANGE,ORANGE,1,60,1.0,0,0,567.0,610.0,0.0,43.0,61,True,0,180.0
cluster_1062,ORANGE,ORANGE,0,60,1.0,0,0,283.0,262.0,21.0,0.0,21,True,0,180.0
cluster_1062,ORANGE,ORANGE,1,60,1.0,0,0,643.0,664.0,0.0,21.0,21,True,0,180.0
cluster_1062,ORANGE,RED,0,60,1.0,0,0,459.0,438.0,21.0,0.0,43,True,0,180.0
cluster_1062,ORANGE,RED,1,60,1.0,0,0,252.0,230.0,22.0,0.0,44,True,0,180.0
cluster_1062,RED,ORANGE,1,60,1.0,0,0,8118.0,8199.0,0.0,81.0,81,True,0,180.0
cluster_107,207,ORANGE,1,60,1.0,0,6,3357.0,3594.0,0.0,237.0,337,True,0,180.0
cluster_107,213,ORANGE,1,60,1.0,36,0,4330.7,3842.2,488.5,0.0,384,True,0,180.0
cluster_107,GREEN,ORANGE,1,60,1.0,0,0,933.0,1047.0,0.0,114.0,114,True,0,180.0
cluster_107,ORANGE,207,0,60,1.0,0,0,2040.1,1991.2,48.9,0.0,110,True,0,180.0
cluster_107,ORANGE,207,1,60,1.0,6,0,2317.0,2269.0,47.9,0.0,109,True,0,180.0
cluster_107,ORANGE,213,0,60,1.0,5,0,2116.3,2205.2,0.0,88.8,110,True,0,180.0
cluster_107,ORANGE,213,1,60,1.0,0,0,2128.9,2073.7,55.2,0.0,114,True,0,180.0
cluster_107,ORANGE,GREEN,0,60,1.0,0,0,918.0,860.0,58.0,0.0,114,True,0,180.0
cluster_107,ORANGE,GREEN,1,60,1.0,0,0,1052.5,997.5,55.0,0.0,111,True,0,180.0
cluster_107,ORANGE,ORANGE,0,60,1.0,0,0,586.5,530.5,56.0,0.0,56,True,0,180.0
cluster_107,ORANGE,ORANGE,1,60,1.0,0,0,494.5,550.5,0.0,56.0,56,True,0,180.0
cluster_14,001,ORANGE,1,60,1.0,2,0,763.2,712.1,51.0,0.0,41,True,0,180.0
cluster_14,009,ORANGE,1,60,1.0,0,0,2205.0,2077.6,127.4,0.0,77,True,0,180.0
cluster_14,018,ORANGE,1,60,1.0,0,0,1878.4,1838.7,39.7,0.0,79,True,0,180.0
cluster_14,023,ORANGE,1,60,1.0,0,1,1034.9,1024.3,10.6,0.0,47,True,0,180.0
cluster_14,214,ORANGE,1,60,1.0,0,0,450.8,473.8,0.0,23.0,23,True,0,180.0
cluster_14,249,ORANGE,1,60,1.0,0,0,925.9,960.9,0.0,35.0,36,True,0,180.0
cluster_14,421,ORANGE,1,60,1.0,0,0,175.3,184.3,0.0,9.0,9,True,0,180.0
cluster_14,GREEN,ORANGE,1,60,1.0,0,0,326.5,340.5,0.0,14.0,14,True,0,180.0
cluster_14,ORANGE,001,0,60,1.0,0,0,133.8,127.8,6.0,0.0,12,True,0,180.0
cluster_14,ORANGE,001,1,60,1.0,3,0,217.0,211.0,6.0,0.0,12,True,0,180.0
cluster_14,ORANGE,009,0,60,1.0,0,1,60.0,85.8,0.0,25.8,12,True,0,180.0
cluster_14,ORANGE,009,1,60,1.0,0,1,78.0,100.0,0.0,22.0,12,True,0,180.0
cluster_14,ORANGE,018,0,60,1.0,0,0,110.0,106.0,4.0,0.0,12,True,0,180.0
cluster_14,ORANGE,018,1,60,1.0,0,0,71.7,69.0,2.7,0.0,12,True,0,180.0
cluster_14,ORANGE,023,0,60,1.0,0,2,186.2,214.5,0.0,28.4,16,True,0,180.0
cluster_14,ORANGE,023,1,60,1.0,0,0,101.5,96.8,4.7,0.0,14,True,0,180.0
cluster_14,ORANGE,214,0,60,1.0,0,0,255.5,251.5,4.0,0.0,10,True,0,180.0
cluster_14,ORANGE,214,1,60,1.0,0,0,170.3,168.3,2.0,0.0,8,True,0,180.0
cluster_14,ORANGE,249,0,60,1.0,0,0,123.4,119.4,4.0,0.0,8,True,0,180.0
cluster_14,ORANGE,249,1,60,1.0,0,1,157.9,198.7,0.0,40.8,8,True,0,180.0
cluster_14,ORANGE,421,0,60,1.0,0,0,15.0,13.0,2.0,0.0,2,True,0,180.0
cluster_14,ORANGE,421,1,60,1.0,0,0,33.0,31.0,2.0,0.0,2,True,0,180.0
cluster_14,ORANGE,GREEN,0,60,1.0,0,0,121.0,115.0,6.0,0.0,12,True,0,180.0
cluster_14,ORANGE,GREEN,1,60,1.0,0,0,149.5,145.5,4.0,0.0,14,True,0,180.0
cluster_168,020,ORANGE,1,60,1.0,0,36,9407.3,9760.3,0.0,353.0,754,True,0,180.0
cluster_168,213,ORANGE,1,60,1.0,0,2,1551.1,1585.1,0.0,34.0,130,True,0,180.0
cluster_168,233,ORANGE,1,60,1.0,10,0,4006.4,4130.4,0.0,124.0,424,True,0,180.0
cluster_168,GREEN,ORANGE,1,60,1.0,7,0,1356.5,1265.0,91.5,0.0,120,True,0,180.0
cluster_168,ORANGE,020,0,60,1.0,0,0,871.5,869.1,2.4,0.0,118,True,0,180.0
cluster_168,ORANGE,020,1,60,1.0,2,0,740.1,695.8,44.4,0.0,119,True,0,180.0
cluster_168,ORANGE,213,0,60,1.0,0,0,2541.9,2490.9,51.0,0.0,114,True,0,180.0
cluster_168,ORANGE,213,1,60,1.0,0,0,2142.5,2096.6,45.9,0.0,121,True,0,180.0
cluster_168,ORANGE,233,0,60,1.0,0,0,1561.4,1503.4,58.0,0.0,117,True,0,180.0
cluster_168,ORANGE,233,1,60,1.0,0,0,1863.0,1833.8,29.2,0.0,119,True,0,180.0
cluster_168,ORANGE,GREEN,0,60,1.0,6,0,817.0,754.0,63.0,0.0,125,True,0,180.0
cluster_168,ORANGE,GREEN,1,60,1.0,0,0,522.0,465.0,57.0,0.0,117,True,0,180.0
cluster_168,ORANGE,ORANGE,0,60,1.0,0,0,233.5,174.5,59.0,0.0,59,True,0,180.0
cluster_168,ORANGE,ORANGE,1,60,1.0,0,0,790.0,850.0,0.0,60.0,60,True,0,180.0
cluster_22,023,ORANGE,1,60,1.0,0,37,14551.5,15687.4,0.0,1135.9,1267,True,0,180.0
cluster_22,103,ORANGE,1,60,1.0,0,31,8347.2,8637.2,0.0,290.0,630,True,0,180.0
cluster_22,207,ORANGE,1,60,1.0,0,25,7972.1,8096.9,0.0,124.8,724,True,0,180.0
cluster_22,237,ORANGE,1,60,1.0,25,0,4738.6,4626.5,112.1,0.0,572,True,0,180.0
cluster_22,425,ORANGE,1,60,1.0,0,9,8392.2,8478.7,0.0,86.5,849,True,0,180.0
cluster_22,BLUE,ORANGE,1,60,1.0,48,0,1252.0,391.5,860.5,0.0,107,True,0,180.0
cluster_22,ORANGE,023,0,60,1.0,0,0,64.0,51.2,12.9,0.0,106,True,0,180.0
cluster_22,ORANGE,023,1,60,1.0,0,0,178.0,127.7,50.3,0.0,106,True,0,180.0
cluster_22,ORANGE,103,0,60,1.0,2,0,879.2,861.5,17.6,0.0,106,True,0,180.0
cluster_22,ORANGE,103,1,60,1.0,0,0,856.8,818.6,38.2,0.0,106,True,0,180.0
cluster_22,ORANGE,207,0,60,1.0,2,0,1595.4,1554.9,40.4,0.0,106,True,0,180.0
cluster_22,ORANGE,207,1,60,1.0,0,8,1804.8,2114.8,0.0,310.1,105,True,0,180.0
cluster_22,ORANGE,237,0,60,1.0,6,0,1454.5,1501.6,0.0,47.1,105,True,0,180.0
cluster_22,ORANGE,237,1,60,1.0,8,0,1613.6,1615.5,0.0,1.9,106,True,0,180.0
cluster_22,ORANGE,425,0,60,1.0,0,1,234.8,231.4,3.3,0.0,89,True,0,180.0
cluster_22,ORANGE,425,1,60,1.0,0,1,319.5,337.7,0.0,18.2,89,True,0,180.0
cluster_22,ORANGE,BLUE,0,60,1.0,0,0,1551.0,1498.0,53.0,0.0,106,True,0,180.0
cluster_22,ORANGE,BLUE,1,60,1.0,0,0,1264.0,1211.0,53.0,0.0,106,True,0,180.0
cluster_22,ORANGE,ORANGE,0,60,1.0,0,0,77.5,27.5,50.0,0.0,50,True,0,180.0
cluster_22,ORANGE,ORANGE,1,60,1.0,0,0,767.0,818.0,0.0,51.0,51,True,0,180.0
cluster_22,ORANGE,RED,0,60,1.0,0,0,1056.0,1003.0,53.0,0.0,106,True,0,180.0
cluster_22,ORANGE,RED,1,60,1.0,0,0,723.0,670.0,53.0,0.0,106,True,0,180.0
cluster_22,RED,ORANGE,1,60,1.0,0,0,742.0,848.0,0.0,106.0,106,True,0,180.0
cluster_23,001,ORANGE,1,60,1.0,44,0,21144.1,20839.1,305.0,0.0,2030,True,0,180.0
cluster_23,023,ORANGE,1,60,1.0,97,0,11747.9,10067.9,1680.0,0.0,920,True,0,180.0
cluster_23,057,ORANGE,1,60,1.0,87,0,4828.7,3494.9,1333.8,0.0,443,True,0,180.0
cluster_23,101,ORANGE,1,60,1.0,65,0,3847.2,2900.2,947.0,0.0,373,True,0,180.0
cluster_23,122,ORANGE,1,60,1.0,61,0,4021.7,3165.7,856.0,0.0,384,True,0,180.0
cluster_23,213,ORANGE,1,60,1.0,31,0,2598.2,2094.2,504.0,0.0,251,True,0,180.0
cluster_23,219,ORANGE,1,60,1.0,13,0,2549.5,2479.5,70.0,0.0,270,True,0,180.0
cluster_23,230,ORANGE,1,60,1.0,14,0,5275.1,4799.1,476.0,0.0,504,True,0,180.0
cluster_23,306,ORANGE,1,60,1.0,0,5,432.0,434.0,0.0,2.0,42,True,0,180.0
cluster_23,422,ORANGE,1,60,1.0,0,1,2800.0,3080.0,0.0,280.0,280,True,0,180.0
cluster_23,423,ORANGE,1,60,1.0,0,13,486.0,540.0,0.0,54.0,54,True,0,180.0
cluster_23,GREEN,ORANGE,1,60,1.0,0,0,1217.0,1331.0,0.0,114.0,114,True,0,180.0
cluster_23,ORANGE,001,0,60,1.0,0,0,289.8,259.1,30.7,0.0,113,True,0,180.0
cluster_23,ORANGE,001,1,60,1.0,0,0,347.6,346.2,1.4,0.0,114,True,0,180.0
cluster_23,ORANGE,023,0,60,1.0,0,47,609.4,1198.2,0.0,588.8,115,True,0,180.0
cluster_23,ORANGE,023,1,60,1.0,11,0,977.1,935.3,41.8,0.0,114,True,0,180.0
cluster_23,ORANGE,057,0,60,1.0,0,0,1159.8,1103.8,56.0,0.0,114,True,0,180.0
cluster_23,ORANGE,057,1,60,1.0,37,0,1243.0,1203.5,39.5,0.0,113,True,0,180.0
cluster_23,ORANGE,101,0,60,1.0,5,0,1119.8,1086.9,32.9,0.0,114,True,0,180.0
cluster_23,ORANGE,101,1,60,1.0,9,0,1252.2,1196.2,56.0,0.0,111,True,0,180.0
cluster_23,ORANGE,122,0,60,1.0,1,0,682.6,625.6,57.0,0.0,114,True,0,180.0
cluster_23,ORANGE,213,0,60,1.0,5,0,2076.4,2021.4,55.0,0.0,110,True,0,180.0
cluster_23,ORANGE,213,1,60,1.0,0,2,1560.7,1567.9,0.0,7.3,114,True,0,180.0
cluster_23,ORANGE,219,0,60,1.0,5,0,2019.9,1963.9,56.0,0.0,113,True,0,180.0
cluster_23,ORANGE,219,1,60,1.0,0,2,2623.2,2621.0,2.2,0.0,111,True,0,180.0
cluster_23,ORANGE,230,0,60,1.0,0,0,1471.9,1429.4,42.5,0.0,112,True,0,180.0
cluster_23,ORANGE,230,1,60,1.0,0,9,1577.0,1928.0,0.0,351.0,110,True,0,180.0
cluster_23,ORANGE,306,0,60,1.0,0,5,3995.0,4390.0,0.0,395.0,81,True,0,180.0
cluster_23,ORANGE,306,1,60,1.0,0,0,3966.0,3927.0,39.0,0.0,78,True,0,180.0
cluster_23,ORANGE,422,0,60,1.0,0,0,234.0,197.0,37.0,0.0,79,True,0,180.0
cluster_23,ORANGE,423,0,60,1.0,0,13,696.0,968.0,0.0,272.0,80,True,0,180.0
cluster_23,ORANGE,GREEN,0,60,1.0,3,0,690.0,632.0,58.0,0.0,114,True,0,180.0
cluster_23,ORANGE,GREEN,1,60,1.0,0,0,431.5,376.5,55.0,0.0,112,True,0,180.0
cluster_23,ORANGE,ORANGE,0,60,1.0,0,0,290.5,234.5,56.0,0.0,56,True,0,180.0
cluster_23,ORANGE,ORANGE,1,60,1.0,0,0,700.5,756.5,0.0,56.0,56,True,0,180.0
cluster_23,ORANGE,TRE,0,60,1.0,0,0,2244.5,2192.5,52.0,0.0,103,True,0,180.0
cluster_23,ORANGE,TRE,1,60,1.0,0,0,2332.5,2277.5,55.0,0.0,109,True,0,180.0
cluster_23,TRE,ORANGE,1,60,1.0,0,0,521.0,579.0,0.0,58.0,58,True,0,180.0
cluster_29,018,ORANGE,1,60,1.0,0,0,563.3,587.3,0.0,24.0,24,True,0,180.0
cluster_29,023,ORANGE,1,60,1.0,1,0,643.3,641.9,1.4,0.0,29,True,0,180.0
cluster_29,214,ORANGE,1,60,1.0,0,0,579.3,604.3,0.0,25.0,25,True,0,180.0
cluster_29,GREEN,ORANGE,1,60,1.0,0,0,131.0,138.0,0.0,7.0,7,True,0,180.0
cluster_29,ORANGE,018,0,60,1.0,0,0,33.5,31.5,2.0,0.0,6,True,0,180.0
cluster_29,ORANGE,018,1,60,1.0,0,0,36.5,34.5,2.0,0.0,6,True,0,180.0
cluster_29,ORANGE,023,0,60,1.0,1,0,97.6,94.6,3.0,0.0,8,True,0,180.0
cluster_29,ORANGE,023,1,60,1.0,0,0,70.0,67.0,3.0,0.0,6,True,0,180.0
cluster_29,ORANGE,214,0,60,1.0,0,0,101.3,99.3,2.0,0.0,5,True,0,180.0
cluster_29,ORANGE,214,1,60,1.0,0,0,54.4,54.4,0.0,0.0,4,True,0,180.0
cluster_29,ORANGE,GREEN,0,60,1.0,0,0,96.5,93.5,3.0,0.0,6,True,0,180.0
cluster_29,ORANGE,GREEN,1,60,1.0,0,0,75.5,73.5,2.0,0.0,7,True,0,180.0
cluster_527,200,ORANGE,1,60,1.0,0,11,30443.2,30717.5,0.0,274.3,313,True,0,180.0
cluster_527,202,ORANGE,1,60,1.0,12,0,21819.1,21399.1,420.0,0.0,240,True,0,180.0
cluster_527,250,ORANGE,1,60,1.0,0,2,32931.7,33175.7,0.0,244.0,344,True,0,180.0
cluster_527,ORANGE,200,0,60,1.0,0,0,549.5,528.9,20.5,0.0,44,True,0,180.0
cluster_527,ORANGE,200,1,60,1.0,0,0,503.6,489.8,13.8,0.0,44,True,0,180.0
cluster_527,ORANGE,202,0,60,1.0,0,1,540.5,548.8,0.0,8.3,42,True,0,180.0
cluster_527,ORANGE,202,1,60,1.0,0,0,512.4,491.4,21.0,0.0,42,True,0,180.0
cluster_527,ORANGE,250,0,60,1.0,2,0,506.2,485.4,20.8,0.0,44,True,0,180.0
cluster_527,ORANGE,250,1,60,1.0,0,0,441.3,434.9,6.4,0.0,44,True,0,180.0
cluster_527,ORANGE,ORANGE,0,60,1.0,0,0,811.5,790.5,21.0,0.0,21,True,0,180.0
cluster_527,ORANGE,ORANGE,1,60,1.0,0,0,314.5,335.5,0.0,21.0,21,True,0,180.0
cluster_527,ORANGE,RED,0,60,1.0,0,0,439.0,417.0,22.0,0.0,44,True,0,180.0
cluster_527,ORANGE,RED,1,60,1.0,0,0,304.0,282.0,22.0,0.0,44,True,0,180.0
cluster_527,RED,ORANGE,1,60,1.0,0,0,8168.0,8249.0,0.0,81.0,81,True,0,180.0
cluster_6,003,ORANGE,1,60,1.0,21,0,4515.2,4242.2,273.0,0.0,545,True,0,180.0
cluster_6,017,ORANGE,1,60,1.0,0,52,15073.0,15344.5,0.0,271.5,1524,True,0,180.0
cluster_6,205,ORANGE,1,60,1.0,2,0,677.7,724.7,0.0,47.0,87,True,0,180.0
cluster_6,249,ORANGE,1,60,1.0,17,0,1592.6,1395.1,197.5,0.0,180,True,0,180.0
cluster_6,440,ORANGE,1,60,1.0,0,49,18443.5,18417.5,26.0,0.0,2304,True,0,180.0
cluster_6,442,ORANGE,1,60,1.0,0,0,736.9,842.9,0.0,106.0,106,True,0,180.0
cluster_6,BLUE,ORANGE,1,60,1.0,0,0,545.0,653.0,0.0,108.0,108,True,0,180.0
cluster_6,ORANGE,003,0,60,1.0,16,0,1113.7,1035.9,77.8,0.0,212,True,0,180.0
cluster_6,ORANGE,003,1,60,1.0,3,0,1203.6,1267.9,0.0,64.4,212,True,0,180.0
cluster_6,ORANGE,017,0,60,1.0,0,0,576.0,527.5,48.5,0.0,212,True,0,180.0
cluster_6,ORANGE,017,1,60,1.0,0,0,466.9,690.4,0.0,223.5,212,True,0,180.0
cluster_6,ORANGE,205,0,60,1.0,0,12,4305.5,4639.5,0.0,334.0,212,True,0,180.0
cluster_6,ORANGE,205,1,60,1.0,1,0,4014.6,3908.6,106.0,0.0,212,True,0,180.0
cluster_6,ORANGE,249,0,60,1.0,0,0,3135.8,3728.0,0.0,592.2,210,True,0,180.0
cluster_6,ORANGE,249,1,60,1.0,5,0,3672.8,3572.4,100.3,0.0,206,True,0,180.0
cluster_6,ORANGE,440,0,60,1.0,0,0,126.5,121.4,5.1,0.0,183,True,0,180.0
cluster_6,ORANGE,440,1,60,1.0,0,12,313.8,417.2,0.0,103.4,182,True,0,180.0
cluster_6,ORANGE,442,0,60,1.0,0,0,1611.3,1531.5,79.7,0.0,208,True,0,180.0
cluster_6,ORANGE,BLUE,0,60,1.0,4,0,2082.0,1976.0,106.0,0.0,212,True,0,180.0
cluster_6,ORANGE,BLUE,1,60,1.0,0,0,2640.5,2534.5,106.0,0.0,212,True,0,180.0
cluster_6,ORANGE,ORANGE,0,60,1.0,1,0,1112.5,1014.5,98.0,0.0,102,True,0,180.0
cluster_6,ORANGE,ORANGE,1,60,1.0,0,2,457.5,559.0,0.0,101.5,104,True,0,180.0
cluster_6,ORANGE,RED,0,60,1.0,0,0,1057.0,1049.0,8.0,0.0,212,True,0,180.0
cluster_6,ORANGE,RED,1,60,1.0,0,0,2145.5,2039.5,106.0,0.0,212,True,0,180.0
cluster_6,RED,ORANGE,1,60,1.0,0,49,2084.0,2293.5,0.0,209.5,212,True,0,180.0
cluster_666,236,ORANGE,1,60,1.0,6,0,21473.1,21492.0,0.0,18.8,218,True,0,180.0
cluster_666,247,ORANGE,1,60,1.0,0,7,32473.5,32187.5,286.0,0.0,335,True,0,180.0
cluster_666,ORANGE,236,0,60,1.0,2,0,592.4,572.9,19.5,0.0,43,True,0,180.0
cluster_666,ORANGE,236,1,60,1.0,0,4,353.9,425.8,0.0,71.9,43,True,0,180.0
cluster_666,ORANGE,247,0,60,1.0,0,2,455.0,478.4,0.0,23.4,44,True,0,180.0
cluster_666,ORANGE,247,1,60,1.0,0,6,511.8,655.0,0.0,143.3,44,True,0,180.0
cluster_666,ORANGE,ORANGE,0,60,1.0,0,0,346.0,325.0,21.0,0.0,21,True,0,180.0
cluster_666,ORANGE,ORANGE,1,60,1.0,0,0,580.0,601.0,0.0,21.0,21,True,0,180.0
cluster_666,ORANGE,RED,0,60,1.0,0,0,522.0,501.0,21.0,0.0,43,True,0,180.0
cluster_666,ORANGE,RED,1,60,1.0,0,0,186.0,164.0,22.0,0.0,44,True,0,180.0
cluster_666,ORANGE,SILVER,0,60,1.0,0,0,638.0,617.0,21.0,0.0,43,True,0,180.0
cluster_666,ORANGE,SILVER,1,60,1.0,0,0,938.0,916.0,22.0,0.0,44,True,0,180.0
cluster_666,RED,ORANGE,1,60,1.0,0,0,7998.0,8079.0,0.0,81.0,81,True,0,180.0
cluster_666,SILVER,ORANGE,1,60,1.0,0,0,3576.0,3620.0,0.0,44.0,44,True,0,180.0
cluster_667,017,ORANGE,1,60,1.0,0,50,8315.3,8927.8,0.0,612.5,630,True,0,180.0
cluster_667,413,ORANGE,1,60,1.0,0,0,373.0,425.0,0.0,52.0,52,True,0,180.0
cluster_667,417,ORANGE,1,60,1.0,0,0,571.0,627.0,0.0,56.0,56,True,0,180.0
cluster_667,419,ORANGE,1,60,1.0,0,0,444.0,498.0,0.0,54.0,54,True,0,180.0
cluster_667,ORANGE,017,0,60,1.0,0,0,556.0,503.0,53.0,0.0,106,True,0,180.0
cluster_667,ORANGE,017,1,60,1.0,0,1,371.3,360.9,10.4,0.0,106,True,0,180.0
cluster_667,ORANGE,413,0,60,1.0,0,0,6283.0,6240.0,43.0,0.0,86,True,0,180.0
cluster_667,ORANGE,417,0,60,1.0,0,0,5337.0,5294.0,43.0,0.0,87,True,0,180.0
cluster_667,ORANGE,419,0,60,1.0,0,0,5743.0,5700.0,43.0,0.0,86,True,0,180.0
cluster_667,ORANGE,ORANGE,0,60,1.0,0,0,767.5,717.5,50.0,0.0,50,True,0,180.0
cluster_667,ORANGE,ORANGE,1,60,1.0,0,0,126.5,179.5,0.0,53.0,53,True,0,180.0
cluster_667,ORANGE,RED,0,60,1.0,0,0,798.0,745.0,53.0,0.0,106,True,0,180.0
cluster_667,ORANGE,RED,1,60,1.0,1,0,1013.0,960.0,53.0,0.0,106,True,0,180.0
cluster_667,RED,ORANGE,1,60,1.0,1,0,1029.0,1105.0,0.0,76.0,106,True,0,180.0
cluster_717,020,ORANGE,1,60,1.0,12,0,2286.0,2108.0,178.0,0.0,212,True,0,180.0
cluster_717,027,ORANGE,1,60,1.0,47,0,1756.5,924.0,832.5,0.0,105,True,0,180.0
cluster_717,ORANGE,020,0,60,1.0,0,0,768.5,715.5,53.0,0.0,106,True,0,180.0
cluster_717,ORANGE,020,1,60,1.0,14,0,1075.2,1039.7,35.5,0.0,106,True,0,180.0
cluster_717,ORANGE,027,0,60,1.0,0,0,1604.0,1551.0,53.0,0.0,106,True,0,180.0
cluster_717,ORANGE,027,1,60,1.0,0,0,780.0,727.0,53.0,0.0,106,True,0,180.0
cluster_717,ORANGE,ORANGE,0,60,1.0,0,0,99.0,48.0,51.0,0.0,51,True,0,180.0
cluster_717,ORANGE,ORANGE,1,60,1.0,0,0,781.5,833.5,0.0,52.0,52,True,0,180.0
cluster_717,ORANGE,RED,0,60,1.0,0,0,1016.0,963.0,53.0,0.0,106,True,0,180.0
cluster_717,ORANGE,RED,1,60,1.0,1,0,754.0,701.0,53.0,0.0,106,True,0,180.0
cluster_717,RED,ORANGE,1,60,1.0,1,0,821.0,897.0,0.0,76.0,106,True,0,180.0
cluster_809,022,ORANGE,1,60,1.0,2,0,956.0,1022.0,0.0,66.0,106,True,0,180.0
cluster_809,241,ORANGE,1,60,1.0,0,1,696.0,757.0,0.0,61.0,61,True,0,180.0
cluster_809,ORANGE,022,0,60,1.0,0,2,855.0,854.0,1.0,0.0,106,True,0,180.0
cluster_809,ORANGE,022,1,60,1.0,0,0,1326.0,1273.0,53.0,0.0,106,True,0,180.0
cluster_809,ORANGE,241,0,60,1.0,2,0,2108.5,2056.5,52.0,0.0,103,True,0,180.0
cluster_809,ORANGE,241,1,60,1.0,0,0,1616.0,1563.0,53.0,0.0,106,True,0,180.0
cluster_809,ORANGE,ORANGE,0,60,1.0,0,0,567.5,517.5,50.0,0.0,50,True,0,180.0
cluster_809,ORANGE,ORANGE,1,60,1.0,0,0,336.0,389.0,0.0,53.0,53,True,0,180.0
cluster_809,ORANGE,RED,0,60,1.0,0,0,586.0,533.0,53.0,0.0,106,True,0,180.0
cluster_809,ORANGE,RED,1,60,1.0,1,0,1225.0,1172.0,53.0,0.0,106,True,0,180.0
cluster_809,RED,ORANGE,1,60,1.0,1,0,1241.0,1317.0,0.0,76.0,106,True,0,180.0
cluster_810,238,ORANGE,1,60,1.0,1,0,4877.5,4506.5,371.0,0.0,49,True,0,180.0
cluster_810,243,ORANGE,1,60,1.0,0,5,4867.5,4916.5,0.0,49.0,49,True,0,180.0
cluster_810,244,ORANGE,1,60,1.0,0,1,4341.5,4388.5,0.0,47.0,47,True,0,180.0
cluster_810,ORANGE,238,0,60,1.0,0,0,672.0,650.0,22.0,0.0,44,True,0,180.0
cluster_810,ORANGE,238,1,60,1.0,2,0,685.0,693.0,0.0,8.0,44,True,0,180.0
cluster_810,ORANGE,243,0,60,1.0,0,0,670.0,648.0,22.0,0.0,44,True,0,180.0
cluster_810,ORANGE,243,1,60,1.0,0,0,690.0,668.0,22.0,0.0,44,True,0,180.0
cluster_810,ORANGE,244,0,60,1.0,2,0,718.5,697.5,21.0,0.0,43,True,0,180.0
cluster_810,ORANGE,244,1,60,1.0,0,0,693.5,702.5,0.0,9.0,41,True,0,180.0
cluster_810,ORANGE,ORANGE,0,60,1.0,1,0,937.5,916.5,21.0,0.0,21,True,0,180.0
cluster_810,ORANGE,ORANGE,1,60,1.0,0,0,208.5,229.5,0.0,21.0,21,True,0,180.0
cluster_810,ORANGE,RED,0,60,1.0,20,0,571.0,549.0,22.0,0.0,44,True,0,180.0
cluster_810,ORANGE,RED,1,60,1.0,0,0,573.0,551.0,22.0,0.0,44,True,0,180.0
cluster_810,RED,ORANGE,1,60,1.0,0,0,8718.0,8799.0,0.0,81.0,81,True,0,180.0
cluster_811,408,ORANGE,1,60,1.0,0,1,2409.0,2451.0,0.0,42.0,42,True,0,180.0
cluster_811,ORANGE,408,0,60,1.0,0,0,424.5,407.5,17.0,0.0,35,True,0,180.0
cluster_811,ORANGE,408,1,60,1.0,0,0,513.0,496.0,17.0,0.0,34,True,0,180.0
cluster_811,ORANGE,ORANGE,0,60,1.0,0,0,1023.0,1002.0,21.0,0.0,21,True,0,180.0
cluster_811,ORANGE,ORANGE,1,60,1.0,0,0,93.0,114.0,0.0,21.0,21,True,0,180.0
cluster_811,ORANGE,RED,0,60,1.0,0,0,279.0,258.0,21.0,0.0,43,True,0,180.0
cluster_811,ORANGE,RED,1,60,1.0,0,0,452.0,430.0,22.0,0.0,44,True,0,180.0
cluster_811,RED,ORANGE,1,60,1.0,0,0,8498.0,8579.0,0.0,81.0,81,True,0,180.0
cluster_828,232,ORANGE,1,60,1.0,3,0,4426.0,4414.0,12.0,0.0,48,True,0,180.0
cluster_828,245,ORANGE,1,60,1.0,0,0,4279.0,4327.0,0.0,48.0,48,True,0,180.0
cluster_828,883E,ORANGE,1,60,1.0,0,6,10993.0,11089.0,0.0,96.0,96,True,0,180.0
cluster_828,ORANGE,232,0,60,1.0,3,0,694.0,673.0,21.0,0.0,42,True,0,180.0
cluster_828,ORANGE,232,1,60,1.0,0,0,720.0,698.0,22.0,0.0,44,True,0,180.0
cluster_828,ORANGE,245,0,60,1.0,0,0,789.0,767.0,22.0,0.0,44,True,0,180.0
cluster_828,ORANGE,245,1,60,1.0,0,0,806.0,785.0,21.0,0.0,42,True,0,180.0
cluster_828,ORANGE,883E,0,60,1.0,0,6,175.0,247.0,0.0,72.0,36,True,0,180.0
cluster_828,ORANGE,883E,1,60,1.0,0,0,326.0,309.0,17.0,0.0,34,True,0,180.0
cluster_828,ORANGE,ORANGE,0,60,1.0,0,0,1128.0,1107.0,21.0,0.0,21,True,0,180.0
cluster_828,ORANGE,ORANGE,1,60,1.0,0,0,748.0,769.0,0.0,21.0,21,True,0,180.0
cluster_828,ORANGE,RED,0,60,1.0,0,0,384.0,363.0,21.0,0.0,43,True,0,180.0
cluster_828,ORANGE,RED,1,60,1.0,0,0,362.0,340.0,22.0,0.0,44,True,0,180.0
cluster_828,ORANGE,SILVER,0,60,1.0,0,8,470.0,718.0,0.0,248.0,44,True,0,180.0
cluster_828,ORANGE,SILVER,1,60,1.0,0,0,770.0,748.0,22.0,0.0,44,True,0,180.0
cluster_828,RED,ORANGE,1,60,1.0,0,0,8318.0,8399.0,0.0,81.0,81,True,0,180.0
cluster_828,SILVER,ORANGE,1,60,1.0,0,8,3634.0,3678.0,0.0,44.0,44,True,0,180.0
cluster_829,234,ORANGE,1,60,1.0,0,1,11715.8,11815.8,0.0,100.0,120,True,0,180.0
cluster_829,236,ORANGE,1,60,1.0,2,0,20109.9,19801.9,308.0,0.0,192,True,0,180.0
cluster_829,247,ORANGE,1,60,1.0,1,0,14541.9,14643.9,0.0,102.0,162,True,0,180.0
cluster_829,ORANGE,234,0,60,1.0,0,2,586.8,623.0,0.0,36.3,43,True,0,180.0
cluster_829,ORANGE,234,1,60,1.0,3,0,500.9,479.9,21.0,0.0,43,True,0,180.0
cluster_829,ORANGE,236,0,60,1.0,0,0,517.1,497.0,20.1,0.0,43,True,0,180.0
cluster_829,ORANGE,236,1,60,1.0,0,2,525.2,557.9,0.0,32.7,42,True,0,180.0
cluster_829,ORANGE,247,0,60,1.0,0,1,632.2,676.6,0.0,44.4,44,True,0,180.0
cluster_829,ORANGE,247,1,60,1.0,0,0,595.0,573.0,22.0,0.0,44,True,0,180.0
cluster_829,ORANGE,ORANGE,0,60,1.0,0,1,410.5,419.5,0.0,9.0,21,True,0,180.0
cluster_829,ORANGE,ORANGE,1,60,1.0,0,0,505.5,526.5,0.0,21.0,21,True,0,180.0
cluster_829,ORANGE,RED,0,60,1.0,0,19,226.5,595.5,0.0,369.0,43,True,0,180.0
cluster_829,ORANGE,RED,1,60,1.0,0,0,517.0,495.0,22.0,0.0,44,True,0,180.0
cluster_829,RED,ORANGE,1,60,1.0,0,0,8562.5,8642.5,0.0,80.0,80,True,0,180.0
cluster_876,GREEN,ORANGE,1,60,1.0,0,0,1650.5,1763.5,0.0,113.0,113,True,0,180.0
cluster_876,ORANGE,GREEN,0,60,1.0,0,0,1238.0,1180.0,58.0,0.0,114,True,0,180.0
cluster_876,ORANGE,GREEN,1,60,1.0,0,0,862.5,807.5,55.0,0.0,113,True,0,180.0
cluster_876,ORANGE,ORANGE,0,60,1.0,0,0,787.5,732.5,55.0,0.0,55,True,0,180.0
cluster_876,ORANGE,ORANGE,1,60,1.0,0,0,207.0,260.5,0.0,53.5,56,True,0,180.0
cluster_876,ORANGE,TRE,0,60,1.0,0,0,2586.5,2534.5,52.0,0.0,104,True,0,180.0
cluster_876,ORANGE,TRE,1,60,1.0,0,0,2640.0,2585.0,55.0,0.0,109,True,0,180.0
cluster_876,TRE,ORANGE,1,60,1.0,0,22,661.5,719.5,0.0,58.0,58,True,0,180.0
cluster_9,001,ORANGE,1,60,1.0,48,0,6505.4,6025.9,479.5,0.0,1159,True,0,180.0
cluster_9,003,ORANGE,1,60,1.0,3,0,10795.4,10825.4,0.0,30.1,1847,True,0,180.0
cluster_9,009,ORANGE,1,60,1.0,0,10,6491.2,6454.1,37.1,0.0,1140,True,0,180.0
cluster_9,013,ORANGE,1,60,1.0,0,20,6083.3,5966.3,117.0,0.0,1186,True,0,180.0
cluster_9,016,ORANGE,1,60,1.0,0,10,5486.9,5425.4,61.5,0.0,678,True,0,180.0
cluster_9,018,ORANGE,1,60,1.0,9,0,1478.4,1473.9,4.5,0.0,616,True,0,180.0
cluster_9,102,ORANGE,1,60,1.0,39,0,5345.9,4722.2,623.8,0.0,752,True,0,180.0
cluster_9,103,ORANGE,1,60,1.0,0,16,3378.1,3552.6,0.0,174.5,528,True,0,180.0
cluster_9,106,ORANGE,1,60,1.0,4,0,5599.6,6161.6,0.0,562.0,977,True,0,180.0
cluster_9,109,ORANGE,1,60,1.0,0,5,3617.1,3826.1,0.0,209.0,763,True,0,180.0
cluster_9,128,ORANGE,1,60,1.0,45,0,5310.6,4763.6,547.0,0.0,981,True,0,180.0
cluster_9,145,ORANGE,1,60,1.0,0,11,4605.6,4760.1,0.0,154.5,809,True,0,180.0
cluster_9,147,ORANGE,1,60,1.0,2,0,3448.9,3713.9,0.0,265.0,799,True,0,180.0
cluster_9,205,ORANGE,1,60,1.0,18,0,2175.1,2064.1,111.0,0.0,365,True,0,180.0
cluster_9,207,ORANGE,1,60,1.0,30,0,3683.2,3442.2,241.1,0.0,698,True,0,180.0
cluster_9,214,ORANGE,1,60,1.0,0,18,3718.4,3795.4,0.0,77.0,627,True,0,180.0
cluster_9,224,ORANGE,1,60,1.0,0,3,2687.4,2786.4,0.0,99.0,433,True,0,180.0
cluster_9,230,ORANGE,1,60,1.0,0,9,2736.1,3006.1,0.0,270.0,526,True,0,180.0
cluster_9,237,ORANGE,1,60,1.0,40,0,3268.9,2831.4,437.5,0.0,669,True,0,180.0
cluster_9,239,ORANGE,1,60,1.0,19,0,2137.9,1872.9,265.0,0.0,517,True,0,180.0
cluster_9,249,ORANGE,1,60,1.0,15,0,1929.6,1722.6,207.0,0.0,372,True,0,180.0
cluster_9,306,ORANGE,1,60,1.0,8,0,2748.3,2548.3,200.0,0.0,668,True,0,180.0
cluster_9,308,ORANGE,1,60,1.0,10,0,5436.6,5349.6,87.0,0.0,1046,True,0,180.0
cluster_9,421,ORANGE,1,60,1.0,0,0,204.0,246.0,0.0,42.0,42,True,0,180.0
cluster_9,425,ORANGE,1,60,1.0,4,0,5034.2,5052.2,0.0,18.0,1032,True,0,180.0
cluster_9,620,ORANGE,1,60,1.0,52,0,932.0,275.5,656.5,0.0,109,True,0,180.0
cluster_9,BLUE,ORANGE,1,60,1.0,0,56,2469.0,2678.5,0.0,209.5,572,True,0,180.0
cluster_9,GREEN,ORANGE,1,60,1.0,0,3,2514.0,2961.0,0.0,447.0,452,True,0,180.0
cluster_9,ORANGE,001,0,60,1.0,0,8,1281.0,1454.1,0.0,173.0,452,True,0,180.0
cluster_9,ORANGE,001,1,60,1.0,0,0,1338.1,1305.3,32.8,0.0,455,True,0,180.0
cluster_9,ORANGE,003,0,60,1.0,0,0,593.2,593.5,0.0,0.3,455,True,0,180.0
cluster_9,ORANGE,003,1,60,1.0,0,0,800.1,781.0,19.1,0.0,449,True,0,180.0
cluster_9,ORANGE,009,0,60,1.0,0,0,1665.4,1641.3,24.0,0.0,448,True,0,180.0
cluster_9,ORANGE,009,1,60,1.0,0,5,1740.2,1883.6,0.0,143.4,451,True,0,180.0
cluster_9,ORANGE,013,0,60,1.0,1,0,2513.6,2415.2,98.4,0.0,449,True,0,180.0
cluster_9,ORANGE,013,1,60,1.0,3,0,2101.1,1964.6,136.5,0.0,448,True,0,180.0
cluster_9,ORANGE,016,0,60,1.0,9,0,2451.3,2331.2,120.1,0.0,450,True,0,180.0
cluster_9,ORANGE,016,1,60,1.0,2,0,2500.3,2331.4,168.9,0.0,448,True,0,180.0
cluster_9,ORANGE,018,0,60,1.0,7,0,2364.1,2485.9,0.0,121.8,449,True,0,180.0
cluster_9,ORANGE,018,1,60,1.0,31,0,2997.8,2790.2,207.7,0.0,451,True,0,180.0
cluster_9,ORANGE,102,0,60,1.0,0,14,2896.0,3149.8,0.0,253.8,448,True,0,180.0
cluster_9,ORANGE,102,1,60,1.0,11,0,3706.3,3533.7,172.6,0.0,444,True,0,180.0
cluster_9,ORANGE,103,0,60,1.0,0,11,2985.0,3131.2,0.0,146.2,443,True,0,180.0
cluster_9,ORANGE,103,1,60,1.0,0,11,3301.7,3363.9,0.0,62.3,444,True,0,180.0
cluster_9,ORANGE,106,0,60,1.0,1,0,3503.0,3432.5,70.5,0.0,451,True,0,180.0
cluster_9,ORANGE,106,1,60,1.0,0,3,3613.5,3580.1,33.4,0.0,448,True,0,180.0
cluster_9,ORANGE,109,0,60,1.0,1,0,3258.8,3314.7,0.0,55.9,452,True,0,180.0
cluster_9,ORANGE,109,1,60,1.0,4,0,4066.2,3946.7,119.6,0.0,444,True,0,180.0
cluster_9,ORANGE,128,0,60,1.0,0,3,3432.6,3545.4,0.0,112.8,453,True,0,180.0
cluster_9,ORANGE,128,1,60,1.0,0,21,4306.6,4573.9,0.0,267.4,449,True,0,180.0
cluster_9,ORANGE,145,0,60,1.0,0,2,3185.0,3252.1,0.0,67.1,452,True,0,180.0
cluster_9,ORANGE,145,1,60,1.0,0,5,3569.3,3570.7,0.0,1.4,444,True,0,180.0
cluster_9,ORANGE,147,0,60,1.0,0,0,2917.4,2875.4,42.0,0.0,452,True,0,180.0
cluster_9,ORANGE,147,1,60,1.0,16,0,2886.2,2783.9,102.3,0.0,444,True,0,180.0
cluster_9,ORANGE,205,0,60,1.0,10,0,6396.5,6252.4,144.2,0.0,452,True,0,180.0
cluster_9,ORANGE,205,1,60,1.0,6,0,6447.9,6279.1,168.8,0.0,446,True,0,180.0
cluster_9,ORANGE,207,0,60,1.0,3,0,6066.6,6080.6,0.0,14.0,443,True,0,180.0
cluster_9,ORANGE,207,1,60,1.0,0,16,7908.5,8348.9,0.0,440.5,440,True,0,180.0
cluster_9,ORANGE,214,0,60,1.0,8,0,4641.5,4535.2,106.3,0.0,447,True,0,180.0
cluster_9,ORANGE,214,1,60,1.0,0,14,5486.2,5857.4,0.0,371.1,441,True,0,180.0
cluster_9,ORANGE,224,0,60,1.0,5,0,3038.9,2914.3,124.6,0.0,446,True,0,180.0
cluster_9,ORANGE,224,1,60,1.0,0,5,8577.0,8525.0,52.0,0.0,436,True,0,180.0
cluster_9,ORANGE,230,0,60,1.0,7,0,5151.6,5035.3,116.3,0.0,444,True,0,180.0
cluster_9,ORANGE,230,1,60,1.0,4,0,5583.8,5416.6,167.2,0.0,444,True,0,180.0
cluster_9,ORANGE,237,0,60,1.0,0,2,5729.1,5933.1,0.0,203.9,440,True,0,180.0
cluster_9,ORANGE,237,1,60,1.0,0,1,4119.2,4142.0,0.0,22.8,443,True,0,180.0
cluster_9,ORANGE,239,0,60,1.0,0,17,5985.1,6372.5,0.0,387.4,433,True,0,180.0
cluster_9,ORANGE,239,1,60,1.0,0,20,6810.2,7373.7,0.0,563.5,438,True,0,180.0
cluster_9,ORANGE,249,0,60,1.0,17,0,6513.0,6419.4,93.6,0.0,443,True,0,180.0
cluster_9,ORANGE,249,1,60,1.0,0,1,5634.7,5567.5,67.3,0.0,440,True,0,180.0
cluster_9,ORANGE,306,0,60,1.0,0,4,13994.5,14262.1,0.0,267.7,319,True,0,180.0
cluster_9,ORANGE,306,1,60,1.0,8,0,14464.5,14334.9,129.6,0.0,314,True,0,180.0
cluster_9,ORANGE,308,0,60,1.0,0,0,22634.4,22563.0,71.4,0.0,332,True,0,180.0
cluster_9,ORANGE,308,1,60,1.0,0,0,17254.5,17201.0,53.4,0.0,350,True,0,180.0
cluster_9,ORANGE,421,0,60,1.0,0,0,15040.0,14880.0,160.0,0.0,320,True,0,180.0
cluster_9,ORANGE,421,1,60,1.0,0,9,14570.0,14680.0,0.0,110.0,320,True,0,180.0
cluster_9,ORANGE,425,0,60,1.0,0,2,1003.1,939.4,63.8,0.0,341,True,0,180.0
cluster_9,ORANGE,425,1,60,1.0,0,0,718.0,740.4,0.0,22.4,358,True,0,180.0
cluster_9,ORANGE,620,0,60,1.0,2,0,3456.0,3244.0,212.0,0.0,422,True,0,180.0
cluster_9,ORANGE,620,1,60,1.0,50,0,4364.0,4152.0,212.0,0.0,423,True,0,180.0
cluster_9,ORANGE,BLUE,0,60,1.0,0,1,1874.0,2003.5,0.0,129.5,464,True,0,180.0
cluster_9,ORANGE,BLUE,1,60,1.0,3,0,2057.0,1848.5,208.5,0.0,454,True,0,180.0
cluster_9,ORANGE,GREEN,0,60,1.0,0,1,2338.0,2128.5,209.5,0.0,455,True,0,180.0
cluster_9,ORANGE,GREEN,1,60,1.0,0,0,1983.0,1763.0,220.0,0.0,454,True,0,180.0
cluster_9,ORANGE,ORANGE,0,60,1.0,0,0,1030.0,810.0,220.0,0.0,220,True,0,180.0
cluster_9,ORANGE,ORANGE,1,60,1.0,0,0,1372.0,1592.0,0.0,220.0,220,True,0,180.0
cluster_9,ORANGE,RED,0,60,1.0,55,0,1926.5,1706.5,220.0,0.0,452,True,0,180.0
cluster_9,ORANGE,RED,1,60,1.0,2,0,1736.5,1516.5,220.0,0.0,452,True,0,180.0
cluster_9,ORANGE,TRE,0,60,1.0,0,0,9698.0,9490.0,208.0,0.0,416,True,0,180.0
cluster_9,ORANGE,TRE,1,60,1.0,0,2,9349.0,9279.0,70.0,0.0,436,True,0,180.0
cluster_9,RED,ORANGE,1,60,1.0,54,0,2411.0,1716.5,694.5,0.0,554,True,0,180.0
cluster_9,TRE,ORANGE,1,60,1.0,3,0,274.5,288.5,0.0,14.0,58,True,0,180.0
cluster_928,005,ORANGE,1,60,1.0,10,0,1567.0,1511.5,55.5,0.0,147,True,0,180.0
cluster_928,103,ORANGE,1,60,1.0,0,2,906.5,835.5,71.0,0.0,89,True,0,180.0
cluster_928,207,ORANGE,1,60,1.0,0,0,1025.0,991.5,33.5,0.0,104,True,0,180.0
cluster_928,GREEN,ORANGE,1,60,1.0,0,0,1363.0,1477.0,0.0,114.0,114,True,0,180.0
cluster_928,ORANGE,005,0,60,1.0,0,0,1076.5,1019.5,57.0,0.0,115,True,0,180.0
cluster_928,ORANGE,005,1,60,1.0,10,0,910.5,853.5,57.0,0.0,115,True,0,180.0
cluster_928,ORANGE,103,0,60,1.0,0,0,1016.5,961.5,55.0,0.0,110,True,0,180.0
cluster_928,ORANGE,103,1,60,1.0,0,2,1699.5,1950.5,0.0,251.0,109,True,0,180.0
cluster_928,ORANGE,207,0,60,1.0,2,0,2514.8,2509.0,5.8,0.0,109,True,0,180.0
cluster_928,ORANGE,207,1,60,1.0,2,0,2563.9,2567.9,0.0,4.0,108,True,0,180.0
cluster_928,ORANGE,GREEN,0,60,1.0,0,0,458.0,400.0,58.0,0.0,114,True,0,180.0
cluster_928,ORANGE,GREEN,1,60,1.0,0,0,659.5,604.5,55.0,0.0,112,True,0,180.0
cluster_928,ORANGE,ORANGE,0,60,1.0,0,0,1051.5,995.5,56.0,0.0,56,True,0,180.0
cluster_928,ORANGE,ORANGE,1,60,1.0,0,0,894.5,950.5,0.0,56.0,56,True,0,180.0
cluster_929,306,ORANGE,1,60,1.0,0,0,297.0,319.0,0.0,22.0,42,True,0,180.0
cluster_929,GREEN,ORANGE,1,60,1.0,0,0,922.0,1036.0,0.0,114.0,114,True,0,180.0
cluster_929,ORANGE,306,0,60,1.0,0,0,4229.0,4189.0,40.0,0.0,80,True,0,180.0
cluster_929,ORANGE,306,1,60,1.0,0,0,4192.5,4154.5,38.0,0.0,77,True,0,180.0
cluster_929,ORANGE,GREEN,0,60,1.0,0,0,910.0,852.0,58.0,0.0,114,True,0,180.0
cluster_929,ORANGE,GREEN,1,60,1.0,0,0,1126.5,1071.5,55.0,0.0,113,True,0,180.0
cluster_929,ORANGE,ORANGE,0,60,1.0,0,0,545.5,489.5,56.0,0.0,56,True,0,180.0
cluster_929,ORANGE,ORANGE,1,60,1.0,0,0,540.5,596.5,0.0,56.0,56,True,0,180.0
cluster_960,ORANGE,ORANGE,0,60,1.0,1,0,653.0,594.0,59.0,0.0,59,True,0,180.0
cluster_960,ORANGE,ORANGE,1,60,1.0,0,1,423.5,483.5,0.0,60.0,60,True,0,180.0
cluster_961,229,ORANGE,1,60,1.0,18,0,812.5,503.5,309.0,0.0,65,True,0,180.0
cluster_961,231,ORANGE,1,60,1.0,0,1,451.5,515.5,0.0,64.0,64,True,0,180.0
cluster_961,ORANGE,229,0,60,1.0,0,0,1900.0,1844.0,56.0,0.0,113,True,0,180.0
cluster_961,ORANGE,229,1,60,1.0,18,0,2532.0,2475.0,57.0,0.0,114,True,0,180.0
cluster_961,ORANGE,231,0,60,1.0,0,3,1958.0,1996.0,0.0,38.0,114,True,0,180.0
cluster_961,ORANGE,231,1,60,1.0,0,0,2379.0,2322.0,57.0,0.0,115,True,0,180.0
cluster_961,ORANGE,ORANGE,0,60,1.0,1,0,318.5,278.5,40.0,0.0,60,True,0,180.0
cluster_961,ORANGE,ORANGE,1,60,1.0,1,0,824.0,815.5,8.5,0.0,61,True,0,180.0
cluster_962,ORANGE,ORANGE,0,60,1.0,0,1,852.5,816.5,36.0,0.0,61,True,0,180.0
cluster_962,ORANGE,ORANGE,1,60,1.0,0,1,211.5,272.5,0.0,61.0,61,True,0,180.0
cluster_1,027,ORANGE,1,120,2.0,11,0,4814.1,6036.6,0.0,1222.5,795,True,0,120.0
cluster_1,ORANGE,027,0,120,2.0,1,0,784.7,679.9,104.8,0.0,106,True,0,120.0
cluster_1,ORANGE,027,1,120,2.0,0,0,510.4,413.0,97.4,0.0,106,True,0,120.0
cluster_1,ORANGE,ORANGE,0,120,2.0,0,0,303.0,201.0,102.0,0.0,51,True,0,120.0
cluster_1,ORANGE,ORANGE,1,120,2.0,0,0,573.5,677.5,0.0,104.0,52,True,0,120.0
cluster_1,ORANGE,RED,0,120,2.0,1,0,1228.0,1122.0,106.0,0.0,106,True,0,120.0
cluster_1,ORANGE,RED,1,120,2.0,1,0,563.0,457.0,106.0,0.0,106,True,0,120.0
cluster_1,RED,ORANGE,1,120,2.0,1,0,611.5,791.0,0.0,179.5,106,True,0,120.0
cluster_1016,ORANGE,ORANGE,0,120,2.0,1,0,1028.0,910.0,118.0,0.0,59,True,0,120.0
cluster_1016,ORANGE,ORANGE,1,120,2.0,0,47,955.5,1057.5,0.0,102.0,60,True,0,120.0
cluster_1017,227,ORANGE,1,120,2.0,0,12,1062.7,1105.7,0.0,43.0,97,True,0,120.0
cluster_1017,ORANGE,227,0,120,2.0,0,2,1946.7,1892.7,54.0,0.0,113,True,0,120.0
cluster_1017,ORANGE,227,1,120,2.0,0,9,1973.5,2273.5,0.0,300.0,115,True,0,120.0
cluster_1017,ORANGE,ORANGE,0,120,2.0,0,2,758.0,700.0,58.0,0.0,59,True,0,120.0
cluster_1017,ORANGE,ORANGE,1,120,2.0,0,2,275.5,395.5,0.0,120.0,60,True,0,120.0
cluster_1020,ORANGE,ORANGE,0,120,2.0,46,0,870.5,748.5,122.0,0.0,61,True,0,120.0
cluster_1020,ORANGE,ORANGE,1,120,2.0,47,0,1121.5,291.5,830.0,0.0,61,True,0,120.0
cluster_1020,ORANGE,SILVER,0,120,2.0,0,2,2675.0,2617.0,58.0,0.0,118,True,0,120.0
cluster_1020,ORANGE,SILVER,1,120,2.0,0,0,2157.0,2039.0,118.0,0.0,117,True,0,120.0
cluster_1020,SILVER,ORANGE,1,120,2.0,0,2,624.0,744.0,0.0,120.0,60,True,0,120.0
cluster_1058,ORANGE,ORANGE,0,120,2.0,2,0,649.5,529.5,120.0,0.0,60,True,0,120.0
cluster_1058,ORANGE,ORANGE,1,120,2.0,1,0,567.0,651.0,0.0,84.0,61,True,0,120.0
cluster_1062,ORANGE,ORANGE,0,120,2.0,0,0,283.0,241.0,42.0,0.0,21,True,0,120.0
cluster_1062,ORANGE,ORANGE,1,120,2.0,0,0,643.0,685.0,0.0,42.0,21,True,0,120.0
cluster_1062,ORANGE,RED,0,120,2.0,0,0,459.0,417.0,42.0,0.0,43,True,0,120.0
cluster_1062,ORANGE,RED,1,120,2.0,0,0,252.0,208.0,44.0,0.0,44,True,0,120.0
cluster_1062,RED,ORANGE,1,120,2.0,0,0,8118.0,8280.0,0.0,162.0,81,True,0,120.0
cluster_107,207,ORANGE,1,120,2.0,0,7,3357.0,3571.0,0.0,214.0,337,True,0,120.0
cluster_107,213,ORANGE,1,120,2.0,62,0,4330.7,3511.2,819.5,0.0,384,True,0,120.0
cluster_107,GREEN,ORANGE,1,120,2.0,0,0,933.0,1161.0,0.0,228.0,114,True,0,120.0
cluster_107,ORANGE,207,0,120,2.0,0,4,2040.1,2171.8,0.0,131.7,110,True,0,120.0
cluster_107,ORANGE,207,1,120,2.0,7,0,2317.0,2251.2,65.8,0.0,109,True,0,120.0
cluster_107,ORANGE,213,0,120,2.0,12,0,2116.3,2150.2,0.0,33.8,110,True,0,120.0
cluster_107,ORANGE,213,1,120,2.0,0,0,2128.9,2021.8,107.1,0.0,114,True,0,120.0
cluster_107,ORANGE,GREEN,0,120,2.0,0,0,918.0,802.0,116.0,0.0,114,True,0,120.0
cluster_107,ORANGE,GREEN,1,120,2.0,0,0,1052.5,942.5,110.0,0.0,111,True,0,120.0
cluster_107,ORANGE,ORANGE,0,120,2.0,0,0,586.5,474.5,112.0,0.0,56,True,0,120.0
cluster_107,ORANGE,ORANGE,1,120,2.0,0,0,494.5,606.5,0.0,112.0,56,True,0,120.0
cluster_14,001,ORANGE,1,120,2.0,4,0,763.2,661.0,102.1,0.0,41,True,0,120.0
cluster_14,009,ORANGE,1,120,2.0,0,2,2205.0,2087.9,117.1,0.0,77,True,0,120.0
cluster_14,018,ORANGE,1,120,2.0,1,0,1878.4,1858.2,20.1,0.0,79,True,0,120.0
cluster_14,023,ORANGE,1,120,2.0,0,2,1034.9,1006.9,28.1,0.0,47,True,0,120.0
cluster_14,214,ORANGE,1,120,2.0,0,0,450.8,496.8,0.0,46.0,23,True,0,120.0
cluster_14,249,ORANGE,1,120,2.0,0,0,925.9,996.9,0.0,71.0,36,True,0,120.0
cluster_14,421,ORANGE,1,120,2.0,0,0,175.3,193.3,0.0,18.0,9,True,0,120.0
cluster_14,GREEN,ORANGE,1,120,2.0,0,0,326.5,354.5,0.0,28.0,14,True,0,120.0
cluster_14,ORANGE,001,0,120,2.0,0,0,133.8,121.8,12.0,0.0,12,True,0,120.0
cluster_14,ORANGE,001,1,120,2.0,3,0,217.0,205.0,12.0,0.0,12,True,0,120.0
cluster_14,ORANGE,009,0,120,2.0,0,1,60.0,85.2,0.0,25.2,12,True,0,120.0
cluster_14,ORANGE,009,1,120,2.0,0,1,78.0,99.6,0.0,21.6,12,True,0,120.0
cluster_14,ORANGE,018,0,120,2.0,0,0,110.0,102.0,8.0,0.0,12,True,0,120.0
cluster_14,ORANGE,018,1,120,2.0,0,2,71.7,104.0,0.0,32.3,12,True,0,120.0
cluster_14,ORANGE,023,0,120,2.0,0,0,186.2,208.5,0.0,22.4,16,True,0,120.0
cluster_14,ORANGE,023,1,120,2.0,0,1,101.5,109.5,0.0,8.0,14,True,0,120.0
cluster_14,ORANGE,214,0,120,2.0,0,0,255.5,247.5,8.0,0.0,10,True,0,120.0
cluster_14,ORANGE,214,1,120,2.0,0,0,170.3,166.3,4.0,0.0,8,True,0,120.0
cluster_14,ORANGE,249,0,120,2.0,0,0,123.4,115.4,8.0,0.0,8,True,0,120.0
cluster_14,ORANGE,249,1,120,2.0,0,1,157.9,197.7,0.0,39.8,8,True,0,120.0
cluster_14,ORANGE,421,0,120,2.0,0,0,15.0,11.0,4.0,0.0,2,True,0,120.0
cluster_14,ORANGE,421,1,120,2.0,0,0,33.0,29.0,4.0,0.0,2,True,0,120.0
cluster_14,ORANGE,GREEN,0,120,2.0,0,0,121.0,109.0,12.0,0.0,12,True,0,120.0
cluster_14,ORANGE,GREEN,1,120,2.0,0,0,149.5,141.5,8.0,0.0,14,True,0,120.0
cluster_168,020,ORANGE,1,120,2.0,0,46,9407.3,8775.8,631.5,0.0,754,True,0,120.0
cluster_168,213,ORANGE,1,120,2.0,0,8,1551.1,1515.1,36.0,0.0,130,True,0,120.0
cluster_168,233,ORANGE,1,120,2.0,10,0,4006.4,4394.4,0.0,388.0,424,True,0,120.0
cluster_168,GREEN,ORANGE,1,120,2.0,7,0,1356.5,1384.0,0.0,27.5,120,True,0,120.0
cluster_168,ORANGE,020,0,120,2.0,0,30,871.5,1319.8,0.0,448.3,118,True,0,120.0
cluster_168,ORANGE,020,1,120,2.0,0,2,740.1,764.5,0.0,24.4,119,True,0,120.0
cluster_168,ORANGE,213,0,120,2.0,5,0,2541.9,2583.1,0.0,41.3,114,True,0,120.0
cluster_168,ORANGE,213,1,120,2.0,0,11,2142.5,2481.5,0.0,339.0,121,True,0,120.0
cluster_168,ORANGE,233,0,120,2.0,0,0,1561.4,1445.4,116.0,0.0,117,True,0,120.0
cluster_168,ORANGE,233,1,120,2.0,2,0,1863.0,1804.8,58.3,0.0,119,True,0,120.0
cluster_168,ORANGE,GREEN,0,120,2.0,6,0,817.0,691.0,126.0,0.0,125,True,0,120.0
cluster_168,ORANGE,GREEN,1,120,2.0,0,0,522.0,408.0,114.0,0.0,117,True,0,120.0
cluster_168,ORANGE,ORANGE,0,120,2.0,1,0,233.5,115.5,118.0,0.0,59,True,0,120.0
cluster_168,ORANGE,ORANGE,1,120,2.0,0,0,790.0,910.0,0.0,120.0,60,True,0,120.0
cluster_22,023,ORANGE,1,120,2.0,0,111,14551.5,16871.6,0.0,2320.1,1267,True,0,120.0
cluster_22,103,ORANGE,1,120,2.0,0,71,8347.2,8547.2,0.0,200.0,630,True,0,120.0
cluster_22,207,ORANGE,1,120,2.0,0,28,7972.1,7973.6,0.0,1.5,724,True,0,120.0
cluster_22,237,ORANGE,1,120,2.0,42,0,4738.6,4648.5,90.2,0.0,572,True,0,120.0
cluster_22,425,ORANGE,1,120,2.0,0,28,8392.2,8665.2,0.0,273.0,849,True,0,120.0
cluster_22,BLUE,ORANGE,1,120,2.0,48,0,1252.0,498.5,753.5,0.0,107,True,0,120.0
cluster_22,ORANGE,023,0,120,2.0,0,0,64.0,57.7,6.3,0.0,106,True,0,120.0
cluster_22,ORANGE,023,1,120,2.0,1,0,178.0,123.0,55.0,0.0,106,True,0,120.0
cluster_22,ORANGE,103,0,120,2.0,0,6,879.2,933.1,0.0,54.0,106,True,0,120.0
cluster_22,ORANGE,103,1,120,2.0,0,0,856.8,783.0,73.8,0.0,106,True,0,120.0
cluster_22,ORANGE,207,0,120,2.0,3,0,1595.4,1590.5,4.9,0.0,106,True,0,120.0
cluster_22,ORANGE,207,1,120,2.0,0,9,1804.8,2088.8,0.0,284.1,105,True,0,120.0
cluster_22,ORANGE,237,0,120,2.0,6,0,1454.5,1449.3,5.2,0.0,105,True,0,120.0
cluster_22,ORANGE,237,1,120,2.0,10,0,1613.6,1563.5,50.1,0.0,106,True,0,120.0
cluster_22,ORANGE,425,0,120,2.0,0,1,234.8,261.6,0.0,26.8,89,True,0,120.0
cluster_22,ORANGE,425,1,120,2.0,0,2,319.5,324.2,0.0,4.7,89,True,0,120.0
cluster_22,ORANGE,BLUE,0,120,2.0,0,0,1551.0,1445.0,106.0,0.0,106,True,0,120.0
cluster_22,ORANGE,BLUE,1,120,2.0,0,0,1264.0,1158.0,106.0,0.0,106,True,0,120.0
cluster_22,ORANGE,ORANGE,0,120,2.0,0,49,77.5,967.5,0.0,890.0,50,True,0,120.0
cluster_22,ORANGE,ORANGE,1,120,2.0,0,0,767.0,869.0,0.0,102.0,51,True,0,120.0
cluster_22,ORANGE,RED,0,120,2.0,0,0,1056.0,950.0,106.0,0.0,106,True,0,120.0
cluster_22,ORANGE,RED,1,120,2.0,0,0,723.0,617.0,106.0,0.0,106,True,0,120.0
cluster_22,RED,ORANGE,1,120,2.0,0,0,742.0,954.0,0.0,212.0,106,True,0,120.0
cluster_23,001,ORANGE,1,120,2.0,14,0,21144.1,21434.1,0.0,290.0,2030,True,0,120.0
cluster_23,023,ORANGE,1,120,2.0,144,0,11747.9,8532.9,3215.0,0.0,920,True,0,120.0
cluster_23,057,ORANGE,1,120,2.0,145,0,4828.7,2779.9,2048.8,0.0,443,True,0,120.0
cluster_23,101,ORANGE,1,120,2.0,74,0,3847.2,3075.7,771.5,0.0,373,True,0,120.0
cluster_23,122,ORANGE,1,120,2.0,71,0,4021.7,3349.7,672.0,0.0,384,True,0,120.0
cluster_23,213,ORANGE,1,120,2.0,35,0,2598.2,2165.2,433.0,0.0,251,True,0,120.0
cluster_23,219,ORANGE,1,120,2.0,18,0,2549.5,2649.5,0.0,100.0,270,True,0,120.0
cluster_23,230,ORANGE,1,120,2.0,18,0,5275.1,4683.1,592.0,0.0,504,True,0,120.0
cluster_23,306,ORANGE,1,120,2.0,0,4,432.0,456.0,0.0,24.0,42,True,0,120.0
cluster_23,422,ORANGE,1,120,2.0,38,0,2800.0,2570.0,230.0,0.0,280,True,0,120.0
cluster_23,423,ORANGE,1,120,2.0,0,13,486.0,594.0,0.0,108.0,54,True,0,120.0
cluster_23,GREEN,ORANGE,1,120,2.0,3,0,1217.0,1355.0,0.0,138.0,114,True,0,120.0
cluster_23,ORANGE,001,0,120,2.0,0,1,289.8,323.2,0.0,33.4,113,True,0,120.0
cluster_23,ORANGE,001,1,120,2.0,0,0,347.6,317.9,29.8,0.0,114,True,0,120.0
cluster_23,ORANGE,023,0,120,2.0,0,47,609.4,1141.2,0.0,531.8,115,True,0,120.0
cluster_23,ORANGE,023,1,120,2.0,25,0,977.1,990.6,0.0,13.5,114,True,0,120.0
cluster_23,ORANGE,057,0,120,2.0,4,0,1159.8,1047.8,112.0,0.0,114,True,0,120.0
cluster_23,ORANGE,057,1,120,2.0,37,0,1243.0,1147.5,95.5,0.0,113,True,0,120.0
cluster_23,ORANGE,101,0,120,2.0,5,0,1119.8,1032.8,87.0,0.0,114,True,0,120.0
cluster_23,ORANGE,101,1,120,2.0,9,0,1252.2,1140.2,112.0,0.0,111,True,0,120.0
cluster_23,ORANGE,122,0,120,2.0,2,0,682.6,568.6,114.0,0.0,114,True,0,120.0
cluster_23,ORANGE,213,0,120,2.0,5,0,2076.4,1966.4,110.0,0.0,110,True,0,120.0
cluster_23,ORANGE,213,1,120,2.0,0,4,1560.7,1566.3,0.0,5.6,114,True,0,120.0
cluster_23,ORANGE,219,0,120,2.0,5,0,2019.9,1907.9,112.0,0.0,113,True,0,120.0
cluster_23,ORANGE,219,1,120,2.0,0,2,2623.2,2566.0,57.2,0.0,111,True,0,120.0
cluster_23,ORANGE,230,0,120,2.0,0,0,1471.9,1437.9,34.0,0.0,112,True,0,120.0
cluster_23,ORANGE,230,1,120,2.0,0,3,1577.0,1878.1,0.0,301.1,110,True,0,120.0
cluster_23,ORANGE,306,0,120,2.0,0,4,3995.0,4350.0,0.0,355.0,81,True,0,120.0
cluster_23,ORANGE,306,1,120,2.0,0,0,3966.0,3888.0,78.0,0.0,78,True,0,120.0
cluster_23,ORANGE,422,0,120,2.0,0,0,234.0,158.0,76.0,0.0,79,True,0,120.0
cluster_23,ORANGE,423,0,120,2.0,0,13,696.0,928.0,0.0,232.0,80,True,0,120.0
cluster_23,ORANGE,GREEN,0,120,2.0,3,0,690.0,574.0,116.0,0.0,114,True,0,120.0
cluster_23,ORANGE,GREEN,1,120,2.0,0,0,431.5,321.5,110.0,0.0,112,True,0,120.0
cluster_23,ORANGE,ORANGE,0,120,2.0,1,0,290.5,178.5,112.0,0.0,56,True,0,120.0
cluster_23,ORANGE,ORANGE,1,120,2.0,1,0,700.5,782.5,0.0,82.0,56,True,0,120.0
cluster_23,ORANGE,TRE,0,120,2.0,0,9,2244.5,2410.5,0.0,166.0,103,True,0,120.0
cluster_23,ORANGE,TRE,1,120,2.0,3,0,2332.5,2222.5,110.0,0.0,109,True,0,120.0
cluster_23,TRE,ORANGE,1,120,2.0,0,6,521.0,577.0,0.0,56.0,58,True,0,120.0
cluster_29,018,ORANGE,1,120,2.0,0,0,563.3,611.3,0.0,48.0,24,True,0,120.0
cluster_29,023,ORANGE,1,120,2.0,2,0,643.3,639.4,3.9,0.0,29,True,0,120.0
cluster_29,214,ORANGE,1,120,2.0,0,0,579.3,629.3,0.0,50.0,25,True,0,120.0
cluster_29,GREEN,ORANGE,1,120,2.0,0,0,131.0,145.0,0.0,14.0,7,True,0,120.0
cluster_29,ORANGE,018,0,120,2.0,0,0,33.5,29.5,4.0,0.0,6,True,0,120.0
cluster_29,ORANGE,018,1,120,2.0,0,0,36.5,32.5,4.0,0.0,6,True,0,120.0
cluster_29,ORANGE,023,0,120,2.0,1,0,97.6,91.6,6.0,0.0,8,True,0,120.0
cluster_29,ORANGE,023,1,120,2.0,0,0,70.0,64.8,5.2,0.0,6,True,0,120.0
cluster_29,ORANGE,214,0,120,2.0,0,0,101.3,97.3,4.0,0.0,5,True,0,120.0
cluster_29,ORANGE,214,1,120,2.0,0,0,54.4,54.3,0.1,0.0,4,True,0,120.0
cluster_29,ORANGE,GREEN,0,120,2.0,0,0,96.5,90.5,6.0,0.0,6,True,0,120.0
cluster_29,ORANGE,GREEN,1,120,2.0,0,0,75.5,71.5,4.0,0.0,7,True,0,120.0
cluster_527,200,ORANGE,1,120,2.0,0,24,30443.2,31013.0,0.0,569.8,313,True,0,120.0
cluster_527,202,ORANGE,1,120,2.0,13,0,21819.1,21519.1,300.0,0.0,240,True,0,120.0
cluster_527,250,ORANGE,1,120,2.0,1,0,32931.7,33279.7,0.0,348.0,344,True,0,120.0
cluster_527,ORANGE,200,0,120,2.0,0,0,549.5,511.6,37.8,0.0,44,True,0,120.0
cluster_527,ORANGE,200,1,120,2.0,0,5,503.6,621.4,0.0,117.7,44,True,0,120.0
cluster_527,ORANGE,202,0,120,2.0,0,3,540.5,602.1,0.0,61.6,42,True,0,120.0
cluster_527,ORANGE,202,1,120,2.0,0,2,512.4,533.4,0.0,21.1,42,True,0,120.0
cluster_527,ORANGE,250,0,120,2.0,5,0,506.2,469.7,36.5,0.0,44,True,0,120.0
cluster_527,ORANGE,250,1,120,2.0,0,2,441.3,477.3,0.0,36.0,44,True,0,120.0
cluster_527,ORANGE,ORANGE,0,120,2.0,0,17,811.5,1689.5,0.0,878.0,21,True,0,120.0
cluster_527,ORANGE,ORANGE,1,120,2.0,0,0,314.5,356.5,0.0,42.0,21,True,0,120.0
cluster_527,ORANGE,RED,0,120,2.0,0,1,439.0,425.0,14.0,0.0,44,True,0,120.0
cluster_527,ORANGE,RED,1,120,2.0,0,0,304.0,260.0,44.0,0.0,44,True,0,120.0
cluster_527,RED,ORANGE,1,120,2.0,0,0,8168.0,8330.0,0.0,162.0,81,True,0,120.0
cluster_6,003,ORANGE,1,120,2.0,30,0,4515.2,4053.7,461.5,0.0,545,True,0,120.0
cluster_6,017,ORANGE,1,120,2.0,0,52,15073.0,15276.0,0.0,203.0,1524,True,0,120.0
cluster_6,205,ORANGE,1,120,2.0,0,7,677.7,754.2,0.0,76.5,87,True,0,120.0
cluster_6,249,ORANGE,1,120,2.0,36,0,1592.6,1155.1,437.5,0.0,180,True,0,120.0
cluster_6,440,ORANGE,1,120,2.0,0,42,18443.5,18344.0,99.5,0.0,2304,True,0,120.0
cluster_6,442,ORANGE,1,120,2.0,0,16,736.9,948.9,0.0,212.0,106,True,0,120.0
cluster_6,BLUE,ORANGE,1,120,2.0,0,0,545.0,748.0,0.0,203.0,108,True,0,120.0
cluster_6,ORANGE,003,0,120,2.0,6,0,1113.7,1057.3,56.4,0.0,212,True,0,120.0
cluster_6,ORANGE,003,1,120,2.0,3,0,1203.6,1232.1,0.0,28.5,212,True,0,120.0
cluster_6,ORANGE,017,0,120,2.0,0,0,576.0,496.2,79.8,0.0,212,True,0,120.0
cluster_6,ORANGE,017,1,120,2.0,0,0,466.9,604.0,0.0,137.1,212,True,0,120.0
cluster_6,ORANGE,205,0,120,2.0,0,12,4305.5,4533.5,0.0,228.0,212,True,0,120.0
cluster_6,ORANGE,205,1,120,2.0,1,0,4014.6,3896.9,117.6,0.0,212,True,0,120.0
cluster_6,ORANGE,249,0,120,2.0,0,0,3135.8,3624.0,0.0,488.2,210,True,0,120.0
cluster_6,ORANGE,249,1,120,2.0,2,0,3672.8,3548.2,124.5,0.0,206,True,0,120.0
cluster_6,ORANGE,440,0,120,2.0,0,0,126.5,129.1,0.0,2.6,183,True,0,120.0
cluster_6,ORANGE,440,1,120,2.0,0,1,313.8,395.2,0.0,81.3,182,True,0,120.0
cluster_6,ORANGE,442,0,120,2.0,0,0,1611.3,1427.5,183.7,0.0,208,True,0,120.0
cluster_6,ORANGE,BLUE,0,120,2.0,4,0,2082.0,1870.0,212.0,0.0,212,True,0,120.0
cluster_6,ORANGE,BLUE,1,120,2.0,1,0,2640.5,2428.5,212.0,0.0,212,True,0,120.0
cluster_6,ORANGE,ORANGE,0,120,2.0,1,0,1112.5,912.5,200.0,0.0,102,True,0,120.0
cluster_6,ORANGE,ORANGE,1,120,2.0,0,2,457.5,663.0,0.0,205.5,104,True,0,120.0
cluster_6,ORANGE,RED,0,120,2.0,0,0,1057.0,943.0,114.0,0.0,212,True,0,120.0
cluster_6,ORANGE,RED,1,120,2.0,1,0,2145.5,1933.5,212.0,0.0,212,True,0,120.0
cluster_6,RED,ORANGE,1,120,2.0,0,48,2084.0,2478.0,0.0,394.0,212,True,0,120.0
cluster_666,236,ORANGE,1,120,2.0,11,0,21473.1,21592.0,0.0,118.8,218,True,0,120.0
cluster_666,247,ORANGE,1,120,2.0,0,5,32473.5,31870.5,603.0,0.0,335,True,0,120.0
cluster_666,ORANGE,236,0,120,2.0,7,0,592.4,553.0,39.4,0.0,43,True,0,120.0
cluster_666,ORANGE,236,1,120,2.0,0,4,353.9,404.8,0.0,50.9,43,True,0,120.0
cluster_666,ORANGE,247,0,120,2.0,0,3,455.0,480.5,0.0,25.5,44,True,0,120.0
cluster_666,ORANGE,247,1,120,2.0,0,6,511.8,633.9,0.0,122.1,44,True,0,120.0
cluster_666,ORANGE,ORANGE,0,120,2.0,0,0,346.0,304.0,42.0,0.0,21,True,0,120.0
cluster_666,ORANGE,ORANGE,1,120,2.0,0,0,580.0,622.0,0.0,42.0,21,True,0,120.0
cluster_666,ORANGE,RED,0,120,2.0,0,0,522.0,480.0,42.0,0.0,43,True,0,120.0
cluster_666,ORANGE,RED,1,120,2.0,0,0,186.0,142.0,44.0,0.0,44,True,0,120.0
cluster_666,ORANGE,SILVER,0,120,2.0,7,0,638.0,596.0,42.0,0.0,43,True,0,120.0
cluster_666,ORANGE,SILVER,1,120,2.0,0,0,938.0,894.0,44.0,0.0,44,True,0,120.0
cluster_666,RED,ORANGE,1,120,2.0,0,0,7998.0,8160.0,0.0,162.0,81,True,0,120.0
cluster_666,SILVER,ORANGE,1,120,2.0,7,0,3576.0,3524.0,52.0,0.0,44,True,0,120.0
cluster_667,017,ORANGE,1,120,2.0,0,77,8315.3,9517.8,0.0,1202.5,630,True,0,120.0
cluster_667,413,ORANGE,1,120,2.0,0,0,373.0,477.0,0.0,104.0,52,True,0,120.0
cluster_667,417,ORANGE,1,120,2.0,0,0,571.0,683.0,0.0,112.0,56,True,0,120.0
cluster_667,419,ORANGE,1,120,2.0,0,0,444.0,552.0,0.0,108.0,54,True,0,120.0
cluster_667,ORANGE,017,0,120,2.0,0,0,556.0,450.0,106.0,0.0,106,True,0,120.0
cluster_667,ORANGE,017,1,120,2.0,0,19,371.3,633.5,0.0,262.2,106,True,0,120.0
cluster_667,ORANGE,413,0,120,2.0,0,0,6283.0,6197.0,86.0,0.0,86,True,0,120.0
cluster_667,ORANGE,417,0,120,2.0,0,0,5337.0,5279.5,57.5,0.0,87,True,0,120.0
cluster_667,ORANGE,419,0,120,2.0,0,1,5743.0,6009.0,0.0,266.0,86,True,0,120.0
cluster_667,ORANGE,ORANGE,0,120,2.0,1,0,767.5,667.5,100.0,0.0,50,True,0,120.0
cluster_667,ORANGE,ORANGE,1,120,2.0,0,0,126.5,230.0,0.0,103.5,53,True,0,120.0
cluster_667,ORANGE,RED,0,120,2.0,0,0,798.0,692.0,106.0,0.0,106,True,0,120.0
cluster_667,ORANGE,RED,1,120,2.0,1,0,1013.0,907.0,106.0,0.0,106,True,0,120.0
cluster_667,RED,ORANGE,1,120,2.0,1,0,1029.0,1211.0,0.0,182.0,106,True,0,120.0
cluster_717,020,ORANGE,1,120,2.0,19,0,2286.0,1922.5,363.5,0.0,212,True,0,120.0
cluster_717,027,ORANGE,1,120,2.0,47,0,1756.5,1029.0,727.5,0.0,105,True,0,120.0
cluster_717,ORANGE,020,0,120,2.0,3,0,768.5,679.0,89.5,0.0,106,True,0,120.0
cluster_717,ORANGE,020,1,120,2.0,15,0,1075.2,1008.4,66.8,0.0,106,True,0,120.0
cluster_717,ORANGE,027,0,120,2.0,4,0,1604.0,1498.0,106.0,0.0,106,True,0,120.0
cluster_717,ORANGE,027,1,120,2.0,0,28,780.0,1236.0,0.0,456.0,106,True,0,120.0
cluster_717,ORANGE,ORANGE,0,120,2.0,0,48,99.0,957.0,0.0,858.0,51,True,0,120.0
cluster_717,ORANGE,ORANGE,1,120,2.0,0,0,781.5,885.5,0.0,104.0,52,True,0,120.0
cluster_717,ORANGE,RED,0,120,2.0,0,3,1016.0,1007.5,8.5,0.0,106,True,0,120.0
cluster_717,ORANGE,RED,1,120,2.0,1,0,754.0,648.0,106.0,0.0,106,True,0,120.0
cluster_717,RED,ORANGE,1,120,2.0,1,0,821.0,1003.0,0.0,182.0,106,True,0,120.0
cluster_809,022,ORANGE,1,120,2.0,5,0,956.0,1037.5,0.0,81.5,106,True,0,120.0
cluster_809,241,ORANGE,1,120,2.0,1,0,696.0,778.0,0.0,82.0,61,True,0,120.0
cluster_809,ORANGE,022,0,120,2.0,0,14,855.0,1059.0,0.0,204.0,106,True,0,120.0
cluster_809,ORANGE,022,1,120,2.0,3,0,1326.0,1220.0,106.0,0.0,106,True,0,120.0
cluster_809,ORANGE,241,0,120,2.0,4,0,2108.5,2004.5,104.0,0.0,103,True,0,120.0
cluster_809,ORANGE,241,1,120,2.0,0,23,1616.0,2410.0,0.0,794.0,106,True,0,120.0
cluster_809,ORANGE,ORANGE,0,120,2.0,0,2,567.5,507.0,60.5,0.0,50,True,0,120.0
cluster_809,ORANGE,ORANGE,1,120,2.0,0,0,336.0,442.0,0.0,106.0,53,True,0,120.0
cluster_809,ORANGE,RED,0,120,2.0,0,47,586.0,1420.0,0.0,834.0,106,True,0,120.0
cluster_809,ORANGE,RED,1,120,2.0,1,0,1225.0,1119.0,106.0,0.0,106,True,0,120.0
cluster_809,RED,ORANGE,1,120,2.0,1,0,1241.0,1423.0,0.0,182.0,106,True,0,120.0
cluster_810,238,ORANGE,1,120,2.0,4,0,4877.5,4495.5,382.0,0.0,49,True,0,120.0
cluster_810,243,ORANGE,1,120,2.0,0,5,4867.5,4965.5,0.0,98.0,49,True,0,120.0
cluster_810,244,ORANGE,1,120,2.0,1,0,4341.5,4375.5,0.0,34.0,47,True,0,120.0
cluster_810,ORANGE,238,0,120,2.0,0,0,672.0,628.0,44.0,0.0,44,True,0,120.0
cluster_810,ORANGE,238,1,120,2.0,2,0,685.0,671.0,14.0,0.0,44,True,0,120.0
cluster_810,ORANGE,243,0,120,2.0,0,0,670.0,626.0,44.0,0.0,44,True,0,120.0
cluster_810,ORANGE,243,1,120,2.0,0,0,690.0,646.0,44.0,0.0,44,True,0,120.0
cluster_810,ORANGE,244,0,120,2.0,3,0,718.5,676.5,42.0,0.0,43,True,0,120.0
cluster_810,ORANGE,244,1,120,2.0,4,0,693.5,681.5,12.0,0.0,41,True,0,120.0
cluster_810,ORANGE,ORANGE,0,120,2.0,1,0,937.5,895.5,42.0,0.0,21,True,0,120.0
cluster_810,ORANGE,ORANGE,1,120,2.0,1,0,208.5,230.5,0.0,22.0,21,True,0,120.0
cluster_810,ORANGE,RED,0,120,2.0,20,0,571.0,527.0,44.0,0.0,44,True,0,120.0
cluster_810,ORANGE,RED,1,120,2.0,0,0,573.0,529.0,44.0,0.0,44,True,0,120.0
cluster_810,RED,ORANGE,1,120,2.0,19,0,8718.0,8090.0,628.0,0.0,81,True,0,120.0
cluster_811,408,ORANGE,1,120,2.0,0,0,2409.0,2473.0,0.0,64.0,42,True,0,120.0
cluster_811,ORANGE,408,0,120,2.0,0,0,424.5,390.5,34.0,0.0,35,True,0,120.0
cluster_811,ORANGE,408,1,120,2.0,0,0,513.0,479.0,34.0,0.0,34,True,0,120.0
cluster_811,ORANGE,ORANGE,0,120,2.0,0,0,1023.0,981.0,42.0,0.0,21,True,0,120.0
cluster_811,ORANGE,ORANGE,1,120,2.0,0,0,93.0,135.0,0.0,42.0,21,True,0,120.0
cluster_811,ORANGE,RED,0,120,2.0,0,0,279.0,237.0,42.0,0.0,43,True,0,120.0
cluster_811,ORANGE,RED,1,120,2.0,0,0,452.0,408.0,44.0,0.0,44,True,0,120.0
cluster_811,RED,ORANGE,1,120,2.0,0,0,8498.0,8660.0,0.0,162.0,81,True,0,120.0
cluster_828,232,ORANGE,1,120,2.0,1,0,4426.0,4462.0,0.0,36.0,48,True,0,120.0
cluster_828,245,ORANGE,1,120,2.0,1,0,4279.0,4355.0,0.0,76.0,48,True,0,120.0
cluster_828,883E,ORANGE,1,120,2.0,0,6,10993.0,11185.0,0.0,192.0,96,True,0,120.0
cluster_828,ORANGE,232,0,120,2.0,1,0,694.0,718.0,0.0,24.0,42,True,0,120.0
cluster_828,ORANGE,232,1,120,2.0,0,0,720.0,676.0,44.0,0.0,44,True,0,120.0
cluster_828,ORANGE,245,0,120,2.0,1,0,789.0,745.0,44.0,0.0,44,True,0,120.0
cluster_828,ORANGE,245,1,120,2.0,0,0,806.0,764.0,42.0,0.0,42,True,0,120.0
cluster_828,ORANGE,883E,0,120,2.0,0,6,175.0,229.0,0.0,54.0,36,True,0,120.0
cluster_828,ORANGE,883E,1,120,2.0,0,0,326.0,292.0,34.0,0.0,34,True,0,120.0
cluster_828,ORANGE,ORANGE,0,120,2.0,18,0,1128.0,1086.0,42.0,0.0,21,True,0,120.0
cluster_828,ORANGE,ORANGE,1,120,2.0,19,0,748.0,30.0,718.0,0.0,21,True,0,120.0
cluster_828,ORANGE,RED,0,120,2.0,1,0,384.0,342.0,42.0,0.0,43,True,0,120.0
cluster_828,ORANGE,RED,1,120,2.0,0,0,362.0,318.0,44.0,0.0,44,True,0,120.0
cluster_828,ORANGE,SILVER,0,120,2.0,0,8,470.0,696.0,0.0,226.0,44,True,0,120.0
cluster_828,ORANGE,SILVER,1,120,2.0,0,0,770.0,726.0,44.0,0.0,44,True,0,120.0
cluster_828,RED,ORANGE,1,120,2.0,1,0,8318.0,8460.0,0.0,142.0,81,True,0,120.0
cluster_828,SILVER,ORANGE,1,120,2.0,0,8,3634.0,3722.0,0.0,88.0,44,True,0,120.0
cluster_829,234,ORANGE,1,120,2.0,1,0,11715.8,11835.8,0.0,120.0,120,True,0,120.0
cluster_829,236,ORANGE,1,120,2.0,2,0,20109.9,19433.9,676.0,0.0,192,True,0,120.0
cluster_829,247,ORANGE,1,120,2.0,0,2,14541.9,14726.7,0.0,184.9,162,True,0,120.0
cluster_829,ORANGE,234,0,120,2.0,0,2,586.8,603.4,0.0,16.6,43,True,0,120.0
cluster_829,ORANGE,234,1,120,2.0,3,0,500.9,464.1,36.8,0.0,43,True,0,120.0
cluster_829,ORANGE,236,0,120,2.0,0,0,517.1,510.3,6.7,0.0,43,True,0,120.0
cluster_829,ORANGE,236,1,120,2.0,0,1,525.2,574.8,0.0,49.6,42,True,0,120.0
cluster_829,ORANGE,247,0,120,2.0,0,2,632.2,684.3,0.0,52.1,44,True,0,120.0
cluster_829,ORANGE,247,1,120,2.0,1,0,595.0,558.0,37.0,0.0,44,True,0,120.0
cluster_829,ORANGE,ORANGE,0,120,2.0,0,1,410.5,398.5,12.0,0.0,21,True,0,120.0
cluster_829,ORANGE,ORANGE,1,120,2.0,0,1,505.5,547.5,0.0,42.0,21,True,0,120.0
cluster_829,ORANGE,RED,0,120,2.0,0,19,226.5,574.5,0.0,348.0,43,True,0,120.0
cluster_829,ORANGE,RED,1,120,2.0,0,0,517.0,473.0,44.0,0.0,44,True,0,120.0
cluster_829,RED,ORANGE,1,120,2.0,0,18,8562.5,8722.5,0.0,160.0,80,True,0,120.0
cluster_876,GREEN,ORANGE,1,120,2.0,0,0,1650.5,1876.5,0.0,226.0,113,True,0,120.0
cluster_876,ORANGE,GREEN,0,120,2.0,51,0,1238.0,1142.0,96.0,0.0,114,True,0,120.0
cluster_876,ORANGE,GREEN,1,120,2.0,0,0,862.5,752.5,110.0,0.0,113,True,0,120.0
cluster_876,ORANGE,ORANGE,0,120,2.0,0,0,787.5,677.5,110.0,0.0,55,True,0,120.0
cluster_876,ORANGE,ORANGE,1,120,2.0,0,0,207.0,316.5,0.0,109.5,56,True,0,120.0
cluster_876,ORANGE,TRE,0,120,2.0,0,0,2586.5,2482.5,104.0,0.0,104,True,0,120.0
cluster_876,ORANGE,TRE,1,120,2.0,0,0,2640.0,2530.0,110.0,0.0,109,True,0,120.0
cluster_876,TRE,ORANGE,1,120,2.0,0,22,661.5,777.5,0.0,116.0,58,True,0,120.0
cluster_9,001,ORANGE,1,120,2.0,77,0,6505.4,5561.4,944.0,0.0,1159,True,0,120.0
cluster_9,003,ORANGE,1,120,2.0,0,24,10795.4,10830.9,0.0,35.5,1847,True,0,120.0
cluster_9,009,ORANGE,1,120,2.0,0,40,6491.2,6462.1,29.2,0.0,1140,True,0,120.0
cluster_9,013,ORANGE,1,120,2.0,28,0,6083.3,5088.8,994.5,0.0,1186,True,0,120.0
cluster_9,016,ORANGE,1,120,2.0,0,75,5486.9,5691.9,0.0,205.0,678,True,0,120.0
cluster_9,018,ORANGE,1,120,2.0,9,0,1478.4,1703.4,0.0,225.0,616,True,0,120.0
cluster_9,102,ORANGE,1,120,2.0,0,4,5345.9,5027.2,318.8,0.0,752,True,0,120.0
cluster_9,103,ORANGE,1,120,2.0,0,10,3378.1,3725.1,0.0,347.0,528,True,0,120.0
cluster_9,106,ORANGE,1,120,2.0,0,18,5599.6,6708.1,0.0,1108.5,977,True,0,120.0
cluster_9,109,ORANGE,1,120,2.0,9,0,3617.1,3785.6,0.0,168.5,763,True,0,120.0
cluster_9,128,ORANGE,1,120,2.0,18,0,5310.6,5272.6,38.0,0.0,981,True,0,120.0
cluster_9,145,ORANGE,1,120,2.0,0,24,4605.6,4881.1,0.0,275.5,809,True,0,120.0
cluster_9,147,ORANGE,1,120,2.0,10,0,3448.9,3915.8,0.0,466.9,799,True,0,120.0
cluster_9,205,ORANGE,1,120,2.0,0,8,2175.1,2246.6,0.0,71.5,365,True,0,120.0
cluster_9,207,ORANGE,1,120,2.0,42,0,3683.2,3352.0,331.3,0.0,698,True,0,120.0
cluster_9,214,ORANGE,1,120,2.0,0,31,3718.4,3687.9,30.5,0.0,627,True,0,120.0
cluster_9,224,ORANGE,1,120,2.0,1,0,2687.4,2804.9,0.0,117.5,433,True,0,120.0
cluster_9,230,ORANGE,1,120,2.0,0,17,2736.1,3222.1,0.0,486.0,526,True,0,120.0
cluster_9,237,ORANGE,1,120,2.0,62,0,3268.9,2696.6,572.4,0.0,669,True,0,120.0
cluster_9,239,ORANGE,1,120,2.0,22,0,2137.9,1955.9,182.0,0.0,517,True,0,120.0
cluster_9,249,ORANGE,1,120,2.0,18,0,1929.6,1798.1,131.5,0.0,372,True,0,120.0
cluster_9,306,ORANGE,1,120,2.0,24,0,2748.3,2290.3,458.0,0.0,668,True,0,120.0
cluster_9,308,ORANGE,1,120,2.0,14,0,5436.6,5490.1,0.0,53.5,1046,True,0,120.0
cluster_9,421,ORANGE,1,120,2.0,9,0,204.0,138.0,66.0,0.0,42,True,0,120.0
cluster_9,425,ORANGE,1,120,2.0,0,1,5034.2,5160.2,0.0,126.0,1032,True,0,120.0
cluster_9,620,ORANGE,1,120,2.0,52,0,932.0,384.5,547.5,0.0,109,True,0,120.0
cluster_9,BLUE,ORANGE,1,120,2.0,0,1,2469.0,2187.0,282.0,0.0,572,True,0,120.0
cluster_9,GREEN,ORANGE,1,120,2.0,0,51,2514.0,3233.5,0.0,719.5,452,True,0,120.0
cluster_9,ORANGE,001,0,120,2.0,0,0,1281.0,1399.4,0.0,118.4,452,True,0,120.0
cluster_9,ORANGE,001,1,120,2.0,0,3,1338.1,1384.3,0.0,46.2,455,True,0,120.0
cluster_9,ORANGE,003,0,120,2.0,0,0,593.2,565.0,28.3,0.0,455,True,0,120.0
cluster_9,ORANGE,003,1,120,2.0,0,0,800.1,748.6,51.5,0.0,449,True,0,120.0
cluster_9,ORANGE,009,0,120,2.0,0,0,1665.4,1611.5,53.9,0.0,448,True,0,120.0
cluster_9,ORANGE,009,1,120,2.0,0,3,1740.2,1934.2,0.0,194.0,451,True,0,120.0
cluster_9,ORANGE,013,0,120,2.0,0,11,2513.6,2531.1,0.0,17.5,449,True,0,120.0
cluster_9,ORANGE,013,1,120,2.0,0,1,2101.1,2404.0,0.0,302.9,448,True,0,120.0
cluster_9,ORANGE,016,0,120,2.0,0,1,2451.3,2383.7,67.5,0.0,450,True,0,120.0
cluster_9,ORANGE,016,1,120,2.0,0,0,2500.3,2365.6,134.7,0.0,448,True,0,120.0
cluster_9,ORANGE,018,0,120,2.0,7,0,2364.1,2496.2,0.0,132.0,449,True,0,120.0
cluster_9,ORANGE,018,1,120,2.0,49,0,2997.8,2569.8,428.0,0.0,451,True,0,120.0
cluster_9,ORANGE,102,0,120,2.0,0,18,2896.0,3058.2,0.0,162.2,448,True,0,120.0
cluster_9,ORANGE,102,1,120,2.0,10,0,3706.3,3446.3,260.0,0.0,444,True,0,120.0
cluster_9,ORANGE,103,0,120,2.0,0,2,2985.0,2982.4,2.6,0.0,443,True,0,120.0
cluster_9,ORANGE,103,1,120,2.0,1,0,3301.7,3190.4,111.3,0.0,444,True,0,120.0
cluster_9,ORANGE,106,0,120,2.0,0,1,3503.0,3394.8,108.2,0.0,451,True,0,120.0
cluster_9,ORANGE,106,1,120,2.0,0,1,3613.5,3470.7,142.8,0.0,448,True,0,120.0
cluster_9,ORANGE,109,0,120,2.0,0,2,3258.8,3481.2,0.0,222.3,452,True,0,120.0
cluster_9,ORANGE,109,1,120,2.0,8,0,4066.2,3788.8,277.4,0.0,444,True,0,120.0
cluster_9,ORANGE,128,0,120,2.0,0,2,3432.6,3504.4,0.0,71.8,453,True,0,120.0
cluster_9,ORANGE,128,1,120,2.0,0,1,4306.6,4403.1,0.0,96.5,449,True,0,120.0
cluster_9,ORANGE,145,0,120,2.0,0,7,3185.0,3304.3,0.0,119.3,452,True,0,120.0
cluster_9,ORANGE,145,1,120,2.0,3,0,3569.3,3445.9,123.4,0.0,444,True,0,120.0
cluster_9,ORANGE,147,0,120,2.0,1,0,2917.4,2818.8,98.7,0.0,452,True,0,120.0
cluster_9,ORANGE,147,1,120,2.0,4,0,2886.2,2914.1,0.0,27.9,444,True,0,120.0
cluster_9,ORANGE,205,0,120,2.0,2,0,6396.5,6390.5,6.0,0.0,452,True,0,120.0
cluster_9,ORANGE,205,1,120,2.0,12,0,6447.9,6137.9,310.0,0.0,446,True,0,120.0
cluster_9,ORANGE,207,0,120,2.0,4,0,6066.6,6043.2,23.4,0.0,443,True,0,120.0
cluster_9,ORANGE,207,1,120,2.0,0,3,7908.5,8154.6,0.0,246.2,440,True,0,120.0
cluster_9,ORANGE,214,0,120,2.0,4,0,4641.5,4490.1,151.4,0.0,447,True,0,120.0
cluster_9,ORANGE,214,1,120,2.0,0,11,5486.2,5774.1,0.0,287.8,441,True,0,120.0
cluster_9,ORANGE,224,0,120,2.0,2,0,3038.9,2878.2,160.7,0.0,446,True,0,120.0
cluster_9,ORANGE,224,1,120,2.0,0,2,8577.0,8371.0,206.0,0.0,436,True,0,120.0
cluster_9,ORANGE,230,0,120,2.0,0,1,5151.6,5185.9,0.0,34.3,444,True,0,120.0
cluster_9,ORANGE,230,1,120,2.0,2,0,5583.8,5352.7,231.1,0.0,444,True,0,120.0
cluster_9,ORANGE,237,0,120,2.0,0,4,5729.1,6062.0,0.0,332.8,440,True,0,120.0
cluster_9,ORANGE,237,1,120,2.0,0,0,4119.2,4166.3,0.0,47.1,443,True,0,120.0
cluster_9,ORANGE,239,0,120,2.0,0,1,5985.1,6216.1,0.0,231.0,433,True,0,120.0
cluster_9,ORANGE,239,1,120,2.0,0,1,6810.2,7177.6,0.0,367.4,438,True,0,120.0
cluster_9,ORANGE,249,0,120,2.0,0,1,6513.0,6911.2,0.0,398.2,443,True,0,120.0
cluster_9,ORANGE,249,1,120,2.0,1,0,5634.7,5418.1,216.6,0.0,440,True,0,120.0
cluster_9,ORANGE,306,0,120,2.0,0,6,13994.5,14299.2,0.0,304.7,319,True,0,120.0
cluster_9,ORANGE,306,1,120,2.0,0,1,14464.5,14736.5,0.0,272.1,314,True,0,120.0
cluster_9,ORANGE,308,0,120,2.0,1,0,22634.4,22496.1,138.3,0.0,332,True,0,120.0
cluster_9,ORANGE,308,1,120,2.0,1,0,17254.5,17147.7,106.8,0.0,350,True,0,120.0
cluster_9,ORANGE,421,0,120,2.0,11,0,15040.0,14720.0,320.0,0.0,320,True,0,120.0
cluster_9,ORANGE,421,1,120,2.0,0,0,14570.0,14520.0,50.0,0.0,320,True,0,120.0
cluster_9,ORANGE,425,0,120,2.0,0,6,1003.1,948.1,55.0,0.0,341,True,0,120.0
cluster_9,ORANGE,425,1,120,2.0,0,0,718.0,693.3,24.7,0.0,358,True,0,120.0
cluster_9,ORANGE,620,0,120,2.0,0,0,3456.0,3072.0,384.0,0.0,422,True,0,120.0
cluster_9,ORANGE,620,1,120,2.0,0,1,4364.0,4960.0,0.0,596.0,423,True,0,120.0
cluster_9,ORANGE,BLUE,0,120,2.0,0,1,1874.0,1802.0,72.0,0.0,464,True,0,120.0
cluster_9,ORANGE,BLUE,1,120,2.0,0,0,2057.0,2285.0,0.0,228.0,454,True,0,120.0
cluster_9,ORANGE,GREEN,0,120,2.0,50,0,2338.0,1922.0,416.0,0.0,455,True,0,120.0
cluster_9,ORANGE,GREEN,1,120,2.0,0,0,1983.0,1753.0,230.0,0.0,454,True,0,120.0
cluster_9,ORANGE,ORANGE,0,120,2.0,1,0,1030.0,692.0,338.0,0.0,220,True,0,120.0
cluster_9,ORANGE,ORANGE,1,120,2.0,0,49,1372.0,1810.0,0.0,438.0,220,True,0,120.0
cluster_9,ORANGE,RED,0,120,2.0,0,0,1926.5,2263.0,0.0,336.5,452,True,0,120.0
cluster_9,ORANGE,RED,1,120,2.0,1,0,1736.5,1313.0,423.5,0.0,452,True,0,120.0
cluster_9,ORANGE,TRE,0,120,2.0,18,0,9698.0,9282.0,416.0,0.0,416,True,0,120.0
cluster_9,ORANGE,TRE,1,120,2.0,0,0,9349.0,9152.0,197.0,0.0,436,True,0,120.0
cluster_9,RED,ORANGE,1,120,2.0,54,0,2411.0,2238.0,173.0,0.0,554,True,0,120.0
cluster_9,TRE,ORANGE,1,120,2.0,8,0,274.5,238.5,36.0,0.0,58,True,0,120.0
cluster_928,005,ORANGE,1,120,2.0,16,0,1567.0,1538.5,28.5,0.0,147,True,0,120.0
cluster_928,103,ORANGE,1,120,2.0,0,2,906.5,924.5,0.0,18.0,89,True,0,120.0
cluster_928,207,ORANGE,1,120,2.0,0,2,1025.0,995.5,29.5,0.0,104,True,0,120.0
cluster_928,GREEN,ORANGE,1,120,2.0,0,1,1363.0,1591.0,0.0,228.0,114,True,0,120.0
cluster_928,ORANGE,005,0,120,2.0,0,0,1076.5,962.5,114.0,0.0,115,True,0,120.0
cluster_928,ORANGE,005,1,120,2.0,16,0,910.5,796.5,114.0,0.0,115,True,0,120.0
cluster_928,ORANGE,103,0,120,2.0,0,0,1016.5,906.5,110.0,0.0,110,True,0,120.0
cluster_928,ORANGE,103,1,120,2.0,0,2,1699.5,1895.5,0.0,196.0,109,True,0,120.0
cluster_928,ORANGE,207,0,120,2.0,0,0,2514.8,2551.6,0.0,36.8,109,True,0,120.0
cluster_928,ORANGE,207,1,120,2.0,1,0,2563.9,2543.6,20.3,0.0,108,True,0,120.0
cluster_928,ORANGE,GREEN,0,120,2.0,0,1,458.0,364.5,93.5,0.0,114,True,0,120.0
cluster_928,ORANGE,GREEN,1,120,2.0,0,0,659.5,549.5,110.0,0.0,112,True,0,120.0
cluster_928,ORANGE,ORANGE,0,120,2.0,0,1,1051.5,959.5,92.0,0.0,56,True,0,120.0
cluster_928,ORANGE,ORANGE,1,120,2.0,0,0,894.5,1006.5,0.0,112.0,56,True,0,120.0
cluster_929,306,ORANGE,1,120,2.0,0,0,297.0,361.0,0.0,64.0,42,True,0,120.0
cluster_929,GREEN,ORANGE,1,120,2.0,0,0,922.0,1150.0,0.0,228.0,114,True,0,120.0
cluster_929,ORANGE,306,0,120,2.0,7,0,4229.0,4149.0,80.0,0.0,80,True,0,120.0
cluster_929,ORANGE,306,1,120,2.0,0,0,4192.5,4116.5,76.0,0.0,77,True,0,120.0
cluster_929,ORANGE,GREEN,0,120,2.0,0,0,910.0,794.0,116.0,0.0,114,True,0,120.0
cluster_929,ORANGE,GREEN,1,120,2.0,0,0,1126.5,1016.5,110.0,0.0,113,True,0,120.0
cluster_929,ORANGE,ORANGE,0,120,2.0,4,0,545.5,433.5,112.0,0.0,56,True,0,120.0
cluster_929,ORANGE,ORANGE,1,120,2.0,4,0,540.5,532.5,8.0,0.0,56,True,0,120.0
cluster_960,ORANGE,ORANGE,0,120,2.0,2,0,653.0,535.0,118.0,0.0,59,True,0,120.0
cluster_960,ORANGE,ORANGE,1,120,2.0,0,0,423.5,525.5,0.0,102.0,60,True,0,120.0
cluster_961,229,ORANGE,1,120,2.0,21,0,812.5,468.5,344.0,0.0,65,True,0,120.0
cluster_961,231,ORANGE,1,120,2.0,0,3,451.5,539.5,0.0,88.0,64,True,0,120.0
cluster_961,ORANGE,229,0,120,2.0,4,0,1900.0,1788.0,112.0,0.0,113,True,0,120.0
cluster_961,ORANGE,229,1,120,2.0,17,0,2532.0,2476.0,56.0,0.0,114,True,0,120.0
cluster_961,ORANGE,231,0,120,2.0,0,4,1958.0,2000.0,0.0,42.0,114,True,0,120.0
cluster_961,ORANGE,231,1,120,2.0,2,0,2379.0,2265.0,114.0,0.0,115,True,0,120.0
cluster_961,ORANGE,ORANGE,0,120,2.0,2,0,318.5,218.5,100.0,0.0,60,True,0,120.0
cluster_961,ORANGE,ORANGE,1,120,2.0,2,0,824.0,846.5,0.0,22.5,61,True,0,120.0
cluster_962,ORANGE,ORANGE,0,120,2.0,0,2,852.5,774.5,78.0,0.0,61,True,0,120.0
cluster_962,ORANGE,ORANGE,1,120,2.0,0,2,211.5,333.5,0.0,122.0,61,True,0,120.0
cluster_1,027,ORANGE,1,180,3.0,7,0,4814.1,6831.6,0.0,2017.5,795,False,4,60.0
cluster_1,ORANGE,027,0,180,3.0,1,0,784.7,628.2,156.4,0.0,106,False,4,60.0
cluster_1,ORANGE,027,1,180,3.0,0,0,510.4,363.4,147.0,0.0,106,False,4,60.0
cluster_1,ORANGE,ORANGE,0,180,3.0,0,0,303.0,150.0,153.0,0.0,51,False,4,60.0
cluster_1,ORANGE,ORANGE,1,180,3.0,0,0,573.5,729.5,0.0,156.0,52,False,4,60.0
cluster_1,ORANGE,RED,0,180,3.0,1,0,1228.0,1069.0,159.0,0.0,106,False,4,60.0
cluster_1,ORANGE,RED,1,180,3.0,1,0,563.0,404.0,159.0,0.0,106,False,4,60.0
cluster_1,RED,ORANGE,1,180,3.0,1,0,611.5,897.0,0.0,285.5,106,False,4,60.0
cluster_1016,ORANGE,ORANGE,0,180,3.0,48,0,1028.0,851.0,177.0,0.0,59,False,4,60.0
cluster_1016,ORANGE,ORANGE,1,180,3.0,0,47,955.5,1117.5,0.0,162.0,60,False,4,60.0
cluster_1017,227,ORANGE,1,180,3.0,0,13,1062.7,1202.7,0.0,140.0,97,False,4,60.0
cluster_1017,ORANGE,227,0,180,3.0,0,2,1946.7,1836.7,110.0,0.0,113,False,4,60.0
cluster_1017,ORANGE,227,1,180,3.0,0,5,1973.5,2216.5,0.0,243.0,115,False,4,60.0
cluster_1017,ORANGE,ORANGE,0,180,3.0,0,2,758.0,661.0,97.0,0.0,59,False,4,60.0
cluster_1017,ORANGE,ORANGE,1,180,3.0,0,2,275.5,455.5,0.0,180.0,60,False,4,60.0
cluster_1020,ORANGE,ORANGE,0,180,3.0,42,0,870.5,813.5,57.0,0.0,61,False,4,60.0
cluster_1020,ORANGE,ORANGE,1,180,3.0,43,0,1121.5,352.5,769.0,0.0,61,False,4,60.0
cluster_1020,ORANGE,SILVER,0,180,3.0,0,9,2675.0,2768.0,0.0,93.0,118,False,4,60.0
cluster_1020,ORANGE,SILVER,1,180,3.0,0,21,2157.0,2911.0,0.0,754.0,117,False,4,60.0
cluster_1020,SILVER,ORANGE,1,180,3.0,0,29,624.0,804.0,0.0,180.0,60,False,4,60.0
cluster_1058,ORANGE,ORANGE,0,180,3.0,7,0,649.5,469.5,180.0,0.0,60,False,4,60.0
cluster_1058,ORANGE,ORANGE,1,180,3.0,6,0,567.0,580.0,0.0,13.0,61,False,4,60.0
cluster_1062,ORANGE,ORANGE,0,180,3.0,0,0,283.0,220.0,63.0,0.0,21,False,4,60.0
cluster_1062,ORANGE,ORANGE,1,180,3.0,0,0,643.0,706.0,0.0,63.0,21,False,4,60.0
cluster_1062,ORANGE,RED,0,180,3.0,0,0,459.0,396.0,63.0,0.0,43,False,4,60.0
cluster_1062,ORANGE,RED,1,180,3.0,0,0,252.0,186.0,66.0,0.0,44,False,4,60.0
cluster_1062,RED,ORANGE,1,180,3.0,0,0,8118.0,8361.0,0.0,243.0,81,False,4,60.0
cluster_107,207,ORANGE,1,180,3.0,0,24,3357.0,3668.0,0.0,311.0,337,False,4,60.0
cluster_107,213,ORANGE,1,180,3.0,70,0,4330.7,3537.7,793.0,0.0,384,False,4,60.0
cluster_107,GREEN,ORANGE,1,180,3.0,0,0,933.0,1275.0,0.0,342.0,114,False,4,60.0
cluster_107,ORANGE,207,0,180,3.0,0,5,2040.1,2177.6,0.0,137.5,110,False,4,60.0
cluster_107,ORANGE,207,1,180,3.0,7,0,2317.0,2201.5,115.4,0.0,109,False,4,60.0
cluster_107,ORANGE,213,0,180,3.0,12,0,2116.3,2095.2,21.2,0.0,110,False,4,60.0
cluster_107,ORANGE,213,1,180,3.0,0,3,2128.9,2057.3,71.7,0.0,114,False,4,60.0
cluster_107,ORANGE,GREEN,0,180,3.0,0,0,918.0,744.0,174.0,0.0,114,False,4,60.0
cluster_107,ORANGE,GREEN,1,180,3.0,0,0,1052.5,887.5,165.0,0.0,111,False,4,60.0
cluster_107,ORANGE,ORANGE,0,180,3.0,2,0,586.5,418.5,168.0,0.0,56,False,4,60.0
cluster_107,ORANGE,ORANGE,1,180,3.0,3,0,494.5,572.5,0.0,78.0,56,False,4,60.0
cluster_14,001,ORANGE,1,180,3.0,4,0,763.2,695.6,67.6,0.0,41,False,4,60.0
cluster_14,009,ORANGE,1,180,3.0,0,2,2205.0,1921.9,283.1,0.0,77,False,4,60.0
cluster_14,018,ORANGE,1,180,3.0,2,0,1878.4,1874.4,4.0,0.0,79,False,4,60.0
cluster_14,023,ORANGE,1,180,3.0,0,0,1034.9,966.8,68.2,0.0,47,False,4,60.0
cluster_14,214,ORANGE,1,180,3.0,0,0,450.8,519.8,0.0,69.0,23,False,4,60.0
cluster_14,249,ORANGE,1,180,3.0,0,0,925.9,1034.4,0.0,108.5,36,False,4,60.0
cluster_14,421,ORANGE,1,180,3.0,0,0,175.3,202.3,0.0,27.0,9,False,4,60.0
cluster_14,GREEN,ORANGE,1,180,3.0,0,0,326.5,368.5,0.0,42.0,14,False,4,60.0
cluster_14,ORANGE,001,0,180,3.0,0,0,133.8,115.8,18.0,0.0,12,False,4,60.0
cluster_14,ORANGE,001,1,180,3.0,6,0,217.0,199.0,18.0,0.0,12,False,4,60.0
cluster_14,ORANGE,009,0,180,3.0,0,2,60.0,108.3,0.0,48.3,12,False,4,60.0
cluster_14,ORANGE,009,1,180,3.0,0,2,78.0,126.6,0.0,48.6,12,False,4,60.0
cluster_14,ORANGE,018,0,180,3.0,0,0,110.0,98.0,12.0,0.0,12,False,4,60.0
cluster_14,ORANGE,018,1,180,3.0,0,0,71.7,100.0,0.0,28.3,12,False,4,60.0
cluster_14,ORANGE,023,0,180,3.0,0,0,186.2,202.5,0.0,16.4,16,False,4,60.0
cluster_14,ORANGE,023,1,180,3.0,0,1,101.5,104.2,0.0,2.7,14,False,4,60.0
cluster_14,ORANGE,214,0,180,3.0,0,0,255.5,243.5,12.0,0.0,10,False,4,60.0
cluster_14,ORANGE,214,1,180,3.0,0,0,170.3,164.3,6.0,0.0,8,False,4,60.0
cluster_14,ORANGE,249,0,180,3.0,0,0,123.4,111.4,12.0,0.0,8,False,4,60.0
cluster_14,ORANGE,249,1,180,3.0,0,2,157.9,238.0,0.0,80.1,8,False,4,60.0
cluster_14,ORANGE,421,0,180,3.0,0,0,15.0,9.0,6.0,0.0,2,False,4,60.0
cluster_14,ORANGE,421,1,180,3.0,0,0,33.0,27.0,6.0,0.0,2,False,4,60.0
cluster_14,ORANGE,GREEN,0,180,3.0,0,0,121.0,103.0,18.0,0.0,12,False,4,60.0
cluster_14,ORANGE,GREEN,1,180,3.0,0,0,149.5,140.0,9.5,0.0,14,False,4,60.0
cluster_168,020,ORANGE,1,180,3.0,0,117,9407.3,9188.3,219.0,0.0,754,False,4,60.0
cluster_168,213,ORANGE,1,180,3.0,0,7,1551.1,1287.6,263.5,0.0,130,False,4,60.0
cluster_168,233,ORANGE,1,180,3.0,13,0,4006.4,4658.4,0.0,652.0,424,False,4,60.0
cluster_168,GREEN,ORANGE,1,180,3.0,7,0,1356.5,1503.0,0.0,146.5,120,False,4,60.0
cluster_168,ORANGE,020,0,180,3.0,0,47,871.5,1532.5,0.0,661.0,118,False,4,60.0
cluster_168,ORANGE,020,1,180,3.0,0,0,740.1,710.5,29.6,0.0,119,False,4,60.0
cluster_168,ORANGE,213,0,180,3.0,12,0,2541.9,2526.1,15.7,0.0,114,False,4,60.0
cluster_168,ORANGE,213,1,180,3.0,0,11,2142.5,2422.8,0.0,280.3,121,False,4,60.0
cluster_168,ORANGE,233,0,180,3.0,0,0,1561.4,1427.6,133.9,0.0,117,False,4,60.0
cluster_168,ORANGE,233,1,180,3.0,3,0,1863.0,1749.1,114.0,0.0,119,False,4,60.0
cluster_168,ORANGE,GREEN,0,180,3.0,6,0,817.0,628.0,189.0,0.0,125,False,4,60.0
cluster_168,ORANGE,GREEN,1,180,3.0,0,0,522.0,351.0,171.0,0.0,117,False,4,60.0
cluster_168,ORANGE,ORANGE,0,180,3.0,0,49,233.5,1075.0,0.0,841.5,59,False,4,60.0
cluster_168,ORANGE,ORANGE,1,180,3.0,0,0,790.0,971.0,0.0,181.0,60,False,4,60.0
cluster_22,023,ORANGE,1,180,3.0,0,271,14551.5,17894.3,0.0,3342.8,1267,False,4,60.0
cluster_22,103,ORANGE,1,180,3.0,0,99,8347.2,8657.2,0.0,310.0,630,False,4,60.0
cluster_22,207,ORANGE,1,180,3.0,0,26,7972.1,7872.3,99.8,0.0,724,False,4,60.0
cluster_22,237,ORANGE,1,180,3.0,55,0,4738.6,4924.6,0.0,186.0,572,False,4,60.0
cluster_22,425,ORANGE,1,180,3.0,0,26,8392.2,8594.2,0.0,202.0,849,False,4,60.0
cluster_22,BLUE,ORANGE,1,180,3.0,48,0,1252.0,603.0,649.0,0.0,107,False,4,60.0
cluster_22,ORANGE,023,0,180,3.0,0,0,64.0,52.6,11.4,0.0,106,False,4,60.0
cluster_22,ORANGE,023,1,180,3.0,1,0,178.0,119.0,59.0,0.0,106,False,4,60.0
cluster_22,ORANGE,103,0,180,3.0,0,15,879.2,1050.7,0.0,171.5,106,False,4,60.0
cluster_22,ORANGE,103,1,180,3.0,0,12,856.8,1073.8,0.0,217.0,106,False,4,60.0
cluster_22,ORANGE,207,0,180,3.0,3,0,1595.4,1547.7,47.6,0.0,106,False,4,60.0
cluster_22,ORANGE,207,1,180,3.0,0,10,1804.8,2060.3,0.0,255.6,105,False,4,60.0
cluster_22,ORANGE,237,0,180,3.0,6,0,1454.5,1403.8,50.8,0.0,105,False,4,60.0
cluster_22,ORANGE,237,1,180,3.0,12,0,1613.6,1512.1,101.5,0.0,106,False,4,60.0
cluster_22,ORANGE,425,0,180,3.0,0,1,234.8,231.4,3.4,0.0,89,False,4,60.0
cluster_22,ORANGE,425,1,180,3.0,0,1,319.5,305.2,14.3,0.0,89,False,4,60.0
cluster_22,ORANGE,BLUE,0,180,3.0,1,0,1551.0,1392.0,159.0,0.0,106,False,4,60.0
cluster_22,ORANGE,BLUE,1,180,3.0,0,0,1264.0,1105.0,159.0,0.0,106,False,4,60.0
cluster_22,ORANGE,ORANGE,0,180,3.0,0,49,77.5,917.5,0.0,840.0,50,False,4,60.0
cluster_22,ORANGE,ORANGE,1,180,3.0,0,49,767.0,920.0,0.0,153.0,51,False,4,60.0
cluster_22,ORANGE,RED,0,180,3.0,0,0,1056.0,897.0,159.0,0.0,106,False,4,60.0
cluster_22,ORANGE,RED,1,180,3.0,0,0,723.0,564.0,159.0,0.0,106,False,4,60.0
cluster_22,RED,ORANGE,1,180,3.0,0,0,742.0,1060.0,0.0,318.0,106,False,4,60.0
cluster_23,001,ORANGE,1,180,3.0,17,0,21144.1,21146.6,0.0,2.5,2030,False,4,60.0
cluster_23,023,ORANGE,1,180,3.0,281,0,11747.9,6475.4,5272.5,0.0,920,False,4,60.0
cluster_23,057,ORANGE,1,180,3.0,177,0,4828.7,2562.4,2266.3,0.0,443,False,4,60.0
cluster_23,101,ORANGE,1,180,3.0,74,0,3847.2,3431.2,416.0,0.0,373,False,4,60.0
cluster_23,122,ORANGE,1,180,3.0,79,0,4021.7,3573.7,448.0,0.0,384,False,4,60.0
cluster_23,213,ORANGE,1,180,3.0,40,0,2598.2,2316.2,282.0,0.0,251,False,4,60.0
cluster_23,219,ORANGE,1,180,3.0,26,0,2549.5,2759.5,0.0,210.0,270,False,4,60.0
cluster_23,230,ORANGE,1,180,3.0,40,0,5275.1,4237.1,1038.0,0.0,504,False,4,60.0
cluster_23,306,ORANGE,1,180,3.0,0,2,432.0,418.0,14.0,0.0,42,False,4,60.0
cluster_23,422,ORANGE,1,180,3.0,75,0,2800.0,2090.0,710.0,0.0,280,False,4,60.0
cluster_23,423,ORANGE,1,180,3.0,0,13,486.0,648.0,0.0,162.0,54,False,4,60.0
cluster_23,GREEN,ORANGE,1,180,3.0,3,0,1217.0,1469.0,0.0,252.0,114,False,4,60.0
cluster_23,ORANGE,001,0,180,3.0,0,1,289.8,314.4,0.0,24.5,113,False,4,60.0
cluster_23,ORANGE,001,1,180,3.0,5,0,347.6,322.6,25.1,0.0,114,False,4,60.0
cluster_23,ORANGE,023,0,180,3.0,0,45,609.4,1098.2,0.0,488.8,115,False,4,60.0
cluster_23,ORANGE,023,1,180,3.0,27,0,977.1,952.4,24.7,0.0,114,False,4,60.0
cluster_23,ORANGE,057,0,180,3.0,19,0,1159.8,991.8,168.0,0.0,114,False,4,60.0
cluster_23,ORANGE,057,1,180,3.0,46,0,1243.0,1091.5,151.5,0.0,113,False,4,60.0
cluster_23,ORANGE,101,0,180,3.0,5,0,1119.8,979.5,140.3,0.0,114,False,4,60.0
cluster_23,ORANGE,101,1,180,3.0,9,0,1252.2,1084.2,168.0,0.0,111,False,4,60.0
cluster_23,ORANGE,122,0,180,3.0,10,0,682.6,511.6,171.0,0.0,114,False,4,60.0
cluster_23,ORANGE,213,0,180,3.0,5,0,2076.4,1911.4,165.0,0.0,110,False,4,60.0
cluster_23,ORANGE,213,1,180,3.0,0,3,1560.7,1520.0,40.7,0.0,114,False,4,60.0
cluster_23,ORANGE,219,0,180,3.0,5,0,2019.9,1851.9,168.0,0.0,113,False,4,60.0
cluster_23,ORANGE,219,1,180,3.0,1,0,2623.2,2511.0,112.2,0.0,111,False,4,60.0
cluster_23,ORANGE,230,0,180,3.0,5,0,1471.9,1499.4,0.0,27.4,112,False,4,60.0
cluster_23,ORANGE,230,1,180,3.0,5,0,1577.0,1828.0,0.0,251.1,110,False,4,60.0
cluster_23,ORANGE,306,0,180,3.0,0,4,3995.0,4310.0,0.0,315.0,81,False,4,60.0
cluster_23,ORANGE,306,1,180,3.0,2,0,3966.0,3906.0,60.0,0.0,78,False,4,60.0
cluster_23,ORANGE,422,0,180,3.0,0,0,234.0,121.0,113.0,0.0,79,False,4,60.0
cluster_23,ORANGE,423,0,180,3.0,0,13,696.0,888.0,0.0,192.0,80,False,4,60.0
cluster_23,ORANGE,GREEN,0,180,3.0,3,0,690.0,516.0,174.0,0.0,114,False,4,60.0
cluster_23,ORANGE,GREEN,1,180,3.0,0,0,431.5,266.5,165.0,0.0,112,False,4,60.0
cluster_23,ORANGE,ORANGE,0,180,3.0,1,0,290.5,122.5,168.0,0.0,56,False,4,60.0
cluster_23,ORANGE,ORANGE,1,180,3.0,1,0,700.5,838.5,0.0,138.0,56,False,4,60.0
cluster_23,ORANGE,TRE,0,180,3.0,0,9,2244.5,2358.5,0.0,114.0,103,False,4,60.0
cluster_23,ORANGE,TRE,1,180,3.0,8,0,2332.5,2167.5,165.0,0.0,109,False,4,60.0
cluster_23,TRE,ORANGE,1,180,3.0,0,1,521.0,535.0,0.0,14.0,58,False,4,60.0
cluster_29,018,ORANGE,1,180,3.0,0,0,563.3,635.3,0.0,72.0,24,False,4,60.0
cluster_29,023,ORANGE,1,180,3.0,1,0,643.3,666.4,0.0,23.1,29,False,4,60.0
cluster_29,214,ORANGE,1,180,3.0,0,0,579.3,654.3,0.0,75.0,25,False,4,60.0
cluster_29,GREEN,ORANGE,1,180,3.0,0,0,131.0,152.0,0.0,21.0,7,False,4,60.0
cluster_29,ORANGE,018,0,180,3.0,0,0,33.5,27.5,6.0,0.0,6,False,4,60.0
cluster_29,ORANGE,018,1,180,3.0,0,0,36.5,30.5,6.0,0.0,6,False,4,60.0
cluster_29,ORANGE,023,0,180,3.0,1,0,97.6,88.6,9.0,0.0,8,False,4,60.0
cluster_29,ORANGE,023,1,180,3.0,0,0,70.0,62.9,7.1,0.0,6,False,4,60.0
cluster_29,ORANGE,214,0,180,3.0,0,0,101.3,95.3,6.0,0.0,5,False,4,60.0
cluster_29,ORANGE,214,1,180,3.0,0,0,54.4,53.9,0.5,0.0,4,False,4,60.0
cluster_29,ORANGE,GREEN,0,180,3.0,0,0,96.5,87.5,9.0,0.0,6,False,4,60.0
cluster_29,ORANGE,GREEN,1,180,3.0,0,0,75.5,69.5,6.0,0.0,7,False,4,60.0
cluster_527,200,ORANGE,1,180,3.0,0,36,30443.2,31150.9,0.0,707.7,313,False,4,60.0
cluster_527,202,ORANGE,1,180,3.0,17,0,21819.1,21539.1,280.0,0.0,240,False,4,60.0
cluster_527,250,ORANGE,1,180,3.0,0,10,32931.7,33604.2,0.0,672.5,344,False,4,60.0
cluster_527,ORANGE,200,0,180,3.0,2,0,549.5,496.5,53.0,0.0,44,False,4,60.0
cluster_527,ORANGE,200,1,180,3.0,0,5,503.6,603.0,0.0,99.4,44,False,4,60.0
cluster_527,ORANGE,202,0,180,3.0,0,2,540.5,582.4,0.0,41.8,42,False,4,60.0
cluster_527,ORANGE,202,1,180,3.0,0,2,512.4,512.4,0.0,0.1,42,False,4,60.0
cluster_527,ORANGE,250,0,180,3.0,5,0,506.2,457.3,48.9,0.0,44,False,4,60.0
cluster_527,ORANGE,250,1,180,3.0,0,2,441.3,457.4,0.0,16.1,44,False,4,60.0
cluster_527,ORANGE,ORANGE,0,180,3.0,0,17,811.5,1668.5,0.0,857.0,21,False,4,60.0
cluster_527,ORANGE,ORANGE,1,180,3.0,0,17,314.5,377.5,0.0,63.0,21,False,4,60.0
cluster_527,ORANGE,RED,0,180,3.0,0,1,439.0,403.0,36.0,0.0,44,False,4,60.0
cluster_527,ORANGE,RED,1,180,3.0,0,0,304.0,238.0,66.0,0.0,44,False,4,60.0
cluster_527,RED,ORANGE,1,180,3.0,0,1,8168.0,8411.0,0.0,243.0,81,False,4,60.0
cluster_6,003,ORANGE,1,180,3.0,0,4,4515.2,4390.2,125.0,0.0,545,False,4,60.0
cluster_6,017,ORANGE,1,180,3.0,0,45,15073.0,15102.5,0.0,29.5,1524,False,4,60.0
cluster_6,205,ORANGE,1,180,3.0,0,13,677.7,783.7,0.0,106.0,87,False,4,60.0
cluster_6,249,ORANGE,1,180,3.0,35,0,1592.6,1277.6,315.0,0.0,180,False,4,60.0
cluster_6,440,ORANGE,1,180,3.0,0,15,18443.5,18115.5,328.0,0.0,2304,False,4,60.0
cluster_6,442,ORANGE,1,180,3.0,0,16,736.9,1052.4,0.0,315.5,106,False,4,60.0
cluster_6,BLUE,ORANGE,1,180,3.0,0,0,545.0,855.0,0.0,310.0,108,False,4,60.0
cluster_6,ORANGE,003,0,180,3.0,0,0,1113.7,1046.9,66.8,0.0,212,False,4,60.0
cluster_6,ORANGE,003,1,180,3.0,0,7,1203.6,1304.4,0.0,100.8,212,False,4,60.0
cluster_6,ORANGE,017,0,180,3.0,0,1,576.0,460.6,115.4,0.0,212,False,4,60.0
cluster_6,ORANGE,017,1,180,3.0,0,1,466.9,564.3,0.0,97.4,212,False,4,60.0
cluster_6,ORANGE,205,0,180,3.0,0,12,4305.5,4427.5,0.0,122.0,212,False,4,60.0
cluster_6,ORANGE,205,1,180,3.0,0,6,4014.6,4132.4,0.0,117.9,212,False,4,60.0
cluster_6,ORANGE,249,0,180,3.0,0,0,3135.8,3520.0,0.0,384.2,210,False,4,60.0
cluster_6,ORANGE,249,1,180,3.0,3,0,3672.8,3533.2,139.6,0.0,206,False,4,60.0
cluster_6,ORANGE,440,0,180,3.0,0,0,126.5,125.2,1.3,0.0,183,False,4,60.0
cluster_6,ORANGE,440,1,180,3.0,0,1,313.8,360.0,0.0,46.2,182,False,4,60.0
cluster_6,ORANGE,442,0,180,3.0,0,16,1611.3,1667.3,0.0,56.0,208,False,4,60.0
cluster_6,ORANGE,BLUE,0,180,3.0,4,0,2082.0,1764.0,318.0,0.0,212,False,4,60.0
cluster_6,ORANGE,BLUE,1,180,3.0,1,0,2640.5,2322.5,318.0,0.0,212,False,4,60.0
cluster_6,ORANGE,ORANGE,0,180,3.0,1,0,1112.5,823.5,289.0,0.0,102,False,4,60.0
cluster_6,ORANGE,ORANGE,1,180,3.0,0,4,457.5,767.0,0.0,309.5,104,False,4,60.0
cluster_6,ORANGE,RED,0,180,3.0,0,48,1057.0,1819.5,0.0,762.5,212,False,4,60.0
cluster_6,ORANGE,RED,1,180,3.0,1,0,2145.5,1827.5,318.0,0.0,212,False,4,60.0
cluster_6,RED,ORANGE,1,180,3.0,0,96,2084.0,2687.5,0.0,603.5,212,False,4,60.0
cluster_666,236,ORANGE,1,180,3.0,10,0,21473.1,21792.0,0.0,318.8,218,False,4,60.0
cluster_666,247,ORANGE,1,180,3.0,7,0,32473.5,31482.7,990.8,0.0,335,False,4,60.0
cluster_666,ORANGE,236,0,180,3.0,7,0,592.4,533.4,59.0,0.0,43,False,4,60.0
cluster_666,ORANGE,236,1,180,3.0,0,4,353.9,390.2,0.0,36.3,43,False,4,60.0
cluster_666,ORANGE,247,0,180,3.0,0,2,455.0,483.1,0.0,28.1,44,False,4,60.0
cluster_666,ORANGE,247,1,180,3.0,0,4,511.8,643.9,0.0,132.1,44,False,4,60.0
cluster_666,ORANGE,ORANGE,0,180,3.0,0,0,346.0,283.0,63.0,0.0,21,False,4,60.0
cluster_666,ORANGE,ORANGE,1,180,3.0,0,0,580.0,643.0,0.0,63.0,21,False,4,60.0
cluster_666,ORANGE,RED,0,180,3.0,0,0,522.0,459.0,63.0,0.0,43,False,4,60.0
cluster_666,ORANGE,RED,1,180,3.0,0,0,186.0,120.0,66.0,0.0,44,False,4,60.0
cluster_666,ORANGE,SILVER,0,180,3.0,7,0,638.0,575.0,63.0,0.0,43,False,4,60.0
cluster_666,ORANGE,SILVER,1,180,3.0,0,0,938.0,872.0,66.0,0.0,44,False,4,60.0
cluster_666,RED,ORANGE,1,180,3.0,0,0,7998.0,8241.0,0.0,243.0,81,False,4,60.0
cluster_666,SILVER,ORANGE,1,180,3.0,7,0,3576.0,3568.0,8.0,0.0,44,False,4,60.0
cluster_667,017,ORANGE,1,180,3.0,0,68,8315.3,9227.8,0.0,912.5,630,False,4,60.0
cluster_667,413,ORANGE,1,180,3.0,0,0,373.0,529.0,0.0,156.0,52,False,4,60.0
cluster_667,417,ORANGE,1,180,3.0,0,15,571.0,739.0,0.0,168.0,56,False,4,60.0
cluster_667,419,ORANGE,1,180,3.0,0,11,444.0,606.0,0.0,162.0,54,False,4,60.0
cluster_667,ORANGE,017,0,180,3.0,0,0,556.0,397.0,159.0,0.0,106,False,4,60.0
cluster_667,ORANGE,017,1,180,3.0,0,27,371.3,730.3,0.0,359.0,106,False,4,60.0
cluster_667,ORANGE,413,0,180,3.0,0,0,6283.0,6154.0,129.0,0.0,86,False,4,60.0
cluster_667,ORANGE,417,0,180,3.0,0,0,5337.0,5237.5,99.5,0.0,87,False,4,60.0
cluster_667,ORANGE,419,0,180,3.0,0,1,5743.0,5966.0,0.0,223.0,86,False,4,60.0
cluster_667,ORANGE,ORANGE,0,180,3.0,1,0,767.5,617.5,150.0,0.0,50,False,4,60.0
cluster_667,ORANGE,ORANGE,1,180,3.0,0,0,126.5,283.0,0.0,156.5,53,False,4,60.0
cluster_667,ORANGE,RED,0,180,3.0,0,0,798.0,639.0,159.0,0.0,106,False,4,60.0
cluster_667,ORANGE,RED,1,180,3.0,1,0,1013.0,854.0,159.0,0.0,106,False,4,60.0
cluster_667,RED,ORANGE,1,180,3.0,1,0,1029.0,1317.0,0.0,288.0,106,False,4,60.0
cluster_717,020,ORANGE,1,180,3.0,29,0,2286.0,1912.0,374.0,0.0,212,False,4,60.0
cluster_717,027,ORANGE,1,180,3.0,22,0,1756.5,1042.0,714.5,0.0,105,False,4,60.0
cluster_717,ORANGE,020,0,180,3.0,3,0,768.5,644.0,124.5,0.0,106,False,4,60.0
cluster_717,ORANGE,020,1,180,3.0,15,0,1075.2,979.0,96.2,0.0,106,False,4,60.0
cluster_717,ORANGE,027,0,180,3.0,5,0,1604.0,1445.0,159.0,0.0,106,False,4,60.0
cluster_717,ORANGE,027,1,180,3.0,0,28,780.0,1183.0,0.0,403.0,106,False,4,60.0
cluster_717,ORANGE,ORANGE,0,180,3.0,0,48,99.0,906.0,0.0,807.0,51,False,4,60.0
cluster_717,ORANGE,ORANGE,1,180,3.0,0,48,781.5,937.5,0.0,156.0,52,False,4,60.0
cluster_717,ORANGE,RED,0,180,3.0,0,3,1016.0,954.5,61.5,0.0,106,False,4,60.0
cluster_717,ORANGE,RED,1,180,3.0,1,0,754.0,595.0,159.0,0.0,106,False,4,60.0
cluster_717,RED,ORANGE,1,180,3.0,0,2,821.0,1109.0,0.0,288.0,106,False,4,60.0
cluster_809,022,ORANGE,1,180,3.0,18,0,956.0,882.5,73.5,0.0,106,False,4,60.0
cluster_809,241,ORANGE,1,180,3.0,0,20,696.0,799.0,0.0,103.0,61,False,4,60.0
cluster_809,ORANGE,022,0,180,3.0,0,12,855.0,1006.0,0.0,151.0,106,False,4,60.0
cluster_809,ORANGE,022,1,180,3.0,3,0,1326.0,1167.0,159.0,0.0,106,False,4,60.0
cluster_809,ORANGE,241,0,180,3.0,5,0,2108.5,1952.5,156.0,0.0,103,False,4,60.0
cluster_809,ORANGE,241,1,180,3.0,0,23,1616.0,2357.0,0.0,741.0,106,False,4,60.0
cluster_809,ORANGE,ORANGE,0,180,3.0,0,2,567.5,456.0,111.5,0.0,50,False,4,60.0
cluster_809,ORANGE,ORANGE,1,180,3.0,0,2,336.0,495.0,0.0,159.0,53,False,4,60.0
cluster_809,ORANGE,RED,0,180,3.0,0,47,586.0,1367.0,0.0,781.0,106,False,4,60.0
cluster_809,ORANGE,RED,1,180,3.0,1,0,1225.0,1066.0,159.0,0.0,106,False,4,60.0
cluster_809,RED,ORANGE,1,180,3.0,0,46,1241.0,1529.0,0.0,288.0,106,False,4,60.0
cluster_810,238,ORANGE,1,180,3.0,4,0,4877.5,4544.5,333.0,0.0,49,False,4,60.0
cluster_810,243,ORANGE,1,180,3.0,0,5,4867.5,5014.5,0.0,147.0,49,False,4,60.0
cluster_810,244,ORANGE,1,180,3.0,6,0,4341.5,4322.5,19.0,0.0,47,False,4,60.0
cluster_810,ORANGE,238,0,180,3.0,0,1,672.0,636.0,36.0,0.0,44,False,4,60.0
cluster_810,ORANGE,238,1,180,3.0,3,0,685.0,649.0,36.0,0.0,44,False,4,60.0
cluster_810,ORANGE,243,0,180,3.0,4,0,670.0,604.0,66.0,0.0,44,False,4,60.0
cluster_810,ORANGE,243,1,180,3.0,0,1,690.0,681.0,9.0,0.0,44,False,4,60.0
cluster_810,ORANGE,244,0,180,3.0,1,0,718.5,716.5,2.0,0.0,43,False,4,60.0
cluster_810,ORANGE,244,1,180,3.0,5,0,693.5,660.5,33.0,0.0,41,False,4,60.0
cluster_810,ORANGE,ORANGE,0,180,3.0,1,0,937.5,874.5,63.0,0.0,21,False,4,60.0
cluster_810,ORANGE,ORANGE,1,180,3.0,1,0,208.5,251.5,0.0,43.0,21,False,4,60.0
cluster_810,ORANGE,RED,0,180,3.0,20,0,571.0,505.0,66.0,0.0,44,False,4,60.0
cluster_810,ORANGE,RED,1,180,3.0,0,0,573.0,507.0,66.0,0.0,44,False,4,60.0
cluster_810,RED,ORANGE,1,180,3.0,19,0,8718.0,8171.0,547.0,0.0,81,False,4,60.0
cluster_811,408,ORANGE,1,180,3.0,0,0,2409.0,2515.0,0.0,106.0,42,False,4,60.0
cluster_811,ORANGE,408,0,180,3.0,0,0,424.5,373.5,51.0,0.0,35,False,4,60.0
cluster_811,ORANGE,408,1,180,3.0,0,0,513.0,462.0,51.0,0.0,34,False,4,60.0
cluster_811,ORANGE,ORANGE,0,180,3.0,0,0,1023.0,960.0,63.0,0.0,21,False,4,60.0
cluster_811,ORANGE,ORANGE,1,180,3.0,0,0,93.0,156.0,0.0,63.0,21,False,4,60.0
cluster_811,ORANGE,RED,0,180,3.0,0,0,279.0,216.0,63.0,0.0,43,False,4,60.0
cluster_811,ORANGE,RED,1,180,3.0,0,0,452.0,386.0,66.0,0.0,44,False,4,60.0
cluster_811,RED,ORANGE,1,180,3.0,0,0,8498.0,8741.0,0.0,243.0,81,False,4,60.0
cluster_828,232,ORANGE,1,180,3.0,1,0,4426.0,4510.0,0.0,84.0,48,False,4,60.0
cluster_828,245,ORANGE,1,180,3.0,4,0,4279.0,4343.0,0.0,64.0,48,False,4,60.0
cluster_828,883E,ORANGE,1,180,3.0,0,0,10993.0,11161.0,0.0,168.0,96,False,4,60.0
cluster_828,ORANGE,232,0,180,3.0,1,0,694.0,697.0,0.0,3.0,42,False,4,60.0
cluster_828,ORANGE,232,1,180,3.0,0,0,720.0,654.0,66.0,0.0,44,False,4,60.0
cluster_828,ORANGE,245,0,180,3.0,1,0,789.0,723.0,66.0,0.0,44,False,4,60.0
cluster_828,ORANGE,245,1,180,3.0,3,0,806.0,743.0,63.0,0.0,42,False,4,60.0
cluster_828,ORANGE,883E,0,180,3.0,0,6,175.0,211.0,0.0,36.0,36,False,4,60.0
cluster_828,ORANGE,883E,1,180,3.0,6,0,326.0,275.0,51.0,0.0,34,False,4,60.0
cluster_828,ORANGE,ORANGE,0,180,3.0,18,0,1128.0,1065.0,63.0,0.0,21,False,4,60.0
cluster_828,ORANGE,ORANGE,1,180,3.0,19,0,748.0,51.0,697.0,0.0,21,False,4,60.0
cluster_828,ORANGE,RED,0,180,3.0,1,0,384.0,321.0,63.0,0.0,43,False,4,60.0
cluster_828,ORANGE,RED,1,180,3.0,0,0,362.0,296.0,66.0,0.0,44,False,4,60.0
cluster_828,ORANGE,SILVER,0,180,3.0,0,8,470.0,674.0,0.0,204.0,44,False,4,60.0
cluster_828,ORANGE,SILVER,1,180,3.0,0,0,770.0,704.0,66.0,0.0,44,False,4,60.0
cluster_828,RED,ORANGE,1,180,3.0,1,0,8318.0,8541.0,0.0,223.0,81,False,4,60.0
cluster_828,SILVER,ORANGE,1,180,3.0,0,8,3634.0,3766.0,0.0,132.0,44,False,4,60.0
cluster_829,234,ORANGE,1,180,3.0,2,0,11715.8,11915.8,0.0,200.0,120,False,4,60.0
cluster_829,236,ORANGE,1,180,3.0,6,0,20109.9,18725.9,1384.0,0.0,192,False,4,60.0
cluster_829,247,ORANGE,1,180,3.0,0,2,14541.9,14831.4,0.0,289.5,162,False,4,60.0
cluster_829,ORANGE,234,0,180,3.0,0,2,586.8,586.8,0.0,0.0,43,False,4,60.0
cluster_829,ORANGE,234,1,180,3.0,2,0,500.9,484.2,16.8,0.0,43,False,4,60.0
cluster_829,ORANGE,236,0,180,3.0,0,0,517.1,493.0,24.1,0.0,43,False,4,60.0
cluster_829,ORANGE,236,1,180,3.0,1,0,525.2,556.9,0.0,31.7,42,False,4,60.0
cluster_829,ORANGE,247,0,180,3.0,0,1,632.2,662.3,0.0,30.1,44,False,4,60.0
cluster_829,ORANGE,247,1,180,3.0,1,0,595.0,541.7,53.3,0.0,44,False,4,60.0
cluster_829,ORANGE,ORANGE,0,180,3.0,0,1,410.5,377.5,33.0,0.0,21,False,4,60.0
cluster_829,ORANGE,ORANGE,1,180,3.0,0,1,505.5,568.5,0.0,63.0,21,False,4,60.0
cluster_829,ORANGE,RED,0,180,3.0,0,19,226.5,553.5,0.0,327.0,43,False,4,60.0
cluster_829,ORANGE,RED,1,180,3.0,0,0,517.0,451.0,66.0,0.0,44,False,4,60.0
cluster_829,RED,ORANGE,1,180,3.0,0,18,8562.5,8802.5,0.0,240.0,80,False,4,60.0
cluster_876,GREEN,ORANGE,1,180,3.0,52,0,1650.5,912.5,738.0,0.0,113,False,4,60.0
cluster_876,ORANGE,GREEN,0,180,3.0,51,0,1238.0,1084.0,154.0,0.0,114,False,4,60.0
cluster_876,ORANGE,GREEN,1,180,3.0,0,0,862.5,697.5,165.0,0.0,113,False,4,60.0
cluster_876,ORANGE,ORANGE,0,180,3.0,0,0,787.5,622.5,165.0,0.0,55,False,4,60.0
cluster_876,ORANGE,ORANGE,1,180,3.0,0,0,207.0,372.5,0.0,165.5,56,False,4,60.0
cluster_876,ORANGE,TRE,0,180,3.0,0,9,2586.5,2700.5,0.0,114.0,104,False,4,60.0
cluster_876,ORANGE,TRE,1,180,3.0,21,0,2640.0,2475.0,165.0,0.0,109,False,4,60.0
cluster_876,TRE,ORANGE,1,180,3.0,0,22,661.5,835.5,0.0,174.0,58,False,4,60.0
cluster_9,001,ORANGE,1,180,3.0,59,0,6505.4,5524.1,981.2,0.0,1159,False,4,60.0
cluster_9,003,ORANGE,1,180,3.0,0,10,10795.4,10689.2,106.1,0.0,1847,False,4,60.0
cluster_9,009,ORANGE,1,180,3.0,0,49,6491.2,6567.1,0.0,75.8,1140,False,4,60.0
cluster_9,013,ORANGE,1,180,3.0,53,0,6083.3,4734.3,1349.0,0.0,1186,False,4,60.0
cluster_9,016,ORANGE,1,180,3.0,0,189,5486.9,6051.9,0.0,565.0,678,False,4,60.0
cluster_9,018,ORANGE,1,180,3.0,8,0,1478.4,2038.9,0.0,560.5,616,False,4,60.0
cluster_9,102,ORANGE,1,180,3.0,12,0,5345.9,4738.6,607.4,0.0,752,False,4,60.0
cluster_9,103,ORANGE,1,180,3.0,0,12,3378.1,3723.7,0.0,345.6,528,False,4,60.0
cluster_9,106,ORANGE,1,180,3.0,0,79,5599.6,7288.6,0.0,1689.0,977,False,4,60.0
cluster_9,109,ORANGE,1,180,3.0,0,12,3617.1,4111.1,0.0,494.0,763,False,4,60.0
cluster_9,128,ORANGE,1,180,3.0,0,8,5310.6,5606.6,0.0,296.0,981,False,4,60.0
cluster_9,145,ORANGE,1,180,3.0,0,73,4605.6,5339.6,0.0,734.0,809,False,4,60.0
cluster_9,147,ORANGE,1,180,3.0,0,13,3448.9,4174.3,0.0,725.3,799,False,4,60.0
cluster_9,205,ORANGE,1,180,3.0,0,39,2175.1,2293.1,0.0,118.0,365,False,4,60.0
cluster_9,207,ORANGE,1,180,3.0,37,0,3683.2,3386.3,296.9,0.0,698,False,4,60.0
cluster_9,214,ORANGE,1,180,3.0,0,5,3718.4,3524.4,194.0,0.0,627,False,4,60.0
cluster_9,224,ORANGE,1,180,3.0,0,22,2687.4,2883.9,0.0,196.5,433,False,4,60.0
cluster_9,230,ORANGE,1,180,3.0,0,42,2736.1,3286.1,0.0,550.0,526,False,4,60.0
cluster_9,237,ORANGE,1,180,3.0,62,0,3268.9,2796.8,472.2,0.0,669,False,4,60.0
cluster_9,239,ORANGE,1,180,3.0,14,0,2137.9,2132.9,5.0,0.0,517,False,4,60.0
cluster_9,249,ORANGE,1,180,3.0,10,0,1929.6,1852.6,77.0,0.0,372,False,4,60.0
cluster_9,306,ORANGE,1,180,3.0,35,0,2748.3,2418.3,330.0,0.0,668,False,4,60.0
cluster_9,308,ORANGE,1,180,3.0,0,41,5436.6,5789.6,0.0,353.0,1046,False,4,60.0
cluster_9,421,ORANGE,1,180,3.0,0,0,204.0,180.0,24.0,0.0,42,False,4,60.0
cluster_9,425,ORANGE,1,180,3.0,0,37,5034.2,5243.8,0.0,209.5,1032,False,4,60.0
cluster_9,620,ORANGE,1,180,3.0,52,0,932.0,389.5,542.5,0.0,109,False,4,60.0
cluster_9,BLUE,ORANGE,1,180,3.0,0,57,2469.0,2532.5,0.0,63.5,572,False,4,60.0
cluster_9,GREEN,ORANGE,1,180,3.0,0,2,2514.0,2939.5,0.0,425.5,452,False,4,60.0
cluster_9,ORANGE,001,0,180,3.0,0,8,1281.0,1533.5,0.0,252.5,452,False,4,60.0
cluster_9,ORANGE,001,1,180,3.0,2,0,1338.1,1350.5,0.0,12.3,455,False,4,60.0
cluster_9,ORANGE,003,0,180,3.0,0,0,593.2,581.3,11.9,0.0,455,False,4,60.0
cluster_9,ORANGE,003,1,180,3.0,0,1,800.1,738.9,61.2,0.0,449,False,4,60.0
cluster_9,ORANGE,009,0,180,3.0,0,1,1665.4,1609.7,55.7,0.0,448,False,4,60.0
cluster_9,ORANGE,009,1,180,3.0,0,8,1740.2,2124.3,0.0,384.1,451,False,4,60.0
cluster_9,ORANGE,013,0,180,3.0,0,18,2513.6,2704.9,0.0,191.3,449,False,4,60.0
cluster_9,ORANGE,013,1,180,3.0,3,0,2101.1,2204.4,0.0,103.2,448,False,4,60.0
cluster_9,ORANGE,016,0,180,3.0,0,0,2451.3,2252.1,199.1,0.0,450,False,4,60.0
cluster_9,ORANGE,016,1,180,3.0,0,12,2500.3,2377.8,122.5,0.0,448,False,4,60.0
cluster_9,ORANGE,018,0,180,3.0,20,0,2364.1,2419.5,0.0,55.4,449,False,4,60.0
cluster_9,ORANGE,018,1,180,3.0,80,0,2997.8,2368.9,628.9,0.0,451,False,4,60.0
cluster_9,ORANGE,102,0,180,3.0,0,30,2896.0,3339.1,0.0,443.1,448,False,4,60.0
cluster_9,ORANGE,102,1,180,3.0,20,0,3706.3,3299.9,406.4,0.0,444,False,4,60.0
cluster_9,ORANGE,103,0,180,3.0,0,14,2985.0,3160.8,0.0,175.8,443,False,4,60.0
cluster_9,ORANGE,103,1,180,3.0,0,10,3301.7,3269.0,32.6,0.0,444,False,4,60.0
cluster_9,ORANGE,106,0,180,3.0,0,0,3503.0,3348.8,154.2,0.0,451,False,4,60.0
cluster_9,ORANGE,106,1,180,3.0,0,4,3613.5,3469.8,143.7,0.0,448,False,4,60.0
cluster_9,ORANGE,109,0,180,3.0,3,0,3258.8,3442.0,0.0,183.2,452,False,4,60.0
cluster_9,ORANGE,109,1,180,3.0,9,0,4066.2,3759.0,307.3,0.0,444,False,4,60.0
cluster_9,ORANGE,128,0,180,3.0,0,4,3432.6,3454.3,0.0,21.7,453,False,4,60.0
cluster_9,ORANGE,128,1,180,3.0,0,21,4306.6,4674.6,0.0,368.1,449,False,4,60.0
cluster_9,ORANGE,145,0,180,3.0,0,8,3185.0,3363.9,0.0,178.8,452,False,4,60.0
cluster_9,ORANGE,145,1,180,3.0,0,0,3569.3,3405.2,164.1,0.0,444,False,4,60.0
cluster_9,ORANGE,147,0,180,3.0,1,0,2917.4,2656.1,261.3,0.0,452,False,4,60.0
cluster_9,ORANGE,147,1,180,3.0,16,0,2886.2,2796.1,90.1,0.0,444,False,4,60.0
cluster_9,ORANGE,205,0,180,3.0,10,0,6396.5,6253.0,143.5,0.0,452,False,4,60.0
cluster_9,ORANGE,205,1,180,3.0,17,0,6447.9,6023.1,424.8,0.0,446,False,4,60.0
cluster_9,ORANGE,207,0,180,3.0,2,0,6066.6,6099.7,0.0,33.2,443,False,4,60.0
cluster_9,ORANGE,207,1,180,3.0,0,19,7908.5,8598.6,0.0,690.1,440,False,4,60.0
cluster_9,ORANGE,214,0,180,3.0,7,0,4641.5,4392.6,248.9,0.0,447,False,4,60.0
cluster_9,ORANGE,214,1,180,3.0,0,25,5486.2,6138.0,0.0,651.8,441,False,4,60.0
cluster_9,ORANGE,224,0,180,3.0,6,0,3038.9,2789.9,249.0,0.0,446,False,4,60.0
cluster_9,ORANGE,224,1,180,3.0,0,7,8577.0,8360.0,217.0,0.0,436,False,4,60.0
cluster_9,ORANGE,230,0,180,3.0,11,0,5151.6,5007.4,144.2,0.0,444,False,4,60.0
cluster_9,ORANGE,230,1,180,3.0,2,0,5583.8,5237.7,346.1,0.0,444,False,4,60.0
cluster_9,ORANGE,237,0,180,3.0,0,4,5729.1,6190.3,0.0,461.2,440,False,4,60.0
cluster_9,ORANGE,237,1,180,3.0,0,1,4119.2,4220.1,0.0,100.9,443,False,4,60.0
cluster_9,ORANGE,239,0,180,3.0,0,11,5985.1,6425.4,0.0,440.3,433,False,4,60.0
cluster_9,ORANGE,239,1,180,3.0,0,12,6810.2,7378.7,0.0,568.5,438,False,4,60.0
cluster_9,ORANGE,249,0,180,3.0,12,0,6513.0,6801.0,0.0,288.0,443,False,4,60.0
cluster_9,ORANGE,249,1,180,3.0,0,0,5634.7,5346.3,288.4,0.0,440,False,4,60.0
cluster_9,ORANGE,306,0,180,3.0,0,6,13994.5,14557.8,0.0,563.4,319,False,4,60.0
cluster_9,ORANGE,306,1,180,3.0,8,0,14464.5,14593.8,0.0,129.4,314,False,4,60.0
cluster_9,ORANGE,308,0,180,3.0,1,0,22634.4,22418.4,216.0,0.0,332,False,4,60.0
cluster_9,ORANGE,308,1,180,3.0,1,0,17254.5,17101.5,153.0,0.0,350,False,4,60.0
cluster_9,ORANGE,421,0,180,3.0,2,0,15040.0,14830.0,210.0,0.0,320,False,4,60.0
cluster_9,ORANGE,421,1,180,3.0,0,9,14570.0,14630.0,0.0,60.0,320,False,4,60.0
cluster_9,ORANGE,425,0,180,3.0,0,1,1003.1,903.0,100.2,0.0,341,False,4,60.0
cluster_9,ORANGE,425,1,180,3.0,1,0,718.0,761.3,0.0,43.3,358,False,4,60.0
cluster_9,ORANGE,620,0,180,3.0,2,0,3456.0,2860.0,596.0,0.0,422,False,4,60.0
cluster_9,ORANGE,620,1,180,3.0,50,0,4364.0,4748.0,0.0,384.0,423,False,4,60.0
cluster_9,ORANGE,BLUE,0,180,3.0,0,55,1874.0,2585.0,0.0,711.0,464,False,4,60.0
cluster_9,ORANGE,BLUE,1,180,3.0,3,0,2057.0,2076.5,0.0,19.5,454,False,4,60.0
cluster_9,ORANGE,GREEN,0,180,3.0,49,0,2338.0,1742.5,595.5,0.0,455,False,4,60.0
cluster_9,ORANGE,GREEN,1,180,3.0,0,0,1983.0,1533.0,450.0,0.0,454,False,4,60.0
cluster_9,ORANGE,ORANGE,0,180,3.0,1,0,1030.0,472.0,558.0,0.0,220,False,4,60.0
cluster_9,ORANGE,ORANGE,1,180,3.0,0,49,1372.0,2030.0,0.0,658.0,220,False,4,60.0
cluster_9,ORANGE,RED,0,180,3.0,55,0,1926.5,2045.0,0.0,118.5,452,False,4,60.0
cluster_9,ORANGE,RED,1,180,3.0,2,0,1736.5,1193.0,543.5,0.0,452,False,4,60.0
cluster_9,ORANGE,TRE,0,180,3.0,9,0,9698.0,9344.0,354.0,0.0,416,False,4,60.0
cluster_9,ORANGE,TRE,1,180,3.0,0,2,9349.0,9082.0,267.0,0.0,436,False,4,60.0
cluster_9,RED,ORANGE,1,180,3.0,6,0,2411.0,2438.0,0.0,27.0,554,False,4,60.0
cluster_9,TRE,ORANGE,1,180,3.0,0,1,274.5,290.5,0.0,16.0,58,False,4,60.0
cluster_928,005,ORANGE,1,180,3.0,21,0,1567.0,1308.0,259.0,0.0,147,False,4,60.0
cluster_928,103,ORANGE,1,180,3.0,0,18,906.5,1013.5,0.0,107.0,89,False,4,60.0
cluster_928,207,ORANGE,1,180,3.0,0,0,1025.0,1019.5,5.5,0.0,104,False,4,60.0
cluster_928,GREEN,ORANGE,1,180,3.0,0,1,1363.0,1705.0,0.0,342.0,114,False,4,60.0
cluster_928,ORANGE,005,0,180,3.0,18,0,1076.5,905.5,171.0,0.0,115,False,4,60.0
cluster_928,ORANGE,005,1,180,3.0,4,0,910.5,936.5,0.0,26.0,115,False,4,60.0
cluster_928,ORANGE,103,0,180,3.0,0,15,1016.5,1288.5,0.0,272.0,110,False,4,60.0
cluster_928,ORANGE,103,1,180,3.0,0,3,1699.5,1870.5,0.0,171.0,109,False,4,60.0
cluster_928,ORANGE,207,0,180,3.0,0,0,2514.8,2497.6,17.2,0.0,109,False,4,60.0
cluster_928,ORANGE,207,1,180,3.0,0,1,2563.9,2583.2,0.0,19.3,108,False,4,60.0
cluster_928,ORANGE,GREEN,0,180,3.0,0,1,458.0,306.5,151.5,0.0,114,False,4,60.0
cluster_928,ORANGE,GREEN,1,180,3.0,0,0,659.5,494.5,165.0,0.0,112,False,4,60.0
cluster_928,ORANGE,ORANGE,0,180,3.0,47,0,1051.5,903.5,148.0,0.0,56,False,4,60.0
cluster_928,ORANGE,ORANGE,1,180,3.0,48,0,894.5,105.0,789.5,0.0,56,False,4,60.0
cluster_929,306,ORANGE,1,180,3.0,7,0,297.0,263.0,34.0,0.0,42,False,4,60.0
cluster_929,GREEN,ORANGE,1,180,3.0,0,0,922.0,1264.0,0.0,342.0,114,False,4,60.0
cluster_929,ORANGE,306,0,180,3.0,7,0,4229.0,4109.0,120.0,0.0,80,False,4,60.0
cluster_929,ORANGE,306,1,180,3.0,1,0,4192.5,4078.5,114.0,0.0,77,False,4,60.0
cluster_929,ORANGE,GREEN,0,180,3.0,0,3,910.0,806.0,104.0,0.0,114,False,4,60.0
cluster_929,ORANGE,GREEN,1,180,3.0,0,0,1126.5,961.5,165.0,0.0,113,False,4,60.0
cluster_929,ORANGE,ORANGE,0,180,3.0,4,0,545.5,377.5,168.0,0.0,56,False,4,60.0
cluster_929,ORANGE,ORANGE,1,180,3.0,4,0,540.5,588.5,0.0,48.0,56,False,4,60.0
cluster_960,ORANGE,ORANGE,0,180,3.0,3,0,653.0,476.0,177.0,0.0,59,False,4,60.0
cluster_960,ORANGE,ORANGE,1,180,3.0,1,0,423.5,565.5,0.0,142.0,60,False,4,60.0
cluster_961,229,ORANGE,1,180,3.0,20,0,812.5,513.5,299.0,0.0,65,False,4,60.0
cluster_961,231,ORANGE,1,180,3.0,0,2,451.5,565.5,0.0,114.0,64,False,4,60.0
cluster_961,ORANGE,229,0,180,3.0,4,0,1900.0,1732.0,168.0,0.0,113,False,4,60.0
cluster_961,ORANGE,229,1,180,3.0,16,0,2532.0,2489.0,43.0,0.0,114,False,4,60.0
cluster_961,ORANGE,231,0,180,3.0,0,4,1958.0,1944.0,14.0,0.0,114,False,4,60.0
cluster_961,ORANGE,231,1,180,3.0,3,0,2379.0,2235.0,144.0,0.0,115,False,4,60.0
cluster_961,ORANGE,ORANGE,0,180,3.0,0,44,318.5,1096.5,0.0,778.0,60,False,4,60.0
cluster_961,ORANGE,ORANGE,1,180,3.0,0,43,824.0,907.5,0.0,83.5,61,False,4,60.0
cluster_962,ORANGE,ORANGE,0,180,3.0,0,2,852.5,713.5,139.0,0.0,61,False,4,60.0
cluster_962,ORANGE,ORANGE,1,180,3.0,0,2,211.5,394.5,0.0,183.0,61,False,4,60.0
cluster_107,207,GREEN,1,-180,-3.0,0,15,3193.5,3488.5,0.0,295.0,339,True,0,270.0
cluster_107,213,GREEN,1,-180,-3.0,26,0,3912.7,3118.7,794.0,0.0,378,True,0,270.0
cluster_107,GREEN,207,0,-180,-3.0,0,1,2346.1,2368.2,0.0,22.1,109,True,0,270.0
cluster_107,GREEN,207,1,-180,-3.0,0,2,2218.3,2267.5,0.0,49.2,110,True,0,270.0
cluster_107,GREEN,213,0,-180,-3.0,0,0,1723.6,1889.3,0.0,165.7,112,True,0,270.0
cluster_107,GREEN,213,1,-180,-3.0,6,0,2092.3,2067.5,24.8,0.0,114,True,0,270.0
cluster_107,GREEN,GREEN,0,-180,-3.0,0,3,460.5,625.5,0.0,165.0,55,True,0,270.0
cluster_107,GREEN,GREEN,1,-180,-3.0,3,0,565.0,403.0,162.0,0.0,54,True,0,270.0
cluster_107,GREEN,ORANGE,0,-180,-3.0,0,1,1041.5,1215.5,0.0,174.0,115,True,0,270.0
cluster_107,GREEN,ORANGE,1,-180,-3.0,0,0,933.0,1098.0,0.0,165.0,114,True,0,270.0
cluster_107,ORANGE,GREEN,1,-180,-3.0,0,1,1052.5,742.5,310.0,0.0,111,True,0,270.0
cluster_14,001,GREEN,1,-180,-3.0,0,13,7682.4,7879.5,0.0,197.2,938,True,0,270.0
cluster_14,009,GREEN,1,-180,-3.0,0,8,13545.4,13399.9,145.5,0.0,1717,True,0,270.0
cluster_14,018,GREEN,1,-180,-3.0,179,0,12816.2,10305.3,2511.0,0.0,1099,True,0,270.0
cluster_14,023,GREEN,1,-180,-3.0,0,85,4224.9,4813.1,0.0,588.2,585,True,0,270.0
cluster_14,214,GREEN,1,-180,-3.0,0,25,2117.3,2478.8,0.0,361.5,289,True,0,270.0
cluster_14,249,GREEN,1,-180,-3.0,20,0,5352.4,5409.7,0.0,57.3,693,True,0,270.0
cluster_14,421,GREEN,1,-180,-3.0,2,0,1026.1,918.1,108.0,0.0,126,True,0,270.0
cluster_14,BLUE,GREEN,1,-180,-3.0,1,0,89.0,77.0,12.0,0.0,4,True,0,270.0
cluster_14,GREEN,001,0,-180,-3.0,0,0,739.7,732.7,6.9,0.0,230,True,0,270.0
cluster_14,GREEN,001,1,-180,-3.0,0,1,888.6,965.2,0.0,76.6,231,True,0,270.0
cluster_14,GREEN,009,0,-180,-3.0,0,5,620.8,698.6,0.0,77.8,232,True,0,270.0
cluster_14,GREEN,009,1,-180,-3.0,0,4,628.5,628.0,0.5,0.0,228,True,0,270.0
cluster_14,GREEN,018,0,-180,-3.0,0,0,447.4,624.9,0.0,177.5,231,True,0,270.0
cluster_14,GREEN,018,1,-180,-3.0,0,0,451.1,520.5,0.0,69.4,232,True,0,270.0
cluster_14,GREEN,023,0,-180,-3.0,0,52,2875.4,2875.9,0.0,0.4,235,True,0,270.0
cluster_14,GREEN,023,1,-180,-3.0,5,0,787.1,985.1,0.0,198.0,234,True,0,270.0
cluster_14,GREEN,214,0,-180,-3.0,2,0,4107.6,3797.3,310.3,0.0,229,True,0,270.0
cluster_14,GREEN,214,1,-180,-3.0,0,6,3377.2,3701.8,0.0,324.6,223,True,0,270.0
cluster_14,GREEN,249,0,-180,-3.0,0,6,2908.4,3111.9,0.0,203.5,224,True,0,270.0
cluster_14,GREEN,249,1,-180,-3.0,8,0,2991.0,2769.7,221.4,0.0,222,True,0,270.0
cluster_14,GREEN,421,0,-180,-3.0,0,10,6593.0,6795.0,0.0,202.0,163,True,0,270.0
cluster_14,GREEN,421,1,-180,-3.0,0,8,6444.8,6631.1,0.0,186.3,164,True,0,270.0
cluster_14,GREEN,BLUE,0,-180,-3.0,0,0,5.5,13.5,0.0,8.0,5,True,0,270.0
cluster_14,GREEN,GREEN,0,-180,-3.0,49,0,1033.0,399.0,634.0,0.0,116,True,0,270.0
cluster_14,GREEN,GREEN,1,-180,-3.0,1,0,937.5,1463.0,0.0,525.5,114,True,0,270.0
cluster_14,GREEN,ORANGE,0,-180,-3.0,0,0,254.0,263.5,0.0,9.5,18,True,0,270.0
cluster_14,GREEN,ORANGE,1,-180,-3.0,0,0,326.5,344.5,0.0,18.0,14,True,0,270.0
cluster_14,ORANGE,GREEN,1,-180,-3.0,0,0,149.5,142.5,7.0,0.0,14,True,0,270.0
cluster_14,RED,GREEN,1,-180,-3.0,0,0,17.0,11.0,6.0,0.0,2,True,0,270.0
cluster_168,020,GREEN,1,-180,-3.0,0,135,6940.8,9024.2,0.0,2083.4,736,True,0,270.0
cluster_168,213,GREEN,1,-180,-3.0,0,23,952.2,1274.2,0.0,322.0,126,True,0,270.0
cluster_168,233,GREEN,1,-180,-3.0,84,0,5020.0,4542.5,477.5,0.0,403,True,0,270.0
cluster_168,GREEN,020,0,-180,-3.0,0,47,1110.0,1275.0,0.0,165.0,115,True,0,270.0
cluster_168,GREEN,020,1,-180,-3.0,0,3,664.7,718.8,0.0,54.0,120,True,0,270.0
cluster_168,GREEN,213,0,-180,-3.0,0,6,2108.1,2276.1,0.0,168.0,114,True,0,270.0
cluster_168,GREEN,213,1,-180,-3.0,0,5,2472.5,2427.5,45.0,0.0,117,True,0,270.0
cluster_168,GREEN,233,0,-180,-3.0,23,0,2515.7,1794.9,720.8,0.0,116,True,0,270.0
cluster_168,GREEN,233,1,-180,-3.0,1,0,1570.5,1660.0,0.0,89.6,117,True,0,270.0
cluster_168,GREEN,GREEN,0,-180,-3.0,1,0,137.0,292.0,0.0,155.0,59,True,0,270.0
cluster_168,GREEN,GREEN,1,-180,-3.0,0,0,894.0,717.0,177.0,0.0,59,True,0,270.0
cluster_168,GREEN,ORANGE,0,-180,-3.0,0,48,1618.5,1795.5,0.0,177.0,121,True,0,270.0
cluster_168,GREEN,ORANGE,1,-180,-3.0,0,0,1356.5,1527.5,0.0,171.0,120,True,0,270.0
cluster_168,ORANGE,GREEN,1,-180,-3.0,0,48,522.0,1139.5,0.0,617.5,117,True,0,270.0
cluster_225,218,GREEN,1,-180,-3.0,0,19,426.0,675.0,0.0,249.0,67,True,0,270.0
cluster_225,220,GREEN,1,-180,-3.0,21,0,3474.5,3167.5,307.0,0.0,325,True,0,270.0
cluster_225,GREEN,218,0,-180,-3.0,0,20,2169.5,2283.5,0.0,114.0,116,True,0,270.0
cluster_225,GREEN,218,1,-180,-3.0,1,0,2107.0,2192.0,0.0,85.0,118,True,0,270.0
cluster_225,GREEN,220,0,-180,-3.0,4,0,2195.0,2199.4,0.0,4.4,114,True,0,270.0
cluster_225,GREEN,220,1,-180,-3.0,0,3,1962.3,2040.9,0.0,78.6,111,True,0,270.0
cluster_225,GREEN,GREEN,0,-180,-3.0,2,0,568.0,695.0,0.0,127.0,59,True,0,270.0
cluster_225,GREEN,GREEN,1,-180,-3.0,0,0,483.5,339.0,144.5,0.0,58,True,0,270.0
cluster_23,001,GREEN,1,-180,-3.0,17,0,21316.5,21121.5,195.0,0.0,2002,True,0,270.0
cluster_23,023,GREEN,1,-180,-3.0,0,99,6867.9,6414.9,453.0,0.0,920,True,0,270.0
cluster_23,057,GREEN,1,-180,-3.0,11,0,4060.7,2765.7,1295.0,0.0,449,True,0,270.0
cluster_23,101,GREEN,1,-180,-3.0,52,0,4138.2,3338.3,799.9,0.0,362,True,0,270.0
cluster_23,122,GREEN,1,-180,-3.0,98,0,4905.1,3768.2,1137.0,0.0,379,True,0,270.0
cluster_23,213,GREEN,1,-180,-3.0,18,0,2525.1,2275.5,249.5,0.0,252,True,0,270.0
cluster_23,219,GREEN,1,-180,-3.0,70,0,3704.8,2879.8,825.0,0.0,275,True,0,270.0
cluster_23,230,GREEN,1,-180,-3.0,0,26,4425.6,4258.6,167.0,0.0,512,True,0,270.0
cluster_23,306,GREEN,1,-180,-3.0,1,0,461.0,355.0,106.0,0.0,42,True,0,270.0
cluster_23,422,GREEN,1,-180,-3.0,0,39,2300.0,2265.0,35.0,0.0,280,True,0,270.0
cluster_23,423,GREEN,1,-180,-3.0,15,0,614.0,452.0,162.0,0.0,54,True,0,270.0
cluster_23,GREEN,001,0,-180,-3.0,0,0,363.9,318.7,45.2,0.0,114,True,0,270.0
cluster_23,GREEN,001,1,-180,-3.0,0,0,284.7,304.4,0.0,19.7,115,True,0,270.0
cluster_23,GREEN,023,0,-180,-3.0,0,0,735.2,879.4,0.0,144.2,117,True,0,270.0
cluster_23,GREEN,023,1,-180,-3.0,0,15,692.4,839.5,0.0,147.1,115,True,0,270.0
cluster_23,GREEN,057,0,-180,-3.0,0,0,829.1,956.7,0.0,127.6,116,True,0,270.0
cluster_23,GREEN,057,1,-180,-3.0,0,0,743.0,896.5,0.0,153.5,115,True,0,270.0
cluster_23,GREEN,101,0,-180,-3.0,7,0,1175.0,1118.8,56.2,0.0,116,True,0,270.0
cluster_23,GREEN,101,1,-180,-3.0,11,0,1330.0,1162.0,168.0,0.0,111,True,0,270.0
cluster_23,GREEN,122,0,-180,-3.0,15,0,950.3,711.5,238.8,0.0,117,True,0,270.0
cluster_23,GREEN,213,0,-180,-3.0,1,0,1733.6,1855.0,0.0,121.4,112,True,0,270.0
cluster_23,GREEN,213,1,-180,-3.0,3,0,2239.1,1972.2,266.9,0.0,115,True,0,270.0
cluster_23,GREEN,219,0,-180,-3.0,12,0,2966.5,2396.5,570.0,0.0,114,True,0,270.0
cluster_23,GREEN,219,1,-180,-3.0,0,0,2132.5,2296.8,0.0,164.3,113,True,0,270.0
cluster_23,GREEN,230,0,-180,-3.0,0,9,1474.5,1573.5,0.0,99.0,113,True,0,270.0
cluster_23,GREEN,230,1,-180,-3.0,0,0,1558.0,1706.5,0.0,148.5,111,True,0,270.0
cluster_23,GREEN,306,0,-180,-3.0,1,0,4071.0,4167.0,0.0,96.0,79,True,0,270.0
cluster_23,GREEN,306,1,-180,-3.0,0,1,4143.5,4260.5,0.0,117.0,78,True,0,270.0
cluster_23,GREEN,422,0,-180,-3.0,0,0,59.5,175.5,0.0,116.0,79,True,0,270.0
cluster_23,GREEN,423,0,-180,-3.0,1,0,641.0,658.0,0.0,17.0,80,True,0,270.0
cluster_23,GREEN,GREEN,0,-180,-3.0,0,0,81.0,249.0,0.0,168.0,56,True,0,270.0
cluster_23,GREEN,GREEN,1,-180,-3.0,0,1,857.5,720.0,137.5,0.0,55,True,0,270.0
cluster_23,GREEN,ORANGE,0,-180,-3.0,0,49,1712.5,1889.5,0.0,177.0,116,True,0,270.0
cluster_23,GREEN,ORANGE,1,-180,-3.0,0,0,1217.0,1382.0,0.0,165.0,114,True,0,270.0
cluster_23,GREEN,TRE,0,-180,-3.0,0,7,1962.0,2056.0,0.0,94.0,104,True,0,270.0
cluster_23,GREEN,TRE,1,-180,-3.0,2,0,2527.0,2629.0,0.0,102.0,109,True,0,270.0
cluster_23,ORANGE,GREEN,1,-180,-3.0,0,49,431.5,1075.5,0.0,644.0,112,True,0,270.0
cluster_23,TRE,GREEN,1,-180,-3.0,0,5,609.0,621.0,0.0,12.0,56,True,0,270.0
cluster_25,001,GREEN,1,-180,-3.0,0,11,4325.6,4538.6,0.0,213.0,435,True,0,270.0
cluster_25,013,GREEN,1,-180,-3.0,13,0,1003.0,891.0,112.0,0.0,114,True,0,270.0
cluster_25,023,GREEN,1,-180,-3.0,6,0,1196.0,845.0,351.0,0.0,117,True,0,270.0
cluster_25,104,GREEN,1,-180,-3.0,0,35,5568.1,5569.1,0.0,1.0,598,True,0,270.0
cluster_25,216,GREEN,1,-180,-3.0,3,0,551.0,535.0,16.0,0.0,54,True,0,270.0
cluster_25,GREEN,001,0,-180,-3.0,6,0,981.6,944.5,37.1,0.0,116,True,0,270.0
cluster_25,GREEN,001,1,-180,-3.0,1,0,800.3,821.0,0.0,20.7,116,True,0,270.0
cluster_25,GREEN,013,0,-180,-3.0,0,0,1680.5,1848.5,0.0,168.0,114,True,0,270.0
cluster_25,GREEN,013,1,-180,-3.0,13,0,1105.0,790.0,315.0,0.0,113,True,0,270.0
cluster_25,GREEN,023,0,-180,-3.0,4,0,1567.5,1627.5,0.0,60.0,118,True,0,270.0
cluster_25,GREEN,023,1,-180,-3.0,4,0,803.5,850.5,0.0,47.0,116,True,0,270.0
cluster_25,GREEN,104,0,-180,-3.0,7,0,1269.6,1131.3,138.3,0.0,113,True,0,270.0
cluster_25,GREEN,104,1,-180,-3.0,0,0,1167.3,1316.0,0.0,148.7,114,True,0,270.0
cluster_25,GREEN,216,0,-180,-3.0,6,0,2634.5,2619.5,15.0,0.0,111,True,0,270.0
cluster_25,GREEN,216,1,-180,-3.0,0,4,2739.0,2823.0,0.0,84.0,115,True,0,270.0
cluster_25,GREEN,GREEN,0,-180,-3.0,0,46,804.5,928.5,0.0,124.0,58,True,0,270.0
cluster_25,GREEN,GREEN,1,-180,-3.0,0,48,218.5,1034.5,0.0,816.0,58,True,0,270.0
cluster_29,018,GREEN,1,-180,-3.0,0,110,2607.3,3948.6,0.0,1341.3,347,True,0,270.0
cluster_29,023,GREEN,1,-180,-3.0,0,0,4359.4,3421.8,937.6,0.0,349,True,0,270.0
cluster_29,214,GREEN,1,-180,-3.0,0,15,4478.3,5658.3,0.0,1180.0,415,True,0,270.0
cluster_29,BLUE,GREEN,1,-180,-3.0,0,0,26.5,20.5,6.0,0.0,2,True,0,270.0
cluster_29,GREEN,018,0,-180,-3.0,0,1,882.2,1051.1,0.0,168.9,116,True,0,270.0
cluster_29,GREEN,018,1,-180,-3.0,0,18,923.2,1097.2,0.0,174.0,116,True,0,270.0
cluster_29,GREEN,023,0,-180,-3.0,0,1,936.6,1114.0,0.0,177.4,119,True,0,270.0
cluster_29,GREEN,023,1,-180,-3.0,0,0,929.3,1095.7,0.0,166.3,117,True,0,270.0
cluster_29,GREEN,214,0,-180,-3.0,15,0,1741.2,1338.6,402.7,0.0,115,True,0,270.0
cluster_29,GREEN,214,1,-180,-3.0,0,8,1808.5,1764.5,44.0,0.0,113,True,0,270.0
cluster_29,GREEN,BLUE,0,-180,-3.0,0,0,23.0,29.0,0.0,6.0,2,True,0,270.0
cluster_29,GREEN,GREEN,0,-180,-3.0,5,0,606.5,630.5,0.0,24.0,58,True,0,270.0
cluster_29,GREEN,GREEN,1,-180,-3.0,3,0,518.5,369.5,149.0,0.0,58,True,0,270.0
cluster_29,GREEN,ORANGE,0,-180,-3.0,0,0,155.5,170.5,0.0,15.0,8,True,0,270.0
cluster_29,GREEN,ORANGE,1,-180,-3.0,0,0,131.0,140.0,0.0,9.0,7,True,0,270.0
cluster_29,ORANGE,GREEN,1,-180,-3.0,0,1,75.5,71.5,4.0,0.0,7,True,0,270.0
cluster_29,RED,GREEN,1,-180,-3.0,1,0,29.5,26.5,3.0,0.0,1,True,0,270.0
cluster_303,030,GREEN,1,-180,-3.0,218,0,8140.1,7809.7,330.4,0.0,522,True,0,270.0
cluster_303,218,GREEN,1,-180,-3.0,0,5,9633.3,9721.3,0.0,88.0,904,True,0,270.0
cluster_303,GREEN,030,0,-180,-3.0,53,0,1752.5,931.8,820.7,0.0,116,True,0,270.0
cluster_303,GREEN,030,1,-180,-3.0,29,0,1146.6,728.7,417.9,0.0,118,True,0,270.0
cluster_303,GREEN,218,0,-180,-3.0,0,0,1175.0,1308.7,0.0,133.7,117,True,0,270.0
cluster_303,GREEN,218,1,-180,-3.0,14,0,1682.8,1411.3,271.5,0.0,117,True,0,270.0
cluster_303,GREEN,GREEN,0,-180,-3.0,51,0,1097.0,214.0,883.0,0.0,59,True,0,270.0
cluster_303,GREEN,GREEN,1,-180,-3.0,0,0,982.0,805.0,177.0,0.0,59,True,0,270.0
cluster_357,015,GREEN,1,-180,-3.0,0,12,2256.3,1875.3,381.0,0.0,236,True,0,270.0
cluster_357,038,GREEN,1,-180,-3.0,0,27,771.5,1008.5,0.0,237.0,115,True,0,270.0
cluster_357,GREEN,015,0,-180,-3.0,1,0,1222.7,1369.0,0.0,146.3,118,True,0,270.0
cluster_357,GREEN,015,1,-180,-3.0,0,6,1029.1,1116.1,0.0,87.0,118,True,0,270.0
cluster_357,GREEN,038,0,-180,-3.0,0,1,745.0,922.0,0.0,177.0,117,True,0,270.0
cluster_357,GREEN,038,1,-180,-3.0,0,24,1347.0,1479.0,0.0,132.0,118,True,0,270.0
cluster_357,GREEN,GREEN,0,-180,-3.0,2,0,509.0,636.0,0.0,127.0,59,True,0,270.0
cluster_357,GREEN,GREEN,1,-180,-3.0,1,0,537.0,360.0,177.0,0.0,59,True,0,270.0
cluster_38,013,GREEN,1,-180,-3.0,15,0,7044.5,4767.0,2277.5,0.0,861,True,0,270.0
cluster_38,216,GREEN,1,-180,-3.0,60,0,9965.2,9414.2,551.0,0.0,837,True,0,270.0
cluster_38,GREEN,013,0,-180,-3.0,1,0,636.4,787.4,0.0,151.0,115,True,0,270.0
cluster_38,GREEN,013,1,-180,-3.0,5,0,745.9,790.9,0.0,45.0,115,True,0,270.0
cluster_38,GREEN,216,0,-180,-3.0,3,0,1577.6,1592.1,0.0,14.5,112,True,0,270.0
cluster_38,GREEN,216,1,-180,-3.0,1,0,1909.3,2012.3,0.0,103.1,116,True,0,270.0
cluster_38,GREEN,GREEN,0,-180,-3.0,0,1,190.5,364.5,0.0,174.0,58,True,0,270.0
cluster_38,GREEN,GREEN,1,-180,-3.0,0,2,802.5,688.5,114.0,0.0,58,True,0,270.0
cluster_456,227,GREEN,1,-180,-3.0,0,12,1799.6,1863.1,0.0,63.5,165,True,0,270.0
cluster_456,233,GREEN,1,-180,-3.0,0,23,1355.8,1624.8,0.0,269.0,157,True,0,270.0
cluster_456,GREEN,227,0,-180,-3.0,1,0,1891.6,1891.5,0.1,0.0,118,True,0,270.0
cluster_456,GREEN,227,1,-180,-3.0,0,8,1698.7,1848.3,0.0,149.6,116,True,0,270.0
cluster_456,GREEN,233,0,-180,-3.0,0,3,2117.1,2291.1,0.0,174.0,116,True,0,270.0
cluster_456,GREEN,233,1,-180,-3.0,4,0,1834.0,1850.5,0.0,16.5,117,True,0,270.0
cluster_456,GREEN,GREEN,0,-180,-3.0,48,0,1082.0,209.5,872.5,0.0,60,True,0,270.0
cluster_456,GREEN,GREEN,1,-180,-3.0,50,0,1019.0,898.0,121.0,0.0,60,True,0,270.0
cluster_827,229,GREEN,1,-180,-3.0,0,21,2243.9,2815.7,0.0,571.8,231,True,0,270.0
cluster_827,GREEN,229,0,-180,-3.0,0,0,1999.5,2038.7,0.0,39.3,117,True,0,270.0
cluster_827,GREEN,229,1,-180,-3.0,0,13,1880.1,1984.8,0.0,104.7,114,True,0,270.0
cluster_827,GREEN,GREEN,0,-180,-3.0,1,0,617.0,727.0,0.0,110.0,60,True,0,270.0
cluster_827,GREEN,GREEN,1,-180,-3.0,1,0,494.5,359.5,135.0,0.0,60,True,0,270.0
cluster_827,GREEN,SILVER,0,-180,-3.0,0,8,2646.0,2820.0,0.0,174.0,116,True,0,270.0
cluster_827,GREEN,SILVER,1,-180,-3.0,7,0,3046.5,3010.5,36.0,0.0,115,True,0,270.0
cluster_827,SILVER,GREEN,1,-180,-3.0,0,1,588.5,571.5,17.0,0.0,59,True,0,270.0
cluster_876,GREEN,GREEN,0,-180,-3.0,0,0,687.0,855.0,0.0,168.0,56,True,0,270.0
cluster_876,GREEN,GREEN,1,-180,-3.0,0,0,272.0,104.0,168.0,0.0,56,True,0,270.0
cluster_876,GREEN,ORANGE,0,-180,-3.0,0,0,1291.5,1448.5,0.0,157.0,116,True,0,270.0
cluster_876,GREEN,ORANGE,1,-180,-3.0,0,0,1650.5,1815.5,0.0,165.0,113,True,0,270.0
cluster_876,GREEN,TRE,0,-180,-3.0,0,9,2235.5,2388.5,0.0,153.0,103,True,0,270.0
cluster_876,GREEN,TRE,1,-180,-3.0,0,0,2763.5,2925.5,0.0,162.0,109,True,0,270.0
cluster_876,ORANGE,GREEN,1,-180,-3.0,0,0,862.5,546.5,316.0,0.0,113,True,0,270.0
cluster_876,TRE,GREEN,1,-180,-3.0,0,9,433.0,445.0,0.0,12.0,56,True,0,270.0
cluster_9,001,GREEN,1,-180,-3.0,0,55,6013.1,6140.1,0.0,127.0,1154,True,0,270.0
cluster_9,003,GREEN,1,-180,-3.0,0,0,10131.0,10512.6,0.0,381.6,1869,True,0,270.0
cluster_9,009,GREEN,1,-180,-3.0,23,0,6038.2,5937.3,100.8,0.0,1140,True,0,270.0
cluster_9,013,GREEN,1,-180,-3.0,0,91,4502.6,4108.4,394.3,0.0,1197,True,0,270.0
cluster_9,016,GREEN,1,-180,-3.0,0,194,2883.3,5671.9,0.0,2788.7,678,True,0,270.0
cluster_9,018,GREEN,1,-180,-3.0,14,0,4039.0,2634.7,1404.3,0.0,635,True,0,270.0
cluster_9,102,GREEN,1,-180,-3.0,0,56,3627.3,4726.0,0.0,1098.6,767,True,0,270.0
cluster_9,103,GREEN,1,-180,-3.0,54,0,3394.0,3379.9,14.1,0.0,530,True,0,270.0
cluster_9,106,GREEN,1,-180,-3.0,119,0,7480.6,7765.6,0.0,285.0,1012,True,0,270.0
cluster_9,109,GREEN,1,-180,-3.0,20,0,4960.6,4534.9,425.7,0.0,786,True,0,270.0
cluster_9,128,GREEN,1,-180,-3.0,118,0,6395.5,5443.5,952.0,0.0,990,True,0,270.0
cluster_9,145,GREEN,1,-180,-3.0,39,0,5263.8,5599.1,0.0,335.4,833,True,0,270.0
cluster_9,147,GREEN,1,-180,-3.0,76,0,5762.5,4997.5,765.0,0.0,828,True,0,270.0
cluster_9,205,GREEN,1,-180,-3.0,0,53,1945.9,2511.9,0.0,566.0,372,True,0,270.0
cluster_9,207,GREEN,1,-180,-3.0,48,0,3989.2,3696.6,292.6,0.0,719,True,0,270.0
cluster_9,214,GREEN,1,-180,-3.0,0,33,2781.2,3317.4,0.0,536.1,639,True,0,270.0
cluster_9,224,GREEN,1,-180,-3.0,0,1,2643.4,3007.4,0.0,364.0,460,True,0,270.0
cluster_9,230,GREEN,1,-180,-3.0,0,5,3560.3,3956.3,0.0,396.0,550,True,0,270.0
cluster_9,237,GREEN,1,-180,-3.0,30,0,3480.0,3125.0,355.0,0.0,685,True,0,270.0
cluster_9,239,GREEN,1,-180,-3.0,25,0,2770.9,1937.9,833.0,0.0,533,True,0,270.0
cluster_9,249,GREEN,1,-180,-3.0,0,5,2134.0,1966.4,167.7,0.0,379,True,0,270.0
cluster_9,306,GREEN,1,-180,-3.0,14,0,3232.3,2524.3,708.0,0.0,668,True,0,270.0
cluster_9,308,GREEN,1,-180,-3.0,0,22,5490.6,5864.6,0.0,374.0,1046,True,0,270.0
cluster_9,421,GREEN,1,-180,-3.0,0,10,187.0,224.0,0.0,37.0,42,True,0,270.0
cluster_9,425,GREEN,1,-180,-3.0,0,23,5279.2,5417.2,0.0,138.0,1032,True,0,270.0
cluster_9,620,GREEN,1,-180,-3.0,0,0,596.0,476.0,120.0,0.0,110,True,0,270.0
cluster_9,BLUE,GREEN,1,-180,-3.0,0,45,2730.0,2308.0,422.0,0.0,595,True,0,270.0
cluster_9,GREEN,001,0,-180,-3.0,0,0,1483.7,1497.2,0.0,13.5,456,True,0,270.0
cluster_9,GREEN,001,1,-180,-3.0,0,1,1307.0,1384.5,0.0,77.4,467,True,0,270.0
cluster_9,GREEN,003,0,-180,-3.0,3,0,973.6,941.9,31.7,0.0,468,True,0,270.0
cluster_9,GREEN,003,1,-180,-3.0,1,0,720.2,735.0,0.0,14.8,461,True,0,270.0
cluster_9,GREEN,009,0,-180,-3.0,3,0,1825.8,1818.1,7.7,0.0,458,True,0,270.0
cluster_9,GREEN,009,1,-180,-3.0,0,2,2194.3,2198.9,0.0,4.6,456,True,0,270.0
cluster_9,GREEN,013,0,-180,-3.0,36,0,2855.6,2174.6,681.0,0.0,461,True,0,270.0
cluster_9,GREEN,013,1,-180,-3.0,0,4,1244.6,1894.2,0.0,649.6,460,True,0,270.0
cluster_9,GREEN,016,0,-180,-3.0,0,6,2813.2,2726.2,86.9,0.0,462,True,0,270.0
cluster_9,GREEN,016,1,-180,-3.0,11,0,2894.6,2439.8,454.8,0.0,454,True,0,270.0
cluster_9,GREEN,018,0,-180,-3.0,0,26,1660.7,2207.7,0.0,547.0,462,True,0,270.0
cluster_9,GREEN,018,1,-180,-3.0,0,1,2103.9,2708.4,0.0,604.5,463,True,0,270.0
cluster_9,GREEN,102,0,-180,-3.0,30,0,3651.7,3025.2,626.6,0.0,452,True,0,270.0
cluster_9,GREEN,102,1,-180,-3.0,29,0,3676.8,3414.7,262.1,0.0,455,True,0,270.0
cluster_9,GREEN,103,0,-180,-3.0,9,0,3495.7,3263.9,231.8,0.0,445,True,0,270.0
cluster_9,GREEN,103,1,-180,-3.0,0,1,3360.1,3504.1,0.0,144.0,448,True,0,270.0
cluster_9,GREEN,106,0,-180,-3.0,5,0,3825.3,3843.7,0.0,18.4,464,True,0,270.0
cluster_9,GREEN,106,1,-180,-3.0,0,8,3451.0,3671.9,0.0,220.9,460,True,0,270.0
cluster_9,GREEN,109,0,-180,-3.0,0,20,3353.0,3654.6,0.0,301.6,464,True,0,270.0
cluster_9,GREEN,109,1,-180,-3.0,5,0,3858.0,3758.6,99.5,0.0,455,True,0,270.0
cluster_9,GREEN,128,0,-180,-3.0,3,0,3783.2,3919.4,0.0,136.2,467,True,0,270.0
cluster_9,GREEN,128,1,-180,-3.0,0,4,4013.2,4230.1,0.0,216.9,461,True,0,270.0
cluster_9,GREEN,145,0,-180,-3.0,0,11,3365.0,3509.2,0.0,144.2,464,True,0,270.0
cluster_9,GREEN,145,1,-180,-3.0,44,0,3664.7,3146.2,518.4,0.0,455,True,0,270.0
cluster_9,GREEN,147,0,-180,-3.0,1,0,2977.4,3076.6,0.0,99.2,464,True,0,270.0
cluster_9,GREEN,147,1,-180,-3.0,0,7,2981.4,3145.3,0.0,163.9,453,True,0,270.0
cluster_9,GREEN,205,0,-180,-3.0,2,0,6757.6,6697.0,60.6,0.0,464,True,0,270.0
cluster_9,GREEN,205,1,-180,-3.0,0,0,6168.2,6356.7,0.0,188.5,458,True,0,270.0
cluster_9,GREEN,207,0,-180,-3.0,0,4,6223.6,6246.1,0.0,22.5,445,True,0,270.0
cluster_9,GREEN,207,1,-180,-3.0,2,0,8347.9,8315.5,32.4,0.0,445,True,0,270.0
cluster_9,GREEN,214,0,-180,-3.0,14,0,4931.1,4478.5,452.6,0.0,459,True,0,270.0
cluster_9,GREEN,214,1,-180,-3.0,10,0,5860.8,5391.3,469.5,0.0,449,True,0,270.0
cluster_9,GREEN,224,0,-180,-3.0,1,0,3130.3,3235.9,0.0,105.6,459,True,0,270.0
cluster_9,GREEN,224,1,-180,-3.0,16,0,8896.5,8462.5,434.0,0.0,440,True,0,270.0
cluster_9,GREEN,230,0,-180,-3.0,0,7,5037.1,5379.3,0.0,342.1,455,True,0,270.0
cluster_9,GREEN,230,1,-180,-3.0,12,0,5557.7,5370.8,186.9,0.0,448,True,0,270.0
cluster_9,GREEN,237,0,-180,-3.0,0,19,5584.3,5952.1,0.0,367.7,444,True,0,270.0
cluster_9,GREEN,237,1,-180,-3.0,4,0,4533.8,4334.0,199.9,0.0,444,True,0,270.0
cluster_9,GREEN,239,0,-180,-3.0,0,12,5537.2,5984.2,0.0,447.0,447,True,0,270.0
cluster_9,GREEN,239,1,-180,-3.0,1,0,6329.4,6712.7,0.0,383.3,441,True,0,270.0
cluster_9,GREEN,249,0,-180,-3.0,0,32,6588.0,6900.1,0.0,312.1,444,True,0,270.0
cluster_9,GREEN,249,1,-180,-3.0,5,0,5540.5,5731.4,0.0,190.9,445,True,0,270.0
cluster_9,GREEN,306,0,-180,-3.0,0,2,14331.9,13959.2,372.6,0.0,320,True,0,270.0
cluster_9,GREEN,306,1,-180,-3.0,0,7,13904.3,14228.0,0.0,323.7,319,True,0,270.0
cluster_9,GREEN,308,0,-180,-3.0,0,0,22167.8,22373.8,0.0,206.1,329,True,0,270.0
cluster_9,GREEN,308,1,-180,-3.0,0,0,16847.6,17047.3,0.0,199.6,348,True,0,270.0
cluster_9,GREEN,421,0,-180,-3.0,9,0,14450.0,14390.0,60.0,0.0,322,True,0,270.0
cluster_9,GREEN,421,1,-180,-3.0,0,0,14574.0,14759.0,0.0,185.0,323,True,0,270.0
cluster_9,GREEN,425,0,-180,-3.0,0,3,1129.5,1142.1,0.0,12.6,336,True,0,270.0
cluster_9,GREEN,425,1,-180,-3.0,0,0,654.1,522.0,132.1,0.0,353,True,0,270.0
cluster_9,GREEN,620,0,-180,-3.0,0,2,4058.5,4706.5,0.0,648.0,428,True,0,270.0
cluster_9,GREEN,620,1,-180,-3.0,0,101,4054.0,4662.0,0.0,608.0,424,True,0,270.0
cluster_9,GREEN,BLUE,0,-180,-3.0,48,0,2547.5,1676.5,871.0,0.0,476,True,0,270.0
cluster_9,GREEN,BLUE,1,-180,-3.0,0,3,1220.0,1885.0,0.0,665.0,467,True,0,270.0
cluster_9,GREEN,GREEN,0,-180,-3.0,1,0,484.5,985.5,0.0,501.0,228,True,0,270.0
cluster_9,GREEN,GREEN,1,-180,-3.0,49,0,1933.5,1387.5,546.0,0.0,228,True,0,270.0
cluster_9,GREEN,ORANGE,0,-180,-3.0,4,0,2726.5,2984.5,0.0,258.0,467,True,0,270.0
cluster_9,GREEN,ORANGE,1,-180,-3.0,0,0,2514.0,2432.5,81.5,0.0,452,True,0,270.0
cluster_9,GREEN,RED,0,-180,-3.0,0,54,1479.0,2119.0,0.0,640.0,464,True,0,270.0
cluster_9,GREEN,RED,1,-180,-3.0,0,3,1741.0,1883.5,0.0,142.5,464,True,0,270.0
cluster_9,GREEN,TRE,0,-180,-3.0,9,0,8714.0,8786.0,0.0,72.0,415,True,0,270.0
cluster_9,GREEN,TRE,1,-180,-3.0,0,6,9227.0,9707.0,0.0,480.0,441,True,0,270.0
cluster_9,ORANGE,GREEN,1,-180,-3.0,0,55,1983.0,2572.0,0.0,589.0,454,True,0,270.0
cluster_9,RED,GREEN,1,-180,-3.0,48,0,3733.0,3207.0,526.0,0.0,576,True,0,270.0
cluster_9,TRE,GREEN,1,-180,-3.0,0,9,321.0,303.0,18.0,0.0,56,True,0,270.0
cluster_924,GREEN,GREEN,0,-180,-3.0,0,45,802.0,982.0,0.0,180.0,60,True,0,270.0
cluster_924,GREEN,GREEN,1,-180,-3.0,0,47,210.0,970.0,0.0,760.0,60,True,0,270.0
cluster_925,232,GREEN,1,-180,-3.0,0,7,547.5,599.5,0.0,52.0,66,True,0,270.0
cluster_925,GREEN,232,0,-180,-3.0,0,1,2050.0,2218.0,0.0,168.0,113,True,0,270.0
cluster_925,GREEN,232,1,-180,-3.0,0,6,2074.5,2084.5,0.0,10.0,112,True,0,270.0
cluster_925,GREEN,GREEN,0,-180,-3.0,0,1,187.0,367.0,0.0,180.0,60,True,0,270.0
cluster_925,GREEN,GREEN,1,-180,-3.0,0,1,850.0,696.5,153.5,0.0,60,True,0,270.0
cluster_926,233,GREEN,1,-180,-3.0,3,0,672.0,690.0,0.0,18.0,64,True,0,270.0
cluster_926,GREEN,233,0,-180,-3.0,6,0,2501.5,2492.5,9.0,0.0,117,True,0,270.0
cluster_926,GREEN,233,1,-180,-3.0,0,2,2288.0,2161.0,127.0,0.0,116,True,0,270.0
cluster_926,GREEN,GREEN,0,-180,-3.0,0,2,424.5,601.5,0.0,177.0,59,True,0,270.0
cluster_926,GREEN,GREEN,1,-180,-3.0,0,0,623.0,469.5,153.5,0.0,59,True,0,270.0
cluster_927,GREEN,GREEN,0,-180,-3.0,0,0,669.5,823.5,0.0,154.0,59,True,0,270.0
cluster_927,GREEN,GREEN,1,-180,-3.0,2,0,376.5,199.5,177.0,0.0,59,True,0,270.0
cluster_928,005,GREEN,1,-180,-3.0,1,0,1563.0,1491.0,72.0,0.0,149,True,0,270.0
cluster_928,103,GREEN,1,-180,-3.0,6,0,822.0,856.0,0.0,34.0,87,True,0,270.0
cluster_928,207,GREEN,1,-180,-3.0,0,3,1107.3,1012.3,95.0,0.0,106,True,0,270.0
cluster_928,GREEN,005,0,-180,-3.0,16,0,872.5,806.5,66.0,0.0,116,True,0,270.0
cluster_928,GREEN,005,1,-180,-3.0,0,14,915.5,1009.5,0.0,94.0,116,True,0,270.0
cluster_928,GREEN,103,0,-180,-3.0,7,0,1547.5,1296.5,251.0,0.0,110,True,0,270.0
cluster_928,GREEN,103,1,-180,-3.0,0,1,1395.5,1563.5,0.0,168.0,111,True,0,270.0
cluster_928,GREEN,207,0,-180,-3.0,0,4,2213.3,2373.1,0.0,159.8,109,True,0,270.0
cluster_928,GREEN,207,1,-180,-3.0,1,0,2339.1,2418.9,0.0,79.9,110,True,0,270.0
cluster_928,GREEN,GREEN,0,-180,-3.0,0,48,877.0,1015.0,0.0,138.0,56,True,0,270.0
cluster_928,GREEN,GREEN,1,-180,-3.0,49,0,1077.5,912.5,165.0,0.0,55,True,0,270.0
cluster_928,GREEN,ORANGE,0,-180,-3.0,2,0,1526.5,1653.5,0.0,127.0,116,True,0,270.0
cluster_928,GREEN,ORANGE,1,-180,-3.0,0,0,1363.0,1528.0,0.0,165.0,114,True,0,270.0
cluster_928,ORANGE,GREEN,1,-180,-3.0,2,0,659.5,323.5,336.0,0.0,112,True,0,270.0
cluster_929,306,GREEN,1,-180,-3.0,5,0,386.0,260.0,126.0,0.0,42,True,0,270.0
cluster_929,GREEN,306,0,-180,-3.0,3,0,4004.5,4055.5,0.0,51.0,79,True,0,270.0
cluster_929,GREEN,306,1,-180,-3.0,1,0,3804.5,3891.5,0.0,87.0,78,True,0,270.0
cluster_929,GREEN,GREEN,0,-180,-3.0,0,0,351.0,519.0,0.0,168.0,56,True,0,270.0
cluster_929,GREEN,GREEN,1,-180,-3.0,0,0,608.0,440.0,168.0,0.0,56,True,0,270.0
cluster_929,GREEN,ORANGE,0,-180,-3.0,0,2,1002.5,1179.5,0.0,177.0,116,True,0,270.0
cluster_929,GREEN,ORANGE,1,-180,-3.0,0,0,922.0,1087.0,0.0,165.0,114,True,0,270.0
cluster_929,ORANGE,GREEN,1,-180,-3.0,0,2,1126.5,841.5,285.0,0.0,113,True,0,270.0
cluster_107,207,GREEN,1,-120,-2.0,0,12,3193.5,3424.5,0.0,231.0,339,True,0,330.0
cluster_107,213,GREEN,1,-120,-2.0,19,0,3912.7,3376.7,536.0,0.0,378,True,0,330.0
cluster_107,GREEN,207,0,-120,-2.0,2,0,2346.1,2337.5,8.7,0.0,109,True,0,330.0
cluster_107,GREEN,207,1,-120,-2.0,0,3,2218.3,2266.3,0.0,48.0,110,True,0,330.0
cluster_107,GREEN,213,0,-120,-2.0,0,0,1723.6,1833.3,0.0,109.7,112,True,0,330.0
cluster_107,GREEN,213,1,-120,-2.0,2,0,2092.3,2124.6,0.0,32.2,114,True,0,330.0
cluster_107,GREEN,GREEN,0,-120,-2.0,0,3,460.5,570.5,0.0,110.0,55,True,0,330.0
cluster_107,GREEN,GREEN,1,-120,-2.0,0,0,565.0,457.0,108.0,0.0,54,True,0,330.0
cluster_107,GREEN,ORANGE,0,-120,-2.0,0,1,1041.5,1157.5,0.0,116.0,115,True,0,330.0
cluster_107,GREEN,ORANGE,1,-120,-2.0,0,0,933.0,1043.0,0.0,110.0,114,True,0,330.0
cluster_107,ORANGE,GREEN,1,-120,-2.0,0,1,1052.5,853.5,199.0,0.0,111,True,0,330.0
cluster_14,001,GREEN,1,-120,-2.0,1,0,7682.4,7770.1,0.0,87.8,938,True,0,330.0
cluster_14,009,GREEN,1,-120,-2.0,15,0,13545.4,13143.9,401.5,0.0,1717,True,0,330.0
cluster_14,018,GREEN,1,-120,-2.0,149,0,12816.2,11250.3,1566.0,0.0,1099,True,0,330.0
cluster_14,023,GREEN,1,-120,-2.0,0,52,4224.9,4535.5,0.0,310.6,585,True,0,330.0
cluster_14,214,GREEN,1,-120,-2.0,0,18,2117.3,2450.3,0.0,333.0,289,True,0,330.0
cluster_14,249,GREEN,1,-120,-2.0,15,0,5352.4,5476.7,0.0,124.3,693,True,0,330.0
cluster_14,421,GREEN,1,-120,-2.0,12,0,1026.1,824.1,202.0,0.0,126,True,0,330.0
cluster_14,BLUE,GREEN,1,-120,-2.0,1,0,89.0,81.0,8.0,0.0,4,True,0,330.0
cluster_14,GREEN,001,0,-120,-2.0,0,2,739.7,821.8,0.0,82.1,230,True,0,330.0
cluster_14,GREEN,001,1,-120,-2.0,1,0,888.6,928.4,0.0,39.8,231,True,0,330.0
cluster_14,GREEN,009,0,-120,-2.0,0,5,620.8,648.2,0.0,27.4,232,True,0,330.0
cluster_14,GREEN,009,1,-120,-2.0,0,4,628.5,640.0,0.0,11.5,228,True,0,330.0
cluster_14,GREEN,018,0,-120,-2.0,0,0,447.4,538.3,0.0,90.8,231,True,0,330.0
cluster_14,GREEN,018,1,-120,-2.0,0,1,451.1,484.0,0.0,32.9,232,True,0,330.0
cluster_14,GREEN,023,0,-120,-2.0,0,35,2875.4,3093.7,0.0,218.2,235,True,0,330.0
cluster_14,GREEN,023,1,-120,-2.0,5,0,787.1,873.0,0.0,85.8,234,True,0,330.0
cluster_14,GREEN,214,0,-120,-2.0,0,4,4107.6,3912.6,195.0,0.0,229,True,0,330.0
cluster_14,GREEN,214,1,-120,-2.0,0,6,3377.2,3589.8,0.0,212.6,223,True,0,330.0
cluster_14,GREEN,249,0,-120,-2.0,0,2,2908.4,3100.4,0.0,192.0,224,True,0,330.0
cluster_14,GREEN,249,1,-120,-2.0,7,0,2991.0,2712.1,278.9,0.0,222,True,0,330.0
cluster_14,GREEN,421,0,-120,-2.0,0,10,6593.0,6713.0,0.0,120.0,163,True,0,330.0
cluster_14,GREEN,421,1,-120,-2.0,0,9,6444.8,6575.1,0.0,130.3,164,True,0,330.0
cluster_14,GREEN,BLUE,0,-120,-2.0,0,0,5.5,9.5,0.0,4.0,5,True,0,330.0
cluster_14,GREEN,GREEN,0,-120,-2.0,49,0,1033.0,283.0,750.0,0.0,116,True,0,330.0
cluster_14,GREEN,GREEN,1,-120,-2.0,1,0,937.5,1577.0,0.0,639.5,114,True,0,330.0
cluster_14,GREEN,ORANGE,0,-120,-2.0,0,0,254.0,252.5,1.5,0.0,18,True,0,330.0
cluster_14,GREEN,ORANGE,1,-120,-2.0,0,0,326.5,338.5,0.0,12.0,14,True,0,330.0
cluster_14,ORANGE,GREEN,1,-120,-2.0,0,0,149.5,151.5,0.0,2.0,14,True,0,330.0
cluster_14,RED,GREEN,1,-120,-2.0,0,0,17.0,13.0,4.0,0.0,2,True,0,330.0
cluster_168,020,GREEN,1,-120,-2.0,0,61,6940.8,7795.2,0.0,854.4,736,True,0,330.0
cluster_168,213,GREEN,1,-120,-2.0,0,7,952.2,1060.2,0.0,108.0,126,True,0,330.0
cluster_168,233,GREEN,1,-120,-2.0,74,0,5020.0,4851.0,169.0,0.0,403,True,0,330.0
cluster_168,GREEN,020,0,-120,-2.0,0,17,1110.0,1220.0,0.0,110.0,115,True,0,330.0
cluster_168,GREEN,020,1,-120,-2.0,2,0,664.7,721.0,0.0,56.3,120,True,0,330.0
cluster_168,GREEN,213,0,-120,-2.0,0,0,2108.1,2220.1,0.0,112.0,114,True,0,330.0
cluster_168,GREEN,213,1,-120,-2.0,6,0,2472.5,2375.8,96.7,0.0,117,True,0,330.0
cluster_168,GREEN,233,0,-120,-2.0,23,0,2515.7,1760.3,755.4,0.0,116,True,0,330.0
cluster_168,GREEN,233,1,-120,-2.0,2,0,1570.5,1609.5,0.0,39.0,117,True,0,330.0
cluster_168,GREEN,GREEN,0,-120,-2.0,1,0,137.0,233.0,0.0,96.0,59,True,0,330.0
cluster_168,GREEN,GREEN,1,-120,-2.0,0,0,894.0,776.0,118.0,0.0,59,True,0,330.0
cluster_168,GREEN,ORANGE,0,-120,-2.0,0,48,1618.5,1736.5,0.0,118.0,121,True,0,330.0
cluster_168,GREEN,ORANGE,1,-120,-2.0,0,0,1356.5,1470.5,0.0,114.0,120,True,0,330.0
cluster_168,ORANGE,GREEN,1,-120,-2.0,0,48,522.0,1255.5,0.0,733.5,117,True,0,330.0
cluster_225,218,GREEN,1,-120,-2.0,0,20,426.0,742.0,0.0,316.0,67,True,0,330.0
cluster_225,220,GREEN,1,-120,-2.0,3,0,3474.5,3221.5,253.0,0.0,325,True,0,330.0
cluster_225,GREEN,218,0,-120,-2.0,0,20,2169.5,2225.5,0.0,56.0,116,True,0,330.0
cluster_225,GREEN,218,1,-120,-2.0,0,0,2107.0,2166.0,0.0,59.0,118,True,0,330.0
cluster_225,GREEN,220,0,-120,-2.0,0,2,2195.0,2309.0,0.0,114.0,114,True,0,330.0
cluster_225,GREEN,220,1,-120,-2.0,0,2,1962.3,1991.1,0.0,28.9,111,True,0,330.0
cluster_225,GREEN,GREEN,0,-120,-2.0,2,0,568.0,636.0,0.0,68.0,59,True,0,330.0
cluster_225,GREEN,GREEN,1,-120,-2.0,1,0,483.5,367.5,116.0,0.0,58,True,0,330.0
cluster_23,001,GREEN,1,-120,-2.0,3,0,21316.5,21019.5,297.0,0.0,2002,True,0,330.0
cluster_23,023,GREEN,1,-120,-2.0,0,26,6867.9,5725.9,1142.0,0.0,920,True,0,330.0
cluster_23,057,GREEN,1,-120,-2.0,8,0,4060.7,3162.7,898.0,0.0,449,True,0,330.0
cluster_23,101,GREEN,1,-120,-2.0,29,0,4138.2,3682.3,455.9,0.0,362,True,0,330.0
cluster_23,122,GREEN,1,-120,-2.0,64,0,4905.1,4147.1,758.0,0.0,379,True,0,330.0
cluster_23,213,GREEN,1,-120,-2.0,7,0,2525.1,2319.1,206.0,0.0,252,True,0,330.0
cluster_23,219,GREEN,1,-120,-2.0,51,0,3704.8,3154.8,550.0,0.0,275,True,0,330.0
cluster_23,230,GREEN,1,-120,-2.0,0,20,4425.6,4270.6,155.0,0.0,512,True,0,330.0
cluster_23,306,GREEN,1,-120,-2.0,1,0,461.0,397.0,64.0,0.0,42,True,0,330.0
cluster_23,422,GREEN,1,-120,-2.0,0,40,2300.0,2545.0,0.0,245.0,280,True,0,330.0
cluster_23,423,GREEN,1,-120,-2.0,1,0,614.0,506.0,108.0,0.0,54,True,0,330.0
cluster_23,GREEN,001,0,-120,-2.0,0,0,363.9,337.6,26.3,0.0,114,True,0,330.0
cluster_23,GREEN,001,1,-120,-2.0,0,0,284.7,301.9,0.0,17.3,115,True,0,330.0
cluster_23,GREEN,023,0,-120,-2.0,0,1,735.2,845.3,0.0,110.1,117,True,0,330.0
cluster_23,GREEN,023,1,-120,-2.0,0,9,692.4,781.5,0.0,89.1,115,True,0,330.0
cluster_23,GREEN,057,0,-120,-2.0,1,0,829.1,899.5,0.0,70.3,116,True,0,330.0
cluster_23,GREEN,057,1,-120,-2.0,0,0,743.0,844.7,0.0,101.7,115,True,0,330.0
cluster_23,GREEN,101,0,-120,-2.0,5,0,1175.0,1130.5,44.5,0.0,116,True,0,330.0
cluster_23,GREEN,101,1,-120,-2.0,11,0,1330.0,1128.0,202.0,0.0,111,True,0,330.0
cluster_23,GREEN,122,0,-120,-2.0,15,0,950.3,713.4,236.9,0.0,117,True,0,330.0
cluster_23,GREEN,213,0,-120,-2.0,1,0,1733.6,1811.1,0.0,77.5,112,True,0,330.0
cluster_23,GREEN,213,1,-120,-2.0,5,0,2239.1,1914.2,324.9,0.0,115,True,0,330.0
cluster_23,GREEN,219,0,-120,-2.0,12,0,2966.5,2363.0,603.5,0.0,114,True,0,330.0
cluster_23,GREEN,219,1,-120,-2.0,0,0,2132.5,2240.0,0.0,107.5,113,True,0,330.0
cluster_23,GREEN,230,0,-120,-2.0,0,7,1474.5,1521.8,0.0,47.3,113,True,0,330.0
cluster_23,GREEN,230,1,-120,-2.0,0,0,1558.0,1656.5,0.0,98.5,111,True,0,330.0
cluster_23,GREEN,306,0,-120,-2.0,1,0,4071.0,4127.0,0.0,56.0,79,True,0,330.0
cluster_23,GREEN,306,1,-120,-2.0,0,1,4143.5,4221.5,0.0,78.0,78,True,0,330.0
cluster_23,GREEN,422,0,-120,-2.0,0,0,59.5,139.5,0.0,80.0,79,True,0,330.0
cluster_23,GREEN,423,0,-120,-2.0,1,0,641.0,697.0,0.0,56.0,80,True,0,330.0
cluster_23,GREEN,GREEN,0,-120,-2.0,0,0,81.0,193.0,0.0,112.0,56,True,0,330.0
cluster_23,GREEN,GREEN,1,-120,-2.0,0,1,857.5,776.0,81.5,0.0,55,True,0,330.0
cluster_23,GREEN,ORANGE,0,-120,-2.0,0,49,1712.5,1830.5,0.0,118.0,116,True,0,330.0
cluster_23,GREEN,ORANGE,1,-120,-2.0,0,0,1217.0,1327.0,0.0,110.0,114,True,0,330.0
cluster_23,GREEN,TRE,0,-120,-2.0,2,0,1962.0,2005.0,0.0,43.0,104,True,0,330.0
cluster_23,GREEN,TRE,1,-120,-2.0,0,0,2527.0,2635.0,0.0,108.0,109,True,0,330.0
cluster_23,ORANGE,GREEN,1,-120,-2.0,0,49,431.5,1187.5,0.0,756.0,112,True,0,330.0
cluster_23,TRE,GREEN,1,-120,-2.0,2,0,609.0,497.0,112.0,0.0,56,True,0,330.0
cluster_25,001,GREEN,1,-120,-2.0,4,0,4325.6,4365.6,0.0,40.0,435,True,0,330.0
cluster_25,013,GREEN,1,-120,-2.0,21,0,1003.0,795.0,208.0,0.0,114,True,0,330.0
cluster_25,023,GREEN,1,-120,-2.0,6,0,1196.0,962.0,234.0,0.0,117,True,0,330.0
cluster_25,104,GREEN,1,-120,-2.0,0,38,5568.1,5601.1,0.0,33.0,598,True,0,330.0
cluster_25,216,GREEN,1,-120,-2.0,4,0,551.0,560.0,0.0,9.0,54,True,0,330.0
cluster_25,GREEN,001,0,-120,-2.0,10,0,981.6,920.9,60.7,0.0,116,True,0,330.0
cluster_25,GREEN,001,1,-120,-2.0,1,0,800.3,784.0,16.3,0.0,116,True,0,330.0
cluster_25,GREEN,013,0,-120,-2.0,0,0,1680.5,1792.5,0.0,112.0,114,True,0,330.0
cluster_25,GREEN,013,1,-120,-2.0,21,0,1105.0,780.0,325.0,0.0,113,True,0,330.0
cluster_25,GREEN,023,0,-120,-2.0,4,0,1567.5,1567.5,0.0,0.0,118,True,0,330.0
cluster_25,GREEN,023,1,-120,-2.0,4,0,803.5,792.5,11.0,0.0,116,True,0,330.0
cluster_25,GREEN,104,0,-120,-2.0,6,0,1269.6,1173.1,96.5,0.0,113,True,0,330.0
cluster_25,GREEN,104,1,-120,-2.0,0,0,1167.3,1259.0,0.0,91.7,114,True,0,330.0
cluster_25,GREEN,216,0,-120,-2.0,6,0,2634.5,2564.5,70.0,0.0,111,True,0,330.0
cluster_25,GREEN,216,1,-120,-2.0,0,3,2739.0,2765.0,0.0,26.0,115,True,0,330.0
cluster_25,GREEN,GREEN,0,-120,-2.0,1,0,804.5,900.5,0.0,96.0,58,True,0,330.0
cluster_25,GREEN,GREEN,1,-120,-2.0,0,48,218.5,1092.5,0.0,874.0,58,True,0,330.0
cluster_29,018,GREEN,1,-120,-2.0,0,58,2607.3,3178.6,0.0,571.3,347,True,0,330.0
cluster_29,023,GREEN,1,-120,-2.0,1,0,4359.4,3749.8,609.6,0.0,349,True,0,330.0
cluster_29,214,GREEN,1,-120,-2.0,0,43,4478.3,5623.3,0.0,1145.0,415,True,0,330.0
cluster_29,BLUE,GREEN,1,-120,-2.0,0,0,26.5,22.5,4.0,0.0,2,True,0,330.0
cluster_29,GREEN,018,0,-120,-2.0,0,1,882.2,993.1,0.0,110.9,116,True,0,330.0
cluster_29,GREEN,018,1,-120,-2.0,0,17,923.2,1039.2,0.0,116.0,116,True,0,330.0
cluster_29,GREEN,023,0,-120,-2.0,0,1,936.6,1054.0,0.0,117.4,119,True,0,330.0
cluster_29,GREEN,023,1,-120,-2.0,0,0,929.3,1037.7,0.0,108.3,117,True,0,330.0
cluster_29,GREEN,214,0,-120,-2.0,9,0,1741.2,1509.4,231.9,0.0,115,True,0,330.0
cluster_29,GREEN,214,1,-120,-2.0,0,8,1808.5,1915.5,0.0,106.9,113,True,0,330.0
cluster_29,GREEN,BLUE,0,-120,-2.0,0,0,23.0,27.0,0.0,4.0,2,True,0,330.0
cluster_29,GREEN,GREEN,0,-120,-2.0,5,0,606.5,572.5,34.0,0.0,58,True,0,330.0
cluster_29,GREEN,GREEN,1,-120,-2.0,4,0,518.5,402.5,116.0,0.0,58,True,0,330.0
cluster_29,GREEN,ORANGE,0,-120,-2.0,0,0,155.5,165.5,0.0,10.0,8,True,0,330.0
cluster_29,GREEN,ORANGE,1,-120,-2.0,0,0,131.0,137.0,0.0,6.0,7,True,0,330.0
cluster_29,ORANGE,GREEN,1,-120,-2.0,0,0,75.5,61.5,14.0,0.0,7,True,0,330.0
cluster_29,RED,GREEN,1,-120,-2.0,0,0,29.5,27.5,2.0,0.0,1,True,0,330.0
cluster_303,030,GREEN,1,-120,-2.0,135,0,8140.1,8306.2,0.0,166.1,522,True,0,330.0
cluster_303,218,GREEN,1,-120,-2.0,0,2,9633.3,9575.3,58.0,0.0,904,True,0,330.0
cluster_303,GREEN,030,0,-120,-2.0,53,0,1752.5,888.8,863.7,0.0,116,True,0,330.0
cluster_303,GREEN,030,1,-120,-2.0,28,0,1146.6,714.2,432.4,0.0,118,True,0,330.0
cluster_303,GREEN,218,0,-120,-2.0,0,0,1175.0,1254.3,0.0,79.3,117,True,0,330.0
cluster_303,GREEN,218,1,-120,-2.0,10,0,1682.8,1503.8,179.0,0.0,117,True,0,330.0
cluster_303,GREEN,GREEN,0,-120,-2.0,51,0,1097.0,155.0,942.0,0.0,59,True,0,330.0
cluster_303,GREEN,GREEN,1,-120,-2.0,0,0,982.0,864.0,118.0,0.0,59,True,0,330.0
cluster_357,015,GREEN,1,-120,-2.0,0,4,2256.3,1951.3,305.0,0.0,236,True,0,330.0
cluster_357,038,GREEN,1,-120,-2.0,0,26,771.5,1100.5,0.0,329.0,115,True,0,330.0
cluster_357,GREEN,015,0,-120,-2.0,1,0,1222.7,1310.7,0.0,88.0,118,True,0,330.0
cluster_357,GREEN,015,1,-120,-2.0,2,0,1029.1,1057.1,0.0,28.0,118,True,0,330.0
cluster_357,GREEN,038,0,-120,-2.0,0,0,745.0,863.0,0.0,118.0,117,True,0,330.0
cluster_357,GREEN,038,1,-120,-2.0,2,0,1347.0,1420.0,0.0,73.0,118,True,0,330.0
cluster_357,GREEN,GREEN,0,-120,-2.0,0,0,509.0,627.0,0.0,118.0,59,True,0,330.0
cluster_357,GREEN,GREEN,1,-120,-2.0,1,0,537.0,419.0,118.0,0.0,59,True,0,330.0
cluster_38,013,GREEN,1,-120,-2.0,8,0,7044.5,5569.0,1475.5,0.0,861,True,0,330.0
cluster_38,216,GREEN,1,-120,-2.0,61,0,9965.2,9351.2,614.0,0.0,837,True,0,330.0
cluster_38,GREEN,013,0,-120,-2.0,1,0,636.4,731.0,0.0,94.6,115,True,0,330.0
cluster_38,GREEN,013,1,-120,-2.0,5,0,745.9,738.1,7.8,0.0,115,True,0,330.0
cluster_38,GREEN,216,0,-120,-2.0,3,0,1577.6,1546.5,31.1,0.0,112,True,0,330.0
cluster_38,GREEN,216,1,-120,-2.0,1,0,1909.3,1973.2,0.0,63.9,116,True,0,330.0
cluster_38,GREEN,GREEN,0,-120,-2.0,0,0,190.5,306.5,0.0,116.0,58,True,0,330.0
cluster_38,GREEN,GREEN,1,-120,-2.0,0,2,802.5,746.5,56.0,0.0,58,True,0,330.0
cluster_456,227,GREEN,1,-120,-2.0,0,3,1799.6,1759.6,40.0,0.0,165,True,0,330.0
cluster_456,233,GREEN,1,-120,-2.0,4,0,1355.8,1241.8,114.0,0.0,157,True,0,330.0
cluster_456,GREEN,227,0,-120,-2.0,3,0,1891.6,1835.3,56.4,0.0,118,True,0,330.0
cluster_456,GREEN,227,1,-120,-2.0,0,6,1698.7,1790.3,0.0,91.6,116,True,0,330.0
cluster_456,GREEN,233,0,-120,-2.0,0,0,2117.1,2233.1,0.0,116.0,116,True,0,330.0
cluster_456,GREEN,233,1,-120,-2.0,5,0,1834.0,1793.6,40.4,0.0,117,True,0,330.0
cluster_456,GREEN,GREEN,0,-120,-2.0,46,0,1082.0,210.0,872.0,0.0,60,True,0,330.0
cluster_456,GREEN,GREEN,1,-120,-2.0,51,0,1019.0,930.5,88.5,0.0,60,True,0,330.0
cluster_827,229,GREEN,1,-120,-2.0,0,23,2243.9,2684.5,0.0,440.6,231,True,0,330.0
cluster_827,GREEN,229,0,-120,-2.0,0,1,1999.5,2014.6,0.0,15.2,117,True,0,330.0
cluster_827,GREEN,229,1,-120,-2.0,0,15,1880.1,1987.0,0.0,106.9,114,True,0,330.0
cluster_827,GREEN,GREEN,0,-120,-2.0,0,0,617.0,687.0,0.0,70.0,60,True,0,330.0
cluster_827,GREEN,GREEN,1,-120,-2.0,1,0,494.5,394.5,100.0,0.0,60,True,0,330.0
cluster_827,GREEN,SILVER,0,-120,-2.0,0,8,2646.0,2762.0,0.0,116.0,116,True,0,330.0
cluster_827,GREEN,SILVER,1,-120,-2.0,7,0,3046.5,2952.5,94.0,0.0,115,True,0,330.0
cluster_827,SILVER,GREEN,1,-120,-2.0,0,1,588.5,630.5,0.0,42.0,59,True,0,330.0
cluster_876,GREEN,GREEN,0,-120,-2.0,0,0,687.0,799.0,0.0,112.0,56,True,0,330.0
cluster_876,GREEN,GREEN,1,-120,-2.0,0,0,272.0,160.0,112.0,0.0,56,True,0,330.0
cluster_876,GREEN,ORANGE,0,-120,-2.0,0,1,1291.5,1409.5,0.0,118.0,116,True,0,330.0
cluster_876,GREEN,ORANGE,1,-120,-2.0,0,0,1650.5,1760.5,0.0,110.0,113,True,0,330.0
cluster_876,GREEN,TRE,0,-120,-2.0,0,9,2235.5,2337.5,0.0,102.0,103,True,0,330.0
cluster_876,GREEN,TRE,1,-120,-2.0,0,0,2763.5,2871.5,0.0,108.0,109,True,0,330.0
cluster_876,ORANGE,GREEN,1,-120,-2.0,0,1,862.5,659.5,203.0,0.0,113,True,0,330.0
cluster_876,TRE,GREEN,1,-120,-2.0,0,9,433.0,501.0,0.0,68.0,56,True,0,330.0
cluster_9,001,GREEN,1,-120,-2.0,0,48,6013.1,6270.1,0.0,257.0,1154,True,0,330.0
cluster_9,003,GREEN,1,-120,-2.0,18,0,10131.0,10149.6,0.0,18.6,1869,True,0,330.0
cluster_9,009,GREEN,1,-120,-2.0,53,0,6038.2,5732.0,306.2,0.0,1140,True,0,330.0
cluster_9,013,GREEN,1,-120,-2.0,0,66,4502.6,4142.4,360.2,0.0,1197,True,0,330.0
cluster_9,016,GREEN,1,-120,-2.0,0,161,2883.3,4913.0,0.0,2029.7,678,True,0,330.0
cluster_9,018,GREEN,1,-120,-2.0,8,0,4039.0,3150.5,888.5,0.0,635,True,0,330.0
cluster_9,102,GREEN,1,-120,-2.0,0,61,3627.3,4305.2,0.0,677.9,767,True,0,330.0
cluster_9,103,GREEN,1,-120,-2.0,10,0,3394.0,3604.6,0.0,210.6,530,True,0,330.0
cluster_9,106,GREEN,1,-120,-2.0,79,0,7480.6,7996.6,0.0,516.0,1012,True,0,330.0
cluster_9,109,GREEN,1,-120,-2.0,0,16,4960.6,4802.4,158.3,0.0,786,True,0,330.0
cluster_9,128,GREEN,1,-120,-2.0,69,0,6395.5,5729.5,666.0,0.0,990,True,0,330.0
cluster_9,145,GREEN,1,-120,-2.0,0,4,5263.8,5573.5,0.0,309.8,833,True,0,330.0
cluster_9,147,GREEN,1,-120,-2.0,34,0,5762.5,5385.5,377.0,0.0,828,True,0,330.0
cluster_9,205,GREEN,1,-120,-2.0,0,49,1945.9,2374.9,0.0,429.0,372,True,0,330.0
cluster_9,207,GREEN,1,-120,-2.0,41,0,3989.2,3758.9,230.3,0.0,719,True,0,330.0
cluster_9,214,GREEN,1,-120,-2.0,0,4,2781.2,2968.8,0.0,187.6,639,True,0,330.0
cluster_9,224,GREEN,1,-120,-2.0,0,29,2643.4,3127.4,0.0,484.0,460,True,0,330.0
cluster_9,230,GREEN,1,-120,-2.0,0,25,3560.3,4072.3,0.0,512.0,550,True,0,330.0
cluster_9,237,GREEN,1,-120,-2.0,12,0,3480.0,3288.0,192.0,0.0,685,True,0,330.0
cluster_9,239,GREEN,1,-120,-2.0,9,0,2770.9,2189.9,581.0,0.0,533,True,0,330.0
cluster_9,249,GREEN,1,-120,-2.0,0,7,2134.0,2098.2,35.9,0.0,379,True,0,330.0
cluster_9,306,GREEN,1,-120,-2.0,24,0,3232.3,2576.3,656.0,0.0,668,True,0,330.0
cluster_9,308,GREEN,1,-120,-2.0,0,24,5490.6,6072.6,0.0,582.0,1046,True,0,330.0
cluster_9,421,GREEN,1,-120,-2.0,0,10,187.0,266.0,0.0,79.0,42,True,0,330.0
cluster_9,425,GREEN,1,-120,-2.0,0,27,5279.2,5477.2,0.0,198.0,1032,True,0,330.0
cluster_9,620,GREEN,1,-120,-2.0,0,0,596.0,482.0,114.0,0.0,110,True,0,330.0
cluster_9,BLUE,GREEN,1,-120,-2.0,0,49,2730.0,2852.0,0.0,122.0,595,True,0,330.0
cluster_9,GREEN,001,0,-120,-2.0,0,4,1483.7,1566.6,0.0,82.9,456,True,0,330.0
cluster_9,GREEN,001,1,-120,-2.0,0,0,1307.0,1337.6,0.0,30.6,467,True,0,330.0
cluster_9,GREEN,003,0,-120,-2.0,4,0,973.6,907.0,66.6,0.0,468,True,0,330.0
cluster_9,GREEN,003,1,-120,-2.0,0,0,720.2,722.7,0.0,2.5,461,True,0,330.0
cluster_9,GREEN,009,0,-120,-2.0,0,0,1825.8,1793.0,32.8,0.0,458,True,0,330.0
cluster_9,GREEN,009,1,-120,-2.0,0,4,2194.3,2192.6,1.7,0.0,456,True,0,330.0
cluster_9,GREEN,013,0,-120,-2.0,12,0,2855.6,2514.9,340.7,0.0,461,True,0,330.0
cluster_9,GREEN,013,1,-120,-2.0,1,0,1244.6,1677.2,0.0,432.6,460,True,0,330.0
cluster_9,GREEN,016,0,-120,-2.0,7,0,2813.2,2578.2,234.9,0.0,462,True,0,330.0
cluster_9,GREEN,016,1,-120,-2.0,1,0,2894.6,2456.9,437.6,0.0,454,True,0,330.0
cluster_9,GREEN,018,0,-120,-2.0,0,9,1660.7,2027.8,0.0,367.1,462,True,0,330.0
cluster_9,GREEN,018,1,-120,-2.0,0,1,2103.9,2516.8,0.0,412.8,463,True,0,330.0
cluster_9,GREEN,102,0,-120,-2.0,1,0,3651.7,3442.0,209.7,0.0,452,True,0,330.0
cluster_9,GREEN,102,1,-120,-2.0,14,0,3676.8,3482.6,194.2,0.0,455,True,0,330.0
cluster_9,GREEN,103,0,-120,-2.0,9,0,3495.7,3228.8,266.8,0.0,445,True,0,330.0
cluster_9,GREEN,103,1,-120,-2.0,0,2,3360.1,3376.2,0.0,16.2,448,True,0,330.0
cluster_9,GREEN,106,0,-120,-2.0,13,0,3825.3,3696.8,128.5,0.0,464,True,0,330.0
cluster_9,GREEN,106,1,-120,-2.0,0,8,3451.0,3668.2,0.0,217.2,460,True,0,330.0
cluster_9,GREEN,109,0,-120,-2.0,0,14,3353.0,3580.5,0.0,227.5,464,True,0,330.0
cluster_9,GREEN,109,1,-120,-2.0,0,0,3858.0,3776.8,81.2,0.0,455,True,0,330.0
cluster_9,GREEN,128,0,-120,-2.0,0,1,3783.2,3918.1,0.0,134.9,467,True,0,330.0
cluster_9,GREEN,128,1,-120,-2.0,0,4,4013.2,4045.2,0.0,32.0,461,True,0,330.0
cluster_9,GREEN,145,0,-120,-2.0,0,13,3365.0,3568.7,0.0,203.7,464,True,0,330.0
cluster_9,GREEN,145,1,-120,-2.0,23,0,3664.7,3426.3,238.4,0.0,455,True,0,330.0
cluster_9,GREEN,147,0,-120,-2.0,4,0,2977.4,3006.0,0.0,28.5,464,True,0,330.0
cluster_9,GREEN,147,1,-120,-2.0,6,0,2981.4,2987.1,0.0,5.7,453,True,0,330.0
cluster_9,GREEN,205,0,-120,-2.0,9,0,6757.6,6616.4,141.2,0.0,464,True,0,330.0
cluster_9,GREEN,205,1,-120,-2.0,0,0,6168.2,6144.2,24.0,0.0,458,True,0,330.0
cluster_9,GREEN,207,0,-120,-2.0,0,5,6223.6,6327.3,0.0,103.7,445,True,0,330.0
cluster_9,GREEN,207,1,-120,-2.0,0,12,8347.9,8663.8,0.0,315.9,445,True,0,330.0
cluster_9,GREEN,214,0,-120,-2.0,9,0,4931.1,4639.6,291.6,0.0,459,True,0,330.0
cluster_9,GREEN,214,1,-120,-2.0,3,0,5860.8,5610.6,250.1,0.0,449,True,0,330.0
cluster_9,GREEN,224,0,-120,-2.0,6,0,3130.3,3112.8,17.4,0.0,459,True,0,330.0
cluster_9,GREEN,224,1,-120,-2.0,6,0,8896.5,8707.5,189.0,0.0,440,True,0,330.0
cluster_9,GREEN,230,0,-120,-2.0,1,0,5037.1,5224.3,0.0,187.2,455,True,0,330.0
cluster_9,GREEN,230,1,-120,-2.0,8,0,5557.7,5404.2,153.5,0.0,448,True,0,330.0
cluster_9,GREEN,237,0,-120,-2.0,0,14,5584.3,5849.5,0.0,265.2,444,True,0,330.0
cluster_9,GREEN,237,1,-120,-2.0,2,0,4533.8,4402.6,131.2,0.0,444,True,0,330.0
cluster_9,GREEN,239,0,-120,-2.0,0,14,5537.2,5875.0,0.0,337.8,447,True,0,330.0
cluster_9,GREEN,239,1,-120,-2.0,0,4,6329.4,6624.1,0.0,294.7,441,True,0,330.0
cluster_9,GREEN,249,0,-120,-2.0,0,17,6588.0,6834.4,0.0,246.5,444,True,0,330.0
cluster_9,GREEN,249,1,-120,-2.0,2,0,5540.5,5701.6,0.0,161.1,445,True,0,330.0
cluster_9,GREEN,306,0,-120,-2.0,0,3,14331.9,14220.9,111.0,0.0,320,True,0,330.0
cluster_9,GREEN,306,1,-120,-2.0,1,0,13904.3,14079.2,0.0,174.9,319,True,0,330.0
cluster_9,GREEN,308,0,-120,-2.0,0,0,22167.8,22297.5,0.0,129.8,329,True,0,330.0
cluster_9,GREEN,308,1,-120,-2.0,0,1,16847.6,17001.3,0.0,153.7,348,True,0,330.0
cluster_9,GREEN,421,0,-120,-2.0,0,0,14450.0,14500.0,0.0,50.0,322,True,0,330.0
cluster_9,GREEN,421,1,-120,-2.0,0,9,14574.0,14868.0,0.0,294.0,323,True,0,330.0
cluster_9,GREEN,425,0,-120,-2.0,2,0,1129.5,1140.8,0.0,11.2,336,True,0,330.0
cluster_9,GREEN,425,1,-120,-2.0,1,0,654.1,612.0,42.0,0.0,353,True,0,330.0
cluster_9,GREEN,620,0,-120,-2.0,0,1,4058.5,4490.5,0.0,432.0,428,True,0,330.0
cluster_9,GREEN,620,1,-120,-2.0,0,51,4054.0,4466.0,0.0,412.0,424,True,0,330.0
cluster_9,GREEN,BLUE,0,-120,-2.0,0,1,2547.5,2280.5,267.0,0.0,476,True,0,330.0
cluster_9,GREEN,BLUE,1,-120,-2.0,0,0,1220.0,1659.0,0.0,439.0,467,True,0,330.0
cluster_9,GREEN,GREEN,0,-120,-2.0,1,0,484.5,765.0,0.0,280.5,228,True,0,330.0
cluster_9,GREEN,GREEN,1,-120,-2.0,52,0,1933.5,1547.5,386.0,0.0,228,True,0,330.0
cluster_9,GREEN,ORANGE,0,-120,-2.0,2,0,2726.5,2790.5,0.0,64.0,467,True,0,330.0
cluster_9,GREEN,ORANGE,1,-120,-2.0,0,51,2514.0,2954.0,0.0,440.0,452,True,0,330.0
cluster_9,GREEN,RED,0,-120,-2.0,0,3,1479.0,1909.5,0.0,430.5,464,True,0,330.0
cluster_9,GREEN,RED,1,-120,-2.0,0,1,1741.0,1871.5,0.0,130.5,464,True,0,330.0
cluster_9,GREEN,TRE,0,-120,-2.0,0,0,8714.0,8852.0,0.0,138.0,415,True,0,330.0
cluster_9,GREEN,TRE,1,-120,-2.0,0,9,9227.0,9667.0,0.0,440.0,441,True,0,330.0
cluster_9,ORANGE,GREEN,1,-120,-2.0,0,2,1983.0,2237.0,0.0,254.0,454,True,0,330.0
cluster_9,RED,GREEN,1,-120,-2.0,2,0,3733.0,3502.5,230.5,0.0,576,True,0,330.0
cluster_9,TRE,GREEN,1,-120,-2.0,0,9,321.0,353.0,0.0,32.0,56,True,0,330.0
cluster_924,GREEN,GREEN,0,-120,-2.0,0,45,802.0,922.0,0.0,120.0,60,True,0,330.0
cluster_924,GREEN,GREEN,1,-120,-2.0,0,47,210.0,1030.0,0.0,820.0,60,True,0,330.0
cluster_925,232,GREEN,1,-120,-2.0,0,4,547.5,605.5,0.0,58.0,66,True,0,330.0
cluster_925,GREEN,232,0,-120,-2.0,0,1,2050.0,2162.0,0.0,112.0,113,True,0,330.0
cluster_925,GREEN,232,1,-120,-2.0,0,3,2074.5,2028.5,46.0,0.0,112,True,0,330.0
cluster_925,GREEN,GREEN,0,-120,-2.0,0,1,187.0,307.0,0.0,120.0,60,True,0,330.0
cluster_925,GREEN,GREEN,1,-120,-2.0,0,1,850.0,756.5,93.5,0.0,60,True,0,330.0
cluster_926,233,GREEN,1,-120,-2.0,12,0,672.0,544.0,128.0,0.0,64,True,0,330.0
cluster_926,GREEN,233,0,-120,-2.0,5,0,2501.5,2466.5,35.0,0.0,117,True,0,330.0
cluster_926,GREEN,233,1,-120,-2.0,7,0,2288.0,2103.0,185.0,0.0,116,True,0,330.0
cluster_926,GREEN,GREEN,0,-120,-2.0,0,2,424.5,542.5,0.0,118.0,59,True,0,330.0
cluster_926,GREEN,GREEN,1,-120,-2.0,0,0,623.0,508.5,114.5,0.0,59,True,0,330.0
cluster_927,GREEN,GREEN,0,-120,-2.0,0,0,669.5,764.5,0.0,95.0,59,True,0,330.0
cluster_927,GREEN,GREEN,1,-120,-2.0,1,0,376.5,258.5,118.0,0.0,59,True,0,330.0
cluster_928,005,GREEN,1,-120,-2.0,0,16,1563.0,1640.0,0.0,77.0,149,True,0,330.0
cluster_928,103,GREEN,1,-120,-2.0,6,0,822.0,944.0,0.0,122.0,87,True,0,330.0
cluster_928,207,GREEN,1,-120,-2.0,1,0,1107.3,975.3,132.0,0.0,106,True,0,330.0
cluster_928,GREEN,005,0,-120,-2.0,0,0,872.5,988.5,0.0,116.0,116,True,0,330.0
cluster_928,GREEN,005,1,-120,-2.0,0,15,915.5,971.5,0.0,56.0,116,True,0,330.0
cluster_928,GREEN,103,0,-120,-2.0,7,0,1547.5,1242.5,305.0,0.0,110,True,0,330.0
cluster_928,GREEN,103,1,-120,-2.0,0,1,1395.5,1507.5,0.0,112.0,111,True,0,330.0
cluster_928,GREEN,207,0,-120,-2.0,0,1,2213.3,2319.1,0.0,105.8,109,True,0,330.0
cluster_928,GREEN,207,1,-120,-2.0,2,0,2339.1,2368.9,0.0,29.8,110,True,0,330.0
cluster_928,GREEN,GREEN,0,-120,-2.0,0,48,877.0,959.0,0.0,82.0,56,True,0,330.0
cluster_928,GREEN,GREEN,1,-120,-2.0,0,0,1077.5,967.5,110.0,0.0,55,True,0,330.0
cluster_928,GREEN,ORANGE,0,-120,-2.0,0,0,1526.5,1644.5,0.0,118.0,116,True,0,330.0
cluster_928,GREEN,ORANGE,1,-120,-2.0,0,0,1363.0,1473.0,0.0,110.0,114,True,0,330.0
cluster_928,ORANGE,GREEN,1,-120,-2.0,0,0,659.5,435.5,224.0,0.0,112,True,0,330.0
cluster_929,306,GREEN,1,-120,-2.0,4,0,386.0,302.0,84.0,0.0,42,True,0,330.0
cluster_929,GREEN,306,0,-120,-2.0,2,0,4004.5,4037.5,0.0,33.0,79,True,0,330.0
cluster_929,GREEN,306,1,-120,-2.0,1,0,3804.5,3852.5,0.0,48.0,78,True,0,330.0
cluster_929,GREEN,GREEN,0,-120,-2.0,0,0,351.0,463.0,0.0,112.0,56,True,0,330.0
cluster_929,GREEN,GREEN,1,-120,-2.0,0,0,608.0,496.0,112.0,0.0,56,True,0,330.0
cluster_929,GREEN,ORANGE,0,-120,-2.0,0,2,1002.5,1120.5,0.0,118.0,116,True,0,330.0
cluster_929,GREEN,ORANGE,1,-120,-2.0,0,0,922.0,1032.0,0.0,110.0,114,True,0,330.0
cluster_929,ORANGE,GREEN,1,-120,-2.0,0,2,1126.5,954.5,172.0,0.0,113,True,0,330.0
cluster_107,207,GREEN,1,60,1.0,9,0,3193.5,3183.5,10.0,0.0,339,True,0,240.0
cluster_107,213,GREEN,1,60,1.0,8,0,3912.7,4030.7,0.0,118.0,378,True,0,240.0
cluster_107,GREEN,207,0,60,1.0,1,0,2346.1,2294.2,51.9,0.0,109,True,0,240.0
cluster_107,GREEN,207,1,60,1.0,2,0,2218.3,2167.5,50.8,0.0,110,True,0,240.0
cluster_107,GREEN,213,0,60,1.0,0,1,1723.6,1698.7,24.9,0.0,112,True,0,240.0
cluster_107,GREEN,213,1,60,1.0,4,0,2092.3,2036.5,55.8,0.0,114,True,0,240.0
cluster_107,GREEN,GREEN,0,60,1.0,0,0,460.5,405.5,55.0,0.0,55,True,0,240.0
cluster_107,GREEN,GREEN,1,60,1.0,3,0,565.0,522.0,43.0,0.0,54,True,0,240.0
cluster_107,GREEN,ORANGE,0,60,1.0,0,0,1041.5,983.5,58.0,0.0,115,True,0,240.0
cluster_107,GREEN,ORANGE,1,60,1.0,0,0,933.0,878.0,55.0,0.0,114,True,0,240.0
cluster_107,ORANGE,GREEN,1,60,1.0,0,0,1052.5,1163.5,0.0,111.0,111,True,0,240.0
cluster_14,001,GREEN,1,60,1.0,0,14,7682.4,7881.6,0.0,199.3,938,True,0,240.0
cluster_14,009,GREEN,1,60,1.0,1,0,13545.4,13849.9,0.0,304.5,1717,True,0,240.0
cluster_14,018,GREEN,1,60,1.0,0,85,12816.2,13215.0,0.0,398.7,1099,True,0,240.0
cluster_14,023,GREEN,1,60,1.0,8,0,4224.9,4501.9,0.0,277.0,585,True,0,240.0
cluster_14,214,GREEN,1,60,1.0,0,6,2117.3,2193.3,0.0,76.0,289,True,0,240.0
cluster_14,249,GREEN,1,60,1.0,7,0,5352.4,5318.9,33.5,0.0,693,True,0,240.0
cluster_14,421,GREEN,1,60,1.0,0,21,1026.1,1129.6,0.0,103.5,126,True,0,240.0
cluster_14,BLUE,GREEN,1,60,1.0,0,0,89.0,93.0,0.0,4.0,4,True,0,240.0
cluster_14,GREEN,001,0,60,1.0,1,0,739.7,798.2,0.0,58.5,230,True,0,240.0
cluster_14,GREEN,001,1,60,1.0,1,0,888.6,868.6,20.0,0.0,231,True,0,240.0
cluster_14,GREEN,009,0,60,1.0,0,0,620.8,610.1,10.7,0.0,232,True,0,240.0
cluster_14,GREEN,009,1,60,1.0,0,0,628.5,592.1,36.4,0.0,228,True,0,240.0
cluster_14,GREEN,018,0,60,1.0,0,0,447.4,409.6,37.8,0.0,231,True,0,240.0
cluster_14,GREEN,018,1,60,1.0,0,1,451.1,480.5,0.0,29.4,232,True,0,240.0
cluster_14,GREEN,023,0,60,1.0,18,0,2875.4,2757.4,118.0,0.0,235,True,0,240.0
cluster_14,GREEN,023,1,60,1.0,0,4,787.1,819.9,0.0,32.8,234,True,0,240.0
cluster_14,GREEN,214,0,60,1.0,0,1,4107.6,4193.0,0.0,85.4,229,True,0,240.0
cluster_14,GREEN,214,1,60,1.0,0,3,3377.2,3379.4,0.0,2.2,223,True,0,240.0
cluster_14,GREEN,249,0,60,1.0,4,0,2908.4,2820.1,88.3,0.0,224,True,0,240.0
cluster_14,GREEN,249,1,60,1.0,0,12,2991.0,3325.3,0.0,334.3,222,True,0,240.0
cluster_14,GREEN,421,0,60,1.0,0,0,6593.0,6511.0,82.0,0.0,163,True,0,240.0
cluster_14,GREEN,421,1,60,1.0,0,0,6444.8,6388.8,56.0,0.0,164,True,0,240.0
cluster_14,GREEN,BLUE,0,60,1.0,0,0,5.5,1.5,4.0,0.0,5,True,0,240.0
cluster_14,GREEN,GREEN,0,60,1.0,0,49,1033.0,1799.0,0.0,766.0,116,True,0,240.0
cluster_14,GREEN,GREEN,1,60,1.0,0,0,937.5,1051.5,0.0,114.0,114,True,0,240.0
cluster_14,GREEN,ORANGE,0,60,1.0,0,1,254.0,265.0,0.0,11.0,18,True,0,240.0
cluster_14,GREEN,ORANGE,1,60,1.0,0,0,326.5,320.5,6.0,0.0,14,True,0,240.0
cluster_14,ORANGE,GREEN,1,60,1.0,0,0,149.5,163.5,0.0,14.0,14,True,0,240.0
cluster_14,RED,GREEN,1,60,1.0,0,0,17.0,19.0,0.0,2.0,2,True,0,240.0
cluster_168,020,GREEN,1,60,1.0,0,17,6940.8,7226.0,0.0,285.2,736,True,0,240.0
cluster_168,213,GREEN,1,60,1.0,0,2,952.2,1058.2,0.0,106.0,126,True,0,240.0
cluster_168,233,GREEN,1,60,1.0,0,19,5020.0,5123.0,0.0,103.0,403,True,0,240.0
cluster_168,GREEN,020,0,60,1.0,0,0,1110.0,1058.9,51.1,0.0,115,True,0,240.0
cluster_168,GREEN,020,1,60,1.0,0,4,664.7,746.8,0.0,82.0,120,True,0,240.0
cluster_168,GREEN,213,0,60,1.0,0,0,2108.1,2053.2,54.9,0.0,114,True,0,240.0
cluster_168,GREEN,213,1,60,1.0,0,0,2472.5,2415.5,57.0,0.0,117,True,0,240.0
cluster_168,GREEN,233,0,60,1.0,0,0,2515.7,2461.4,54.3,0.0,116,True,0,240.0
cluster_168,GREEN,233,1,60,1.0,0,1,1570.5,1550.5,20.0,0.0,117,True,0,240.0
cluster_168,GREEN,GREEN,0,60,1.0,0,48,137.0,1056.0,0.0,919.0,59,True,0,240.0
cluster_168,GREEN,GREEN,1,60,1.0,0,50,894.0,953.0,0.0,59.0,59,True,0,240.0
cluster_168,GREEN,ORANGE,0,60,1.0,0,4,1618.5,1664.5,0.0,46.0,121,True,0,240.0
cluster_168,GREEN,ORANGE,1,60,1.0,0,0,1356.5,1300.0,56.5,0.0,120,True,0,240.0
cluster_168,ORANGE,GREEN,1,60,1.0,0,0,522.0,639.0,0.0,117.0,117,True,0,240.0
cluster_225,218,GREEN,1,60,1.0,0,0,426.0,473.0,0.0,47.0,67,True,0,240.0
cluster_225,220,GREEN,1,60,1.0,27,0,3474.5,3219.5,255.0,0.0,325,True,0,240.0
cluster_225,GREEN,218,0,60,1.0,0,1,2169.5,2141.5,28.0,0.0,116,True,0,240.0
cluster_225,GREEN,218,1,60,1.0,1,0,2107.0,2048.0,59.0,0.0,118,True,0,240.0
cluster_225,GREEN,220,0,60,1.0,6,0,2195.0,2138.0,57.0,0.0,114,True,0,240.0
cluster_225,GREEN,220,1,60,1.0,0,2,1962.3,1960.3,1.9,0.0,111,True,0,240.0
cluster_225,GREEN,GREEN,0,60,1.0,0,0,568.0,509.0,59.0,0.0,59,True,0,240.0
cluster_225,GREEN,GREEN,1,60,1.0,0,0,483.5,541.5,0.0,58.0,58,True,0,240.0
cluster_23,001,GREEN,1,60,1.0,0,2,21316.5,20915.5,401.0,0.0,2002,True,0,240.0
cluster_23,023,GREEN,1,60,1.0,0,2,6867.9,7627.9,0.0,760.0,920,True,0,240.0
cluster_23,057,GREEN,1,60,1.0,0,23,4060.7,4375.7,0.0,315.0,449,True,0,240.0
cluster_23,101,GREEN,1,60,1.0,0,8,4138.2,3978.2,160.0,0.0,362,True,0,240.0
cluster_23,122,GREEN,1,60,1.0,0,29,4905.1,4570.1,335.0,0.0,379,True,0,240.0
cluster_23,213,GREEN,1,60,1.0,7,0,2525.1,2376.1,149.0,0.0,252,True,0,240.0
cluster_23,219,GREEN,1,60,1.0,0,20,3704.8,3582.8,122.0,0.0,275,True,0,240.0
cluster_23,230,GREEN,1,60,1.0,5,0,4425.6,4566.4,0.0,140.8,512,True,0,240.0
cluster_23,306,GREEN,1,60,1.0,0,2,461.0,503.0,0.0,42.0,42,True,0,240.0
cluster_23,422,GREEN,1,60,1.0,1,0,2300.0,2555.0,0.0,255.0,280,True,0,240.0
cluster_23,423,GREEN,1,60,1.0,14,0,614.0,388.0,226.0,0.0,54,True,0,240.0
cluster_23,GREEN,001,0,60,1.0,1,0,363.9,357.6,6.3,0.0,114,True,0,240.0
cluster_23,GREEN,001,1,60,1.0,0,0,284.7,299.7,0.0,15.0,115,True,0,240.0
cluster_23,GREEN,023,0,60,1.0,1,0,735.2,682.2,53.1,0.0,117,True,0,240.0
cluster_23,GREEN,023,1,60,1.0,0,0,692.4,640.9,51.5,0.0,115,True,0,240.0
cluster_23,GREEN,057,0,60,1.0,0,0,829.1,772.7,56.4,0.0,116,True,0,240.0
cluster_23,GREEN,057,1,60,1.0,0,4,743.0,792.5,0.0,49.5,115,True,0,240.0
cluster_23,GREEN,101,0,60,1.0,0,3,1175.0,1251.9,0.0,76.9,116,True,0,240.0
cluster_23,GREEN,101,1,60,1.0,0,0,1330.0,1276.0,54.0,0.0,111,True,0,240.0
cluster_23,GREEN,122,0,60,1.0,0,2,950.3,941.6,8.7,0.0,117,True,0,240.0
cluster_23,GREEN,213,0,60,1.0,0,5,1733.6,1811.0,0.0,77.4,112,True,0,240.0
cluster_23,GREEN,213,1,60,1.0,0,0,2239.1,2188.7,50.4,0.0,115,True,0,240.0
cluster_23,GREEN,219,0,60,1.0,0,6,2966.5,3072.5,0.0,106.0,114,True,0,240.0
cluster_23,GREEN,219,1,60,1.0,0,0,2132.5,2082.4,50.1,0.0,113,True,0,240.0
cluster_23,GREEN,230,0,60,1.0,0,0,1474.5,1422.8,51.7,0.0,113,True,0,240.0
cluster_23,GREEN,230,1,60,1.0,0,1,1558.0,1530.5,27.5,0.0,111,True,0,240.0
cluster_23,GREEN,306,0,60,1.0,0,2,4071.0,4077.0,0.0,6.0,79,True,0,240.0
cluster_23,GREEN,306,1,60,1.0,0,0,4143.5,4104.5,39.0,0.0,78,True,0,240.0
cluster_23,GREEN,422,0,60,1.0,0,0,59.5,19.5,40.0,0.0,79,True,0,240.0
cluster_23,GREEN,423,0,60,1.0,0,0,641.0,601.0,40.0,0.0,80,True,0,240.0
cluster_23,GREEN,GREEN,0,60,1.0,0,49,81.0,1015.0,0.0,934.0,56,True,0,240.0
cluster_23,GREEN,GREEN,1,60,1.0,0,0,857.5,912.5,0.0,55.0,55,True,0,240.0
cluster_23,GREEN,ORANGE,0,60,1.0,0,0,1712.5,1653.5,59.0,0.0,116,True,0,240.0
cluster_23,GREEN,ORANGE,1,60,1.0,0,0,1217.0,1162.0,55.0,0.0,114,True,0,240.0
cluster_23,GREEN,TRE,0,60,1.0,0,0,1962.0,1910.0,52.0,0.0,104,True,0,240.0
cluster_23,GREEN,TRE,1,60,1.0,2,0,2527.0,2473.0,54.0,0.0,109,True,0,240.0
cluster_23,ORANGE,GREEN,1,60,1.0,0,0,431.5,543.5,0.0,112.0,112,True,0,240.0
cluster_23,TRE,GREEN,1,60,1.0,2,0,609.0,610.0,0.0,1.0,56,True,0,240.0
cluster_25,001,GREEN,1,60,1.0,0,7,4325.6,4499.6,0.0,174.0,435,True,0,240.0
cluster_25,013,GREEN,1,60,1.0,0,14,1003.0,1074.0,0.0,71.0,114,True,0,240.0
cluster_25,023,GREEN,1,60,1.0,0,1,1196.0,1313.0,0.0,117.0,117,True,0,240.0
cluster_25,104,GREEN,1,60,1.0,11,0,5568.1,5543.1,25.0,0.0,598,True,0,240.0
cluster_25,216,GREEN,1,60,1.0,0,0,551.0,605.0,0.0,54.0,54,True,0,240.0
cluster_25,GREEN,001,0,60,1.0,1,0,981.6,937.5,44.1,0.0,116,True,0,240.0
cluster_25,GREEN,001,1,60,1.0,1,0,800.3,746.5,53.8,0.0,116,True,0,240.0
cluster_25,GREEN,013,0,60,1.0,0,0,1680.5,1624.5,56.0,0.0,114,True,0,240.0
cluster_25,GREEN,013,1,60,1.0,0,14,1105.0,1363.0,0.0,258.0,113,True,0,240.0
cluster_25,GREEN,023,0,60,1.0,0,0,1567.5,1507.5,60.0,0.0,118,True,0,240.0
cluster_25,GREEN,023,1,60,1.0,0,1,803.5,765.5,38.0,0.0,116,True,0,240.0
cluster_25,GREEN,104,0,60,1.0,5,0,1269.6,1221.3,48.3,0.0,113,True,0,240.0
cluster_25,GREEN,104,1,60,1.0,0,0,1167.3,1120.2,47.1,0.0,114,True,0,240.0
cluster_25,GREEN,216,0,60,1.0,0,0,2634.5,2579.5,55.0,0.0,111,True,0,240.0
cluster_25,GREEN,216,1,60,1.0,0,0,2739.0,2681.0,58.0,0.0,115,True,0,240.0
cluster_25,GREEN,GREEN,0,60,1.0,1,0,804.5,746.5,58.0,0.0,58,True,0,240.0
cluster_25,GREEN,GREEN,1,60,1.0,0,1,218.5,276.5,0.0,58.0,58,True,0,240.0
cluster_29,018,GREEN,1,60,1.0,0,3,2607.3,2862.8,0.0,255.5,347,True,0,240.0
cluster_29,023,GREEN,1,60,1.0,0,8,4359.4,4707.4,0.0,348.0,349,True,0,240.0
cluster_29,214,GREEN,1,60,1.0,30,0,4478.3,3853.3,625.0,0.0,415,True,0,240.0
cluster_29,BLUE,GREEN,1,60,1.0,0,0,26.5,28.5,0.0,2.0,2,True,0,240.0
cluster_29,GREEN,018,0,60,1.0,0,6,882.2,948.5,0.0,66.3,116,True,0,240.0
cluster_29,GREEN,018,1,60,1.0,0,0,923.2,867.1,56.1,0.0,116,True,0,240.0
cluster_29,GREEN,023,0,60,1.0,0,1,936.6,905.9,30.7,0.0,119,True,0,240.0
cluster_29,GREEN,023,1,60,1.0,0,4,929.3,992.6,0.0,63.2,117,True,0,240.0
cluster_29,GREEN,214,0,60,1.0,5,0,1741.2,1727.9,13.3,0.0,115,True,0,240.0
cluster_29,GREEN,214,1,60,1.0,5,0,1808.5,1761.2,47.3,0.0,113,True,0,240.0
cluster_29,GREEN,BLUE,0,60,1.0,0,0,23.0,21.0,2.0,0.0,2,True,0,240.0
cluster_29,GREEN,GREEN,0,60,1.0,0,0,606.5,548.5,58.0,0.0,58,True,0,240.0
cluster_29,GREEN,GREEN,1,60,1.0,0,0,518.5,576.5,0.0,58.0,58,True,0,240.0
cluster_29,GREEN,ORANGE,0,60,1.0,0,0,155.5,150.5,5.0,0.0,8,True,0,240.0
cluster_29,GREEN,ORANGE,1,60,1.0,0,0,131.0,128.0,3.0,0.0,7,True,0,240.0
cluster_29,ORANGE,GREEN,1,60,1.0,0,0,75.5,82.5,0.0,7.0,7,True,0,240.0
cluster_29,RED,GREEN,1,60,1.0,1,0,29.5,0.5,29.0,0.0,1,True,0,240.0
cluster_303,030,GREEN,1,60,1.0,10,0,8140.1,6906.2,1233.9,0.0,522,True,0,240.0
cluster_303,218,GREEN,1,60,1.0,27,0,9633.3,9572.3,61.0,0.0,904,True,0,240.0
cluster_303,GREEN,030,0,60,1.0,0,0,1752.5,1695.9,56.6,0.0,116,True,0,240.0
cluster_303,GREEN,030,1,60,1.0,1,0,1146.6,1100.7,45.9,0.0,118,True,0,240.0
cluster_303,GREEN,218,0,60,1.0,0,0,1175.0,1131.1,43.9,0.0,117,True,0,240.0
cluster_303,GREEN,218,1,60,1.0,5,0,1682.8,1636.4,46.4,0.0,117,True,0,240.0
cluster_303,GREEN,GREEN,0,60,1.0,0,0,1097.0,1038.0,59.0,0.0,59,True,0,240.0
cluster_303,GREEN,GREEN,1,60,1.0,0,52,982.0,1041.0,0.0,59.0,59,True,0,240.0
cluster_357,015,GREEN,1,60,1.0,0,3,2256.3,2485.3,0.0,229.0,236,True,0,240.0
cluster_357,038,GREEN,1,60,1.0,0,2,771.5,886.5,0.0,115.0,115,True,0,240.0
cluster_357,GREEN,015,0,60,1.0,0,1,1222.7,1183.0,39.7,0.0,118,True,0,240.0
cluster_357,GREEN,015,1,60,1.0,0,0,1029.1,970.6,58.5,0.0,118,True,0,240.0
cluster_357,GREEN,038,0,60,1.0,0,1,745.0,706.0,39.0,0.0,117,True,0,240.0
cluster_357,GREEN,038,1,60,1.0,0,0,1347.0,1288.0,59.0,0.0,118,True,0,240.0
cluster_357,GREEN,GREEN,0,60,1.0,2,0,509.0,450.0,59.0,0.0,59,True,0,240.0
cluster_357,GREEN,GREEN,1,60,1.0,0,0,537.0,596.0,0.0,59.0,59,True,0,240.0
cluster_38,013,GREEN,1,60,1.0,7,0,7044.5,7626.1,0.0,581.5,861,True,0,240.0
cluster_38,216,GREEN,1,60,1.0,0,15,9965.2,9902.2,63.0,0.0,837,True,0,240.0
cluster_38,GREEN,013,0,60,1.0,0,0,636.4,580.5,55.8,0.0,115,True,0,240.0
cluster_38,GREEN,013,1,60,1.0,0,0,745.9,687.9,58.0,0.0,115,True,0,240.0
cluster_38,GREEN,216,0,60,1.0,0,0,1577.6,1536.6,41.0,0.0,112,True,0,240.0
cluster_38,GREEN,216,1,60,1.0,0,1,1909.3,1900.0,9.2,0.0,116,True,0,240.0
cluster_38,GREEN,GREEN,0,60,1.0,0,0,190.5,132.5,58.0,0.0,58,True,0,240.0
cluster_38,GREEN,GREEN,1,60,1.0,0,0,802.5,860.5,0.0,58.0,58,True,0,240.0
cluster_456,227,GREEN,1,60,1.0,0,1,1799.6,1878.1,0.0,78.5,165,True,0,240.0
cluster_456,233,GREEN,1,60,1.0,0,1,1355.8,1512.8,0.0,157.0,157,True,0,240.0
cluster_456,GREEN,227,0,60,1.0,0,1,1891.6,1865.5,26.1,0.0,118,True,0,240.0
cluster_456,GREEN,227,1,60,1.0,0,0,1698.7,1662.8,35.9,0.0,116,True,0,240.0
cluster_456,GREEN,233,0,60,1.0,0,0,2117.1,2059.1,58.0,0.0,116,True,0,240.0
cluster_456,GREEN,233,1,60,1.0,0,0,1834.0,1775.0,59.0,0.0,117,True,0,240.0
cluster_456,GREEN,GREEN,0,60,1.0,2,0,1082.0,1022.0,60.0,0.0,60,True,0,240.0
cluster_456,GREEN,GREEN,1,60,1.0,0,0,1019.0,1079.0,0.0,60.0,60,True,0,240.0
cluster_827,229,GREEN,1,60,1.0,11,0,2243.9,2094.9,149.0,0.0,231,True,0,240.0
cluster_827,GREEN,229,0,60,1.0,0,0,1999.5,1964.1,35.4,0.0,117,True,0,240.0
cluster_827,GREEN,229,1,60,1.0,0,1,1880.1,1916.5,0.0,36.4,114,True,0,240.0
cluster_827,GREEN,GREEN,0,60,1.0,1,0,617.0,557.0,60.0,0.0,60,True,0,240.0
cluster_827,GREEN,GREEN,1,60,1.0,1,0,494.5,521.0,0.0,26.5,60,True,0,240.0
cluster_827,GREEN,SILVER,0,60,1.0,0,2,2646.0,2648.0,0.0,2.0,116,True,0,240.0
cluster_827,GREEN,SILVER,1,60,1.0,0,0,3046.5,2988.5,58.0,0.0,115,True,0,240.0
cluster_827,SILVER,GREEN,1,60,1.0,0,2,588.5,647.5,0.0,59.0,59,True,0,240.0
cluster_876,GREEN,GREEN,0,60,1.0,0,0,687.0,631.0,56.0,0.0,56,True,0,240.0
cluster_876,GREEN,GREEN,1,60,1.0,0,0,272.0,328.0,0.0,56.0,56,True,0,240.0
cluster_876,GREEN,ORANGE,0,60,1.0,1,0,1291.5,1232.5,59.0,0.0,116,True,0,240.0
cluster_876,GREEN,ORANGE,1,60,1.0,0,0,1650.5,1595.5,55.0,0.0,113,True,0,240.0
cluster_876,GREEN,TRE,0,60,1.0,0,2,2235.5,2244.0,0.0,8.5,103,True,0,240.0
cluster_876,GREEN,TRE,1,60,1.0,0,0,2763.5,2709.5,54.0,0.0,109,True,0,240.0
cluster_876,ORANGE,GREEN,1,60,1.0,1,0,862.5,945.5,0.0,83.0,113,True,0,240.0
cluster_876,TRE,GREEN,1,60,1.0,0,0,433.0,489.0,0.0,56.0,56,True,0,240.0
cluster_9,001,GREEN,1,60,1.0,0,38,6013.1,6173.1,0.0,160.0,1154,True,0,240.0
cluster_9,003,GREEN,1,60,1.0,14,0,10131.0,10017.0,114.0,0.0,1869,True,0,240.0
cluster_9,009,GREEN,1,60,1.0,0,15,6038.2,6252.5,0.0,214.4,1140,True,0,240.0
cluster_9,013,GREEN,1,60,1.0,0,36,4502.6,4983.6,0.0,481.0,1197,True,0,240.0
cluster_9,016,GREEN,1,60,1.0,40,0,2883.3,2293.3,590.0,0.0,678,True,0,240.0
cluster_9,018,GREEN,1,60,1.0,0,55,4039.0,4507.0,0.0,468.0,635,True,0,240.0
cluster_9,102,GREEN,1,60,1.0,34,0,3627.3,3239.6,387.7,0.0,767,True,0,240.0
cluster_9,103,GREEN,1,60,1.0,28,0,3394.0,2916.4,477.7,0.0,530,True,0,240.0
cluster_9,106,GREEN,1,60,1.0,0,1,7480.6,7113.6,367.0,0.0,1012,True,0,240.0
cluster_9,109,GREEN,1,60,1.0,31,0,4960.6,4666.9,293.8,0.0,786,True,0,240.0
cluster_9,128,GREEN,1,60,1.0,0,5,6395.5,6171.5,224.0,0.0,990,True,0,240.0
cluster_9,145,GREEN,1,60,1.0,52,0,5263.8,4436.0,827.8,0.0,833,True,0,240.0
cluster_9,147,GREEN,1,60,1.0,8,0,5762.5,5533.5,229.0,0.0,828,True,0,240.0
cluster_9,205,GREEN,1,60,1.0,2,0,1945.9,1849.9,96.0,0.0,372,True,0,240.0
cluster_9,207,GREEN,1,60,1.0,0,10,3989.2,4051.8,0.0,62.6,719,True,0,240.0
cluster_9,214,GREEN,1,60,1.0,0,2,2781.2,2803.2,0.0,22.0,639,True,0,240.0
cluster_9,224,GREEN,1,60,1.0,18,0,2643.4,2293.4,350.0,0.0,460,True,0,240.0
cluster_9,230,GREEN,1,60,1.0,0,1,3560.3,3300.7,259.6,0.0,550,True,0,240.0
cluster_9,237,GREEN,1,60,1.0,7,0,3480.0,3507.3,0.0,27.3,685,True,0,240.0
cluster_9,239,GREEN,1,60,1.0,9,0,2770.9,3005.9,0.0,235.0,533,True,0,240.0
cluster_9,249,GREEN,1,60,1.0,0,32,2134.0,2267.0,0.0,133.0,379,True,0,240.0
cluster_9,306,GREEN,1,60,1.0,2,0,3232.3,3508.3,0.0,276.0,668,True,0,240.0
cluster_9,308,GREEN,1,60,1.0,0,23,5490.6,5610.6,0.0,120.0,1046,True,0,240.0
cluster_9,421,GREEN,1,60,1.0,0,1,187.0,193.0,0.0,6.0,42,True,0,240.0
cluster_9,425,GREEN,1,60,1.0,0,5,5279.2,5243.2,36.0,0.0,1032,True,0,240.0
cluster_9,620,GREEN,1,60,1.0,0,52,596.0,704.0,0.0,108.0,110,True,0,240.0
cluster_9,BLUE,GREEN,1,60,1.0,0,46,2730.0,2883.0,0.0,153.0,595,True,0,240.0
cluster_9,GREEN,001,0,60,1.0,4,0,1483.7,1439.3,44.4,0.0,456,True,0,240.0
cluster_9,GREEN,001,1,60,1.0,0,0,1307.0,1263.7,43.3,0.0,467,True,0,240.0
cluster_9,GREEN,003,0,60,1.0,0,0,973.6,968.0,5.6,0.0,468,True,0,240.0
cluster_9,GREEN,003,1,60,1.0,0,1,720.2,748.5,0.0,28.3,461,True,0,240.0
cluster_9,GREEN,009,0,60,1.0,4,0,1825.8,1817.2,8.6,0.0,458,True,0,240.0
cluster_9,GREEN,009,1,60,1.0,1,0,2194.3,2225.1,0.0,30.8,456,True,0,240.0
cluster_9,GREEN,013,0,60,1.0,33,0,2855.6,2689.1,166.5,0.0,461,True,0,240.0
cluster_9,GREEN,013,1,60,1.0,0,0,1244.6,1210.7,34.0,0.0,460,True,0,240.0
cluster_9,GREEN,016,0,60,1.0,0,37,2813.2,3220.9,0.0,407.7,462,True,0,240.0
cluster_9,GREEN,016,1,60,1.0,0,25,2894.6,3276.2,0.0,381.6,454,True,0,240.0
cluster_9,GREEN,018,0,60,1.0,1,0,1660.7,1480.8,180.0,0.0,462,True,0,240.0
cluster_9,GREEN,018,1,60,1.0,0,0,2103.9,2041.2,62.7,0.0,463,True,0,240.0
cluster_9,GREEN,102,0,60,1.0,17,0,3651.7,3450.4,201.3,0.0,452,True,0,240.0
cluster_9,GREEN,102,1,60,1.0,5,0,3676.8,3787.3,0.0,110.5,455,True,0,240.0
cluster_9,GREEN,103,0,60,1.0,2,0,3495.7,3415.9,79.8,0.0,445,True,0,240.0
cluster_9,GREEN,103,1,60,1.0,0,10,3360.1,3396.3,0.0,36.2,448,True,0,240.0
cluster_9,GREEN,106,0,60,1.0,0,10,3825.3,3891.6,0.0,66.2,464,True,0,240.0
cluster_9,GREEN,106,1,60,1.0,0,14,3451.0,3642.7,0.0,191.7,460,True,0,240.0
cluster_9,GREEN,109,0,60,1.0,2,0,3353.0,3279.3,73.6,0.0,464,True,0,240.0
cluster_9,GREEN,109,1,60,1.0,0,7,3858.0,3943.5,0.0,85.5,455,True,0,240.0
cluster_9,GREEN,128,0,60,1.0,2,0,3783.2,3814.8,0.0,31.6,467,True,0,240.0
cluster_9,GREEN,128,1,60,1.0,0,6,4013.2,3916.8,96.4,0.0,461,True,0,240.0
cluster_9,GREEN,145,0,60,1.0,9,0,3365.0,3257.6,107.4,0.0,464,True,0,240.0
cluster_9,GREEN,145,1,60,1.0,9,0,3664.7,3671.9,0.0,7.2,455,True,0,240.0
cluster_9,GREEN,147,0,60,1.0,0,5,2977.4,3026.9,0.0,49.5,464,True,0,240.0
cluster_9,GREEN,147,1,60,1.0,0,5,2981.4,2980.2,1.2,0.0,453,True,0,240.0
cluster_9,GREEN,205,0,60,1.0,0,11,6757.6,7039.0,0.0,281.4,464,True,0,240.0
cluster_9,GREEN,205,1,60,1.0,0,15,6168.2,6450.3,0.0,282.1,458,True,0,240.0
cluster_9,GREEN,207,0,60,1.0,5,0,6223.6,6149.3,74.3,0.0,445,True,0,240.0
cluster_9,GREEN,207,1,60,1.0,14,0,8347.9,8155.7,192.2,0.0,445,True,0,240.0
cluster_9,GREEN,214,0,60,1.0,0,1,4931.1,5020.5,0.0,89.4,459,True,0,240.0
cluster_9,GREEN,214,1,60,1.0,8,0,5860.8,5786.2,74.6,0.0,449,True,0,240.0
cluster_9,GREEN,224,0,60,1.0,0,5,3130.3,3091.3,38.9,0.0,459,True,0,240.0
cluster_9,GREEN,224,1,60,1.0,8,0,8896.5,8817.5,79.0,0.0,440,True,0,240.0
cluster_9,GREEN,230,0,60,1.0,0,10,5037.1,5246.6,0.0,209.5,455,True,0,240.0
cluster_9,GREEN,230,1,60,1.0,0,1,5557.7,5607.0,0.0,49.3,448,True,0,240.0
cluster_9,GREEN,237,0,60,1.0,0,0,5584.3,5484.6,99.8,0.0,444,True,0,240.0
cluster_9,GREEN,237,1,60,1.0,3,0,4533.8,4478.6,55.2,0.0,444,True,0,240.0
cluster_9,GREEN,239,0,60,1.0,3,0,5537.2,5356.7,180.4,0.0,447,True,0,240.0
cluster_9,GREEN,239,1,60,1.0,5,0,6329.4,6124.0,205.4,0.0,441,True,0,240.0
cluster_9,GREEN,249,0,60,1.0,0,2,6588.0,6569.3,18.7,0.0,444,True,0,240.0
cluster_9,GREEN,249,1,60,1.0,2,0,5540.5,5470.6,69.9,0.0,445,True,0,240.0
cluster_9,GREEN,306,0,60,1.0,0,0,14331.9,14231.6,100.3,0.0,320,True,0,240.0
cluster_9,GREEN,306,1,60,1.0,0,1,13904.3,13787.0,117.3,0.0,319,True,0,240.0
cluster_9,GREEN,308,0,60,1.0,0,0,22167.8,22086.2,81.6,0.0,329,True,0,240.0
cluster_9,GREEN,308,1,60,1.0,1,0,16847.6,16821.1,26.6,0.0,348,True,0,240.0
cluster_9,GREEN,421,0,60,1.0,8,0,14450.0,14319.0,131.0,0.0,322,True,0,240.0
cluster_9,GREEN,421,1,60,1.0,8,0,14574.0,14441.0,133.0,0.0,323,True,0,240.0
cluster_9,GREEN,425,0,60,1.0,0,0,1129.5,1089.7,39.8,0.0,336,True,0,240.0
cluster_9,GREEN,425,1,60,1.0,0,1,654.1,588.8,65.3,0.0,353,True,0,240.0
cluster_9,GREEN,620,0,60,1.0,0,50,4058.5,4843.5,0.0,785.0,428,True,0,240.0
cluster_9,GREEN,620,1,60,1.0,0,0,4054.0,3859.0,195.0,0.0,424,True,0,240.0
cluster_9,GREEN,BLUE,0,60,1.0,52,0,2547.5,2319.0,228.5,0.0,476,True,0,240.0
cluster_9,GREEN,BLUE,1,60,1.0,0,0,1220.0,1118.0,102.0,0.0,467,True,0,240.0
cluster_9,GREEN,GREEN,0,60,1.0,0,3,484.5,464.0,20.5,0.0,228,True,0,240.0
cluster_9,GREEN,GREEN,1,60,1.0,0,2,1933.5,2161.5,0.0,228.0,228,True,0,240.0
cluster_9,GREEN,ORANGE,0,60,1.0,0,51,2726.5,3618.5,0.0,892.0,467,True,0,240.0
cluster_9,GREEN,ORANGE,1,60,1.0,50,0,2514.0,2298.0,216.0,0.0,452,True,0,240.0
cluster_9,GREEN,RED,0,60,1.0,1,0,1479.0,1256.0,223.0,0.0,464,True,0,240.0
cluster_9,GREEN,RED,1,60,1.0,1,0,1741.0,1509.0,232.0,0.0,464,True,0,240.0
cluster_9,GREEN,TRE,0,60,1.0,7,0,8714.0,8569.0,145.0,0.0,415,True,0,240.0
cluster_9,GREEN,TRE,1,60,1.0,6,0,9227.0,9007.0,220.0,0.0,441,True,0,240.0
cluster_9,ORANGE,GREEN,1,60,1.0,0,53,1983.0,2321.0,0.0,338.0,454,True,0,240.0
cluster_9,RED,GREEN,1,60,1.0,46,0,3733.0,3509.0,224.0,0.0,576,True,0,240.0
cluster_9,TRE,GREEN,1,60,1.0,0,2,321.0,347.0,0.0,26.0,56,True,0,240.0
cluster_924,GREEN,GREEN,0,60,1.0,0,0,802.0,742.0,60.0,0.0,60,True,0,240.0
cluster_924,GREEN,GREEN,1,60,1.0,0,0,210.0,270.0,0.0,60.0,60,True,0,240.0
cluster_925,232,GREEN,1,60,1.0,0,1,547.5,613.5,0.0,66.0,66,True,0,240.0
cluster_925,GREEN,232,0,60,1.0,0,0,2050.0,1994.0,56.0,0.0,113,True,0,240.0
cluster_925,GREEN,232,1,60,1.0,0,1,2074.5,2049.5,25.0,0.0,112,True,0,240.0
cluster_925,GREEN,GREEN,0,60,1.0,0,0,187.0,127.0,60.0,0.0,60,True,0,240.0
cluster_925,GREEN,GREEN,1,60,1.0,0,0,850.0,910.0,0.0,60.0,60,True,0,240.0
cluster_926,233,GREEN,1,60,1.0,1,0,672.0,716.0,0.0,44.0,64,True,0,240.0
cluster_926,GREEN,233,0,60,1.0,1,0,2501.5,2443.5,58.0,0.0,117,True,0,240.0
cluster_926,GREEN,233,1,60,1.0,0,0,2288.0,2230.0,58.0,0.0,116,True,0,240.0
cluster_926,GREEN,GREEN,0,60,1.0,0,0,424.5,365.5,59.0,0.0,59,True,0,240.0
cluster_926,GREEN,GREEN,1,60,1.0,1,0,623.0,662.0,0.0,39.0,59,True,0,240.0
cluster_927,GREEN,GREEN,0,60,1.0,0,1,669.5,630.5,39.0,0.0,59,True,0,240.0
cluster_927,GREEN,GREEN,1,60,1.0,1,0,376.5,410.5,0.0,34.0,59,True,0,240.0
cluster_928,005,GREEN,1,60,1.0,5,0,1563.0,1375.0,188.0,0.0,149,True,0,240.0
cluster_928,103,GREEN,1,60,1.0,0,1,822.0,909.0,0.0,87.0,87,True,0,240.0
cluster_928,207,GREEN,1,60,1.0,1,0,1107.3,1153.3,0.0,46.0,106,True,0,240.0
cluster_928,GREEN,005,0,60,1.0,16,0,872.5,814.5,58.0,0.0,116,True,0,240.0
cluster_928,GREEN,005,1,60,1.0,0,11,915.5,1047.5,0.0,132.0,116,True,0,240.0
cluster_928,GREEN,103,0,60,1.0,0,0,1547.5,1493.5,54.0,0.0,110,True,0,240.0
cluster_928,GREEN,103,1,60,1.0,0,1,1395.5,1372.5,23.0,0.0,111,True,0,240.0
cluster_928,GREEN,207,0,60,1.0,0,1,2213.3,2196.0,17.3,0.0,109,True,0,240.0
cluster_928,GREEN,207,1,60,1.0,0,2,2339.1,2374.9,0.0,35.9,110,True,0,240.0
cluster_928,GREEN,GREEN,0,60,1.0,0,0,877.0,821.0,56.0,0.0,56,True,0,240.0
cluster_928,GREEN,GREEN,1,60,1.0,48,0,1077.5,152.5,925.0,0.0,55,True,0,240.0
cluster_928,GREEN,ORANGE,0,60,1.0,1,0,1526.5,1498.5,28.0,0.0,116,True,0,240.0
cluster_928,GREEN,ORANGE,1,60,1.0,0,0,1363.0,1308.0,55.0,0.0,114,True,0,240.0
cluster_928,ORANGE,GREEN,1,60,1.0,0,0,659.5,716.5,0.0,57.0,112,True,0,240.0
cluster_929,306,GREEN,1,60,1.0,1,0,386.0,408.0,0.0,22.0,42,True,0,240.0
cluster_929,GREEN,306,0,60,1.0,1,0,4004.5,3965.5,39.0,0.0,79,True,0,240.0
cluster_929,GREEN,306,1,60,1.0,0,0,3804.5,3765.5,39.0,0.0,78,True,0,240.0
cluster_929,GREEN,GREEN,0,60,1.0,0,0,351.0,305.0,46.0,0.0,56,True,0,240.0
cluster_929,GREEN,GREEN,1,60,1.0,0,0,608.0,664.0,0.0,56.0,56,True,0,240.0
cluster_929,GREEN,ORANGE,0,60,1.0,0,0,1002.5,943.5,59.0,0.0,116,True,0,240.0
cluster_929,GREEN,ORANGE,1,60,1.0,0,0,922.0,867.0,55.0,0.0,114,True,0,240.0
cluster_929,ORANGE,GREEN,1,60,1.0,0,0,1126.5,1238.5,0.0,112.0,113,True,0,240.0
cluster_107,207,GREEN,1,120,2.0,23,0,3193.5,3170.5,23.0,0.0,339,True,0,180.0
cluster_107,213,GREEN,1,120,2.0,9,0,3912.7,4078.7,0.0,166.0,378,True,0,180.0
cluster_107,GREEN,207,0,120,2.0,4,0,2346.1,2243.8,102.4,0.0,109,True,0,180.0
cluster_107,GREEN,207,1,120,2.0,0,1,2218.3,2189.9,28.4,0.0,110,True,0,180.0
cluster_107,GREEN,213,0,120,2.0,0,1,1723.6,1647.6,76.0,0.0,112,True,0,180.0
cluster_107,GREEN,213,1,120,2.0,7,0,2092.3,1992.6,99.7,0.0,114,True,0,180.0
cluster_107,GREEN,GREEN,0,120,2.0,0,0,460.5,350.5,110.0,0.0,55,True,0,180.0
cluster_107,GREEN,GREEN,1,120,2.0,3,0,565.0,576.0,0.0,11.0,54,True,0,180.0
cluster_107,GREEN,ORANGE,0,120,2.0,0,0,1041.5,925.5,116.0,0.0,115,True,0,180.0
cluster_107,GREEN,ORANGE,1,120,2.0,0,0,933.0,823.0,110.0,0.0,114,True,0,180.0
cluster_107,ORANGE,GREEN,1,120,2.0,0,0,1052.5,1274.5,0.0,222.0,111,True,0,180.0
cluster_14,001,GREEN,1,120,2.0,0,11,7682.4,7787.9,0.0,105.6,938,True,0,180.0
cluster_14,009,GREEN,1,120,2.0,0,8,13545.4,14019.4,0.0,474.0,1717,True,0,180.0
cluster_14,018,GREEN,1,120,2.0,0,120,12816.2,12585.9,230.3,0.0,1099,True,0,180.0
cluster_14,023,GREEN,1,120,2.0,0,25,4224.9,4905.4,0.0,680.5,585,True,0,180.0
cluster_14,214,GREEN,1,120,2.0,0,11,2117.3,2259.3,0.0,142.0,289,True,0,180.0
cluster_14,249,GREEN,1,120,2.0,32,0,5352.4,5119.9,232.5,0.0,693,True,0,180.0
cluster_14,421,GREEN,1,120,2.0,0,20,1026.1,1233.1,0.0,207.0,126,True,0,180.0
cluster_14,BLUE,GREEN,1,120,2.0,0,1,89.0,97.0,0.0,8.0,4,True,0,180.0
cluster_14,GREEN,001,0,120,2.0,1,0,739.7,723.8,15.9,0.0,230,True,0,180.0
cluster_14,GREEN,001,1,120,2.0,1,0,888.6,907.2,0.0,18.6,231,True,0,180.0
cluster_14,GREEN,009,0,120,2.0,0,0,620.8,594.9,25.9,0.0,232,True,0,180.0
cluster_14,GREEN,009,1,120,2.0,0,0,628.5,552.0,76.5,0.0,228,True,0,180.0
cluster_14,GREEN,018,0,120,2.0,1,0,447.4,392.0,55.4,0.0,231,True,0,180.0
cluster_14,GREEN,018,1,120,2.0,0,1,451.1,468.3,0.0,17.2,232,True,0,180.0
cluster_14,GREEN,023,0,120,2.0,19,0,2875.4,2639.4,236.0,0.0,235,True,0,180.0
cluster_14,GREEN,023,1,120,2.0,0,1,787.1,765.5,21.6,0.0,234,True,0,180.0
cluster_14,GREEN,214,0,120,2.0,9,0,4107.6,4090.1,17.5,0.0,229,True,0,180.0
cluster_14,GREEN,214,1,120,2.0,0,3,3377.2,3275.3,101.9,0.0,223,True,0,180.0
cluster_14,GREEN,249,0,120,2.0,2,0,2908.4,2790.1,118.3,0.0,224,True,0,180.0
cluster_14,GREEN,249,1,120,2.0,1,0,2991.0,3253.1,0.0,262.0,222,True,0,180.0
cluster_14,GREEN,421,0,120,2.0,0,0,6593.0,6429.0,164.0,0.0,163,True,0,180.0
cluster_14,GREEN,421,1,120,2.0,0,0,6444.8,6350.8,94.0,0.0,164,True,0,180.0
cluster_14,GREEN,BLUE,0,120,2.0,0,1,5.5,32.0,0.0,26.5,5,True,0,180.0
cluster_14,GREEN,GREEN,0,120,2.0,0,0,1033.0,1688.0,0.0,655.0,116,True,0,180.0
cluster_14,GREEN,GREEN,1,120,2.0,47,0,937.5,298.0,639.5,0.0,114,True,0,180.0
cluster_14,GREEN,ORANGE,0,120,2.0,0,0,254.0,253.0,1.0,0.0,18,True,0,180.0
cluster_14,GREEN,ORANGE,1,120,2.0,0,0,326.5,314.5,12.0,0.0,14,True,0,180.0
cluster_14,ORANGE,GREEN,1,120,2.0,1,0,149.5,150.0,0.0,0.5,14,True,0,180.0
cluster_14,RED,GREEN,1,120,2.0,0,0,17.0,21.0,0.0,4.0,2,True,0,180.0
cluster_168,020,GREEN,1,120,2.0,0,48,6940.8,7390.5,0.0,449.7,736,True,0,180.0
cluster_168,213,GREEN,1,120,2.0,1,0,952.2,1104.2,0.0,152.0,126,True,0,180.0
cluster_168,233,GREEN,1,120,2.0,26,0,5020.0,4332.0,688.0,0.0,403,True,0,180.0
cluster_168,GREEN,020,0,120,2.0,0,0,1110.0,1003.9,106.1,0.0,115,True,0,180.0
cluster_168,GREEN,020,1,120,2.0,0,6,664.7,774.0,0.0,109.2,120,True,0,180.0
cluster_168,GREEN,213,0,120,2.0,0,1,2108.1,2026.1,82.0,0.0,114,True,0,180.0
cluster_168,GREEN,213,1,120,2.0,4,0,2472.5,2361.0,111.5,0.0,117,True,0,180.0
cluster_168,GREEN,233,0,120,2.0,23,0,2515.7,2405.4,110.3,0.0,116,True,0,180.0
cluster_168,GREEN,233,1,120,2.0,0,2,1570.5,1555.0,15.4,0.0,117,True,0,180.0
cluster_168,GREEN,GREEN,0,120,2.0,0,47,137.0,998.0,0.0,861.0,59,True,0,180.0
cluster_168,GREEN,GREEN,1,120,2.0,0,50,894.0,1005.0,0.0,111.0,59,True,0,180.0
cluster_168,GREEN,ORANGE,0,120,2.0,0,6,1618.5,1653.5,0.0,35.0,121,True,0,180.0
cluster_168,GREEN,ORANGE,1,120,2.0,0,0,1356.5,1244.0,112.5,0.0,120,True,0,180.0
cluster_168,ORANGE,GREEN,1,120,2.0,0,5,522.0,756.0,0.0,234.0,117,True,0,180.0
cluster_225,218,GREEN,1,120,2.0,0,0,426.0,517.0,0.0,91.0,67,True,0,180.0
cluster_225,220,GREEN,1,120,2.0,41,0,3474.5,3264.5,210.0,0.0,325,True,0,180.0
cluster_225,GREEN,218,0,120,2.0,0,0,2169.5,2083.5,86.0,0.0,116,True,0,180.0
cluster_225,GREEN,218,1,120,2.0,0,0,2107.0,2014.0,93.0,0.0,118,True,0,180.0
cluster_225,GREEN,220,0,120,2.0,6,0,2195.0,2081.0,114.0,0.0,114,True,0,180.0
cluster_225,GREEN,220,1,120,2.0,0,1,1962.3,1905.0,57.2,0.0,111,True,0,180.0
cluster_225,GREEN,GREEN,0,120,2.0,1,0,568.0,480.5,87.5,0.0,59,True,0,180.0
cluster_225,GREEN,GREEN,1,120,2.0,0,0,483.5,599.5,0.0,116.0,58,True,0,180.0
cluster_23,001,GREEN,1,120,2.0,2,0,21316.5,21354.5,0.0,38.0,2002,True,0,180.0
cluster_23,023,GREEN,1,120,2.0,0,12,6867.9,8500.0,0.0,1632.0,920,True,0,180.0
cluster_23,057,GREEN,1,120,2.0,0,28,4060.7,4784.7,0.0,724.0,449,True,0,180.0
cluster_23,101,GREEN,1,120,2.0,7,0,4138.2,3872.2,266.0,0.0,362,True,0,180.0
cluster_23,122,GREEN,1,120,2.0,0,1,4905.1,4175.1,730.0,0.0,379,True,0,180.0
cluster_23,213,GREEN,1,120,2.0,5,0,2525.1,2427.1,98.0,0.0,252,True,0,180.0
cluster_23,219,GREEN,1,120,2.0,0,7,3704.8,3400.8,304.0,0.0,275,True,0,180.0
cluster_23,230,GREEN,1,120,2.0,6,0,4425.6,4875.8,0.0,450.2,512,True,0,180.0
cluster_23,306,GREEN,1,120,2.0,0,0,461.0,505.0,0.0,44.0,42,True,0,180.0
cluster_23,422,GREEN,1,120,2.0,0,39,2300.0,2835.0,0.0,535.0,280,True,0,180.0
cluster_23,423,GREEN,1,120,2.0,15,0,614.0,417.0,197.0,0.0,54,True,0,180.0
cluster_23,GREEN,001,0,120,2.0,1,0,363.9,321.3,42.6,0.0,114,True,0,180.0
cluster_23,GREEN,001,1,120,2.0,0,0,284.7,282.6,2.0,0.0,115,True,0,180.0
cluster_23,GREEN,023,0,120,2.0,1,0,735.2,634.2,101.0,0.0,117,True,0,180.0
cluster_23,GREEN,023,1,120,2.0,1,0,692.4,587.2,105.2,0.0,115,True,0,180.0
cluster_23,GREEN,057,0,120,2.0,0,1,829.1,735.1,94.1,0.0,116,True,0,180.0
cluster_23,GREEN,057,1,120,2.0,0,4,743.0,736.5,6.5,0.0,115,True,0,180.0
cluster_23,GREEN,101,0,120,2.0,0,2,1175.0,1267.9,0.0,93.0,116,True,0,180.0
cluster_23,GREEN,101,1,120,2.0,0,0,1330.0,1222.0,108.0,0.0,111,True,0,180.0
cluster_23,GREEN,122,0,120,2.0,0,2,950.3,884.3,66.1,0.0,117,True,0,180.0
cluster_23,GREEN,213,0,120,2.0,0,5,1733.6,1755.0,0.0,21.4,112,True,0,180.0
cluster_23,GREEN,213,1,120,2.0,3,0,2239.1,2170.9,68.1,0.0,115,True,0,180.0
cluster_23,GREEN,219,0,120,2.0,0,6,2966.5,3016.5,0.0,50.0,114,True,0,180.0
cluster_23,GREEN,219,1,120,2.0,0,0,2132.5,2032.0,100.5,0.0,113,True,0,180.0
cluster_23,GREEN,230,0,120,2.0,0,4,1474.5,1464.1,10.4,0.0,113,True,0,180.0
cluster_23,GREEN,230,1,120,2.0,0,4,1558.0,1544.7,13.3,0.0,111,True,0,180.0
cluster_23,GREEN,306,0,120,2.0,0,1,4071.0,4038.0,33.0,0.0,79,True,0,180.0
cluster_23,GREEN,306,1,120,2.0,0,0,4143.5,4065.5,78.0,0.0,78,True,0,180.0
cluster_23,GREEN,422,0,120,2.0,0,0,59.5,61.5,0.0,2.0,79,True,0,180.0
cluster_23,GREEN,423,0,120,2.0,1,0,641.0,561.0,80.0,0.0,80,True,0,180.0
cluster_23,GREEN,GREEN,0,120,2.0,0,49,81.0,959.0,0.0,878.0,56,True,0,180.0
cluster_23,GREEN,GREEN,1,120,2.0,0,49,857.5,967.5,0.0,110.0,55,True,0,180.0
cluster_23,GREEN,ORANGE,0,120,2.0,0,2,1712.5,1644.5,68.0,0.0,116,True,0,180.0
cluster_23,GREEN,ORANGE,1,120,2.0,0,0,1217.0,1107.0,110.0,0.0,114,True,0,180.0
cluster_23,GREEN,TRE,0,120,2.0,0,0,1962.0,1858.0,104.0,0.0,104,True,0,180.0
cluster_23,GREEN,TRE,1,120,2.0,2,0,2527.0,2419.0,108.0,0.0,109,True,0,180.0
cluster_23,ORANGE,GREEN,1,120,2.0,0,2,431.5,655.5,0.0,224.0,112,True,0,180.0
cluster_23,TRE,GREEN,1,120,2.0,2,0,609.0,665.0,0.0,56.0,56,True,0,180.0
cluster_25,001,GREEN,1,120,2.0,3,0,4325.6,4384.6,0.0,59.0,435,True,0,180.0
cluster_25,013,GREEN,1,120,2.0,5,0,1003.0,808.0,195.0,0.0,114,True,0,180.0
cluster_25,023,GREEN,1,120,2.0,2,0,1196.0,1346.0,0.0,150.0,117,True,0,180.0
cluster_25,104,GREEN,1,120,2.0,0,6,5568.1,5681.1,0.0,113.0,598,True,0,180.0
cluster_25,216,GREEN,1,120,2.0,9,0,551.0,479.0,72.0,0.0,54,True,0,180.0
cluster_25,GREEN,001,0,120,2.0,7,0,981.6,879.5,102.1,0.0,116,True,0,180.0
cluster_25,GREEN,001,1,120,2.0,0,2,800.3,805.6,0.0,5.3,116,True,0,180.0
cluster_25,GREEN,013,0,120,2.0,0,0,1680.5,1568.5,112.0,0.0,114,True,0,180.0
cluster_25,GREEN,013,1,120,2.0,5,0,1105.0,1306.0,0.0,201.0,113,True,0,180.0
cluster_25,GREEN,023,0,120,2.0,0,0,1567.5,1447.5,120.0,0.0,118,True,0,180.0
cluster_25,GREEN,023,1,120,2.0,3,0,803.5,707.5,96.0,0.0,116,True,0,180.0
cluster_25,GREEN,104,0,120,2.0,18,0,1269.6,1178.2,91.4,0.0,113,True,0,180.0
cluster_25,GREEN,104,1,120,2.0,0,10,1167.3,1332.1,0.0,164.8,114,True,0,180.0
cluster_25,GREEN,216,0,120,2.0,6,0,2634.5,2524.5,110.0,0.0,111,True,0,180.0
cluster_25,GREEN,216,1,120,2.0,3,0,2739.0,2623.0,116.0,0.0,115,True,0,180.0
cluster_25,GREEN,GREEN,0,120,2.0,1,0,804.5,688.5,116.0,0.0,58,True,0,180.0
cluster_25,GREEN,GREEN,1,120,2.0,0,0,218.5,311.5,0.0,93.0,58,True,0,180.0
cluster_29,018,GREEN,1,120,2.0,0,17,2607.3,3206.8,0.0,599.5,347,True,0,180.0
cluster_29,023,GREEN,1,120,2.0,0,26,4359.4,5055.4,0.0,696.0,349,True,0,180.0
cluster_29,214,GREEN,1,120,2.0,40,0,4478.3,3622.3,856.0,0.0,415,True,0,180.0
cluster_29,BLUE,GREEN,1,120,2.0,0,0,26.5,30.5,0.0,4.0,2,True,0,180.0
cluster_29,GREEN,018,0,120,2.0,0,10,882.2,981.9,0.0,99.6,116,True,0,180.0
cluster_29,GREEN,018,1,120,2.0,0,2,923.2,860.4,62.8,0.0,116,True,0,180.0
cluster_29,GREEN,023,0,120,2.0,0,3,936.6,890.5,46.1,0.0,119,True,0,180.0
cluster_29,GREEN,023,1,120,2.0,0,5,929.3,952.7,0.0,23.3,117,True,0,180.0
cluster_29,GREEN,214,0,120,2.0,14,0,1741.2,1679.3,62.0,0.0,115,True,0,180.0
cluster_29,GREEN,214,1,120,2.0,4,0,1808.5,1767.1,41.4,0.0,113,True,0,180.0
cluster_29,GREEN,BLUE,0,120,2.0,0,0,23.0,19.0,4.0,0.0,2,True,0,180.0
cluster_29,GREEN,GREEN,0,120,2.0,4,0,606.5,513.0,93.5,0.0,58,True,0,180.0
cluster_29,GREEN,GREEN,1,120,2.0,0,1,518.5,634.5,0.0,116.0,58,True,0,180.0
cluster_29,GREEN,ORANGE,0,120,2.0,0,0,155.5,145.5,10.0,0.0,8,True,0,180.0
cluster_29,GREEN,ORANGE,1,120,2.0,0,0,131.0,125.0,6.0,0.0,7,True,0,180.0
cluster_29,ORANGE,GREEN,1,120,2.0,0,0,75.5,89.5,0.0,14.0,7,True,0,180.0
cluster_29,RED,GREEN,1,120,2.0,1,0,29.5,1.5,28.0,0.0,1,True,0,180.0
cluster_303,030,GREEN,1,120,2.0,71,0,8140.1,5600.7,2539.4,0.0,522,True,0,180.0
cluster_303,218,GREEN,1,120,2.0,38,0,9633.3,9706.3,0.0,73.0,904,True,0,180.0
cluster_303,GREEN,030,0,120,2.0,54,0,1752.5,1639.2,113.3,0.0,116,True,0,180.0
cluster_303,GREEN,030,1,120,2.0,0,0,1146.6,1090.1,56.5,0.0,118,True,0,180.0
cluster_303,GREEN,218,0,120,2.0,0,6,1175.0,1228.3,0.0,53.3,117,True,0,180.0
cluster_303,GREEN,218,1,120,2.0,14,0,1682.8,1589.8,93.0,0.0,117,True,0,180.0
cluster_303,GREEN,GREEN,0,120,2.0,0,0,1097.0,979.0,118.0,0.0,59,True,0,180.0
cluster_303,GREEN,GREEN,1,120,2.0,0,52,982.0,1100.0,0.0,118.0,59,True,0,180.0
cluster_357,015,GREEN,1,120,2.0,0,4,2256.3,2698.3,0.0,442.0,236,True,0,180.0
cluster_357,038,GREEN,1,120,2.0,0,2,771.5,1001.5,0.0,230.0,115,True,0,180.0
cluster_357,GREEN,015,0,120,2.0,0,0,1222.7,1124.0,98.7,0.0,118,True,0,180.0
cluster_357,GREEN,015,1,120,2.0,0,1,1029.1,930.0,99.0,0.0,118,True,0,180.0
cluster_357,GREEN,038,0,120,2.0,0,1,745.0,647.0,98.0,0.0,117,True,0,180.0
cluster_357,GREEN,038,1,120,2.0,0,0,1347.0,1229.0,118.0,0.0,118,True,0,180.0
cluster_357,GREEN,GREEN,0,120,2.0,2,0,509.0,391.0,118.0,0.0,59,True,0,180.0
cluster_357,GREEN,GREEN,1,120,2.0,1,0,537.0,628.0,0.0,91.0,59,True,0,180.0
cluster_38,013,GREEN,1,120,2.0,14,0,7044.5,8206.4,0.0,1161.9,861,True,0,180.0
cluster_38,216,GREEN,1,120,2.0,0,21,9965.2,9772.2,193.0,0.0,837,True,0,180.0
cluster_38,GREEN,013,0,120,2.0,0,0,636.4,526.2,110.1,0.0,115,True,0,180.0
cluster_38,GREEN,013,1,120,2.0,5,0,745.9,629.9,116.0,0.0,115,True,0,180.0
cluster_38,GREEN,216,0,120,2.0,5,0,1577.6,1496.1,81.5,0.0,112,True,0,180.0
cluster_38,GREEN,216,1,120,2.0,0,11,1909.3,2339.0,0.0,429.8,116,True,0,180.0
cluster_38,GREEN,GREEN,0,120,2.0,0,48,190.5,1044.5,0.0,854.0,58,True,0,180.0
cluster_38,GREEN,GREEN,1,120,2.0,0,0,802.5,918.5,0.0,116.0,58,True,0,180.0
cluster_456,227,GREEN,1,120,2.0,0,8,1799.6,1897.1,0.0,97.5,165,True,0,180.0
cluster_456,233,GREEN,1,120,2.0,0,7,1355.8,1575.2,0.0,219.5,157,True,0,180.0
cluster_456,GREEN,227,0,120,2.0,1,0,1891.6,1806.5,85.1,0.0,118,True,0,180.0
cluster_456,GREEN,227,1,120,2.0,0,1,1698.7,1644.1,54.6,0.0,116,True,0,180.0
cluster_456,GREEN,233,0,120,2.0,0,0,2117.1,2003.5,113.6,0.0,116,True,0,180.0
cluster_456,GREEN,233,1,120,2.0,0,5,1834.0,2062.3,0.0,228.4,117,True,0,180.0
cluster_456,GREEN,GREEN,0,120,2.0,50,0,1082.0,962.0,120.0,0.0,60,True,0,180.0
cluster_456,GREEN,GREEN,1,120,2.0,2,0,1019.0,1089.5,0.0,70.5,60,True,0,180.0
cluster_827,229,GREEN,1,120,2.0,10,0,2243.9,2105.9,138.0,0.0,231,True,0,180.0
cluster_827,GREEN,229,0,120,2.0,0,1,1999.5,1959.4,40.0,0.0,117,True,0,180.0
cluster_827,GREEN,229,1,120,2.0,0,4,1880.1,1947.1,0.0,67.0,114,True,0,180.0
cluster_827,GREEN,GREEN,0,120,2.0,3,0,617.0,497.0,120.0,0.0,60,True,0,180.0
cluster_827,GREEN,GREEN,1,120,2.0,2,0,494.5,566.5,0.0,72.0,60,True,0,180.0
cluster_827,GREEN,SILVER,0,120,2.0,0,2,2646.0,2590.0,56.0,0.0,116,True,0,180.0
cluster_827,GREEN,SILVER,1,120,2.0,0,0,3046.5,2930.5,116.0,0.0,115,True,0,180.0
cluster_827,SILVER,GREEN,1,120,2.0,0,2,588.5,706.5,0.0,118.0,59,True,0,180.0
cluster_876,GREEN,GREEN,0,120,2.0,0,0,687.0,575.0,112.0,0.0,56,True,0,180.0
cluster_876,GREEN,GREEN,1,120,2.0,0,0,272.0,384.0,0.0,112.0,56,True,0,180.0
cluster_876,GREEN,ORANGE,0,120,2.0,1,0,1291.5,1173.5,118.0,0.0,116,True,0,180.0
cluster_876,GREEN,ORANGE,1,120,2.0,0,0,1650.5,1540.5,110.0,0.0,113,True,0,180.0
cluster_876,GREEN,TRE,0,120,2.0,0,2,2235.5,2192.0,43.5,0.0,103,True,0,180.0
cluster_876,GREEN,TRE,1,120,2.0,0,3,2763.5,2748.5,15.0,0.0,109,True,0,180.0
cluster_876,ORANGE,GREEN,1,120,2.0,1,0,862.5,1058.5,0.0,196.0,113,True,0,180.0
cluster_876,TRE,GREEN,1,120,2.0,0,2,433.0,545.0,0.0,112.0,56,True,0,180.0
cluster_9,001,GREEN,1,120,2.0,0,79,6013.1,6581.1,0.0,568.0,1154,True,0,180.0
cluster_9,003,GREEN,1,120,2.0,10,0,10131.0,10055.0,76.0,0.0,1869,True,0,180.0
cluster_9,009,GREEN,1,120,2.0,19,0,6038.2,6086.5,0.0,48.3,1140,True,0,180.0
cluster_9,013,GREEN,1,120,2.0,0,37,4502.6,5736.6,0.0,1234.0,1197,True,0,180.0
cluster_9,016,GREEN,1,120,2.0,54,0,2883.3,2233.3,650.0,0.0,678,True,0,180.0
cluster_9,018,GREEN,1,120,2.0,0,69,4039.0,5002.0,0.0,963.0,635,True,0,180.0
cluster_9,102,GREEN,1,120,2.0,73,0,3627.3,3045.6,581.7,0.0,767,True,0,180.0
cluster_9,103,GREEN,1,120,2.0,55,0,3394.0,2721.6,672.4,0.0,530,True,0,180.0
cluster_9,106,GREEN,1,120,2.0,51,0,7480.6,5766.3,1714.3,0.0,1012,True,0,180.0
cluster_9,109,GREEN,1,120,2.0,15,0,4960.6,4827.9,132.8,0.0,786,True,0,180.0
cluster_9,128,GREEN,1,120,2.0,43,0,6395.5,6008.5,387.0,0.0,990,True,0,180.0
cluster_9,145,GREEN,1,120,2.0,126,0,5263.8,3769.1,1494.7,0.0,833,True,0,180.0
cluster_9,147,GREEN,1,120,2.0,0,8,5762.5,5399.7,362.8,0.0,828,True,0,180.0
cluster_9,205,GREEN,1,120,2.0,13,0,1945.9,1804.9,141.0,0.0,372,True,0,180.0
cluster_9,207,GREEN,1,120,2.0,0,4,3989.2,4032.6,0.0,43.3,719,True,0,180.0
cluster_9,214,GREEN,1,120,2.0,17,0,2781.2,2677.2,104.0,0.0,639,True,0,180.0
cluster_9,224,GREEN,1,120,2.0,18,0,2643.4,2458.4,185.0,0.0,460,True,0,180.0
cluster_9,230,GREEN,1,120,2.0,0,8,3560.3,3185.6,374.7,0.0,550,True,0,180.0
cluster_9,237,GREEN,1,120,2.0,7,0,3480.0,3659.9,0.0,179.8,685,True,0,180.0
cluster_9,239,GREEN,1,120,2.0,21,0,2770.9,3164.9,0.0,394.0,533,True,0,180.0
cluster_9,249,GREEN,1,120,2.0,0,50,2134.0,2484.0,0.0,350.0,379,True,0,180.0
cluster_9,306,GREEN,1,120,2.0,0,14,3232.3,3612.3,0.0,380.0,668,True,0,180.0
cluster_9,308,GREEN,1,120,2.0,20,0,5490.6,5248.6,242.0,0.0,1046,True,0,180.0
cluster_9,421,GREEN,1,120,2.0,0,12,187.0,233.0,0.0,46.0,42,True,0,180.0
cluster_9,425,GREEN,1,120,2.0,24,0,5279.2,5035.2,244.0,0.0,1032,True,0,180.0
cluster_9,620,GREEN,1,120,2.0,0,52,596.0,814.0,0.0,218.0,110,True,0,180.0
cluster_9,BLUE,GREEN,1,120,2.0,0,51,2730.0,3396.0,0.0,666.0,595,True,0,180.0
cluster_9,GREEN,001,0,120,2.0,4,0,1483.7,1439.9,43.8,0.0,456,True,0,180.0
cluster_9,GREEN,001,1,120,2.0,1,0,1307.0,1262.6,44.5,0.0,467,True,0,180.0
cluster_9,GREEN,003,0,120,2.0,0,4,973.6,1054.6,0.0,80.9,468,True,0,180.0
cluster_9,GREEN,003,1,120,2.0,0,0,720.2,739.2,0.0,18.9,461,True,0,180.0
cluster_9,GREEN,009,0,120,2.0,2,0,1825.8,1845.1,0.0,19.3,458,True,0,180.0
cluster_9,GREEN,009,1,120,2.0,3,0,2194.3,2162.2,32.1,0.0,456,True,0,180.0
cluster_9,GREEN,013,0,120,2.0,12,0,2855.6,2956.1,0.0,100.5,461,True,0,180.0
cluster_9,GREEN,013,1,120,2.0,0,0,1244.6,982.9,261.7,0.0,460,True,0,180.0
cluster_9,GREEN,016,0,120,2.0,0,4,2813.2,3044.5,0.0,231.3,462,True,0,180.0
cluster_9,GREEN,016,1,120,2.0,0,2,2894.6,3275.9,0.0,381.3,454,True,0,180.0
cluster_9,GREEN,018,0,120,2.0,1,0,1660.7,1328.3,332.4,0.0,462,True,0,180.0
cluster_9,GREEN,018,1,120,2.0,0,3,2103.9,1888.7,215.3,0.0,463,True,0,180.0
cluster_9,GREEN,102,0,120,2.0,15,0,3651.7,3512.3,139.4,0.0,452,True,0,180.0
cluster_9,GREEN,102,1,120,2.0,0,1,3676.8,3844.5,0.0,167.7,455,True,0,180.0
cluster_9,GREEN,103,0,120,2.0,0,10,3495.7,3658.7,0.0,163.0,445,True,0,180.0
cluster_9,GREEN,103,1,120,2.0,0,19,3360.1,3483.9,0.0,123.8,448,True,0,180.0
cluster_9,GREEN,106,0,120,2.0,0,24,3825.3,4152.2,0.0,326.9,464,True,0,180.0
cluster_9,GREEN,106,1,120,2.0,0,23,3451.0,3740.6,0.0,289.6,460,True,0,180.0
cluster_9,GREEN,109,0,120,2.0,7,0,3353.0,3109.7,243.3,0.0,464,True,0,180.0
cluster_9,GREEN,109,1,120,2.0,0,10,3858.0,4075.0,0.0,216.9,455,True,0,180.0
cluster_9,GREEN,128,0,120,2.0,1,0,3783.2,3699.0,84.3,0.0,467,True,0,180.0
cluster_9,GREEN,128,1,120,2.0,0,20,4013.2,4075.6,0.0,62.3,461,True,0,180.0
cluster_9,GREEN,145,0,120,2.0,2,0,3365.0,3295.8,69.2,0.0,464,True,0,180.0
cluster_9,GREEN,145,1,120,2.0,1,0,3664.7,3866.6,0.0,201.9,455,True,0,180.0
cluster_9,GREEN,147,0,120,2.0,0,3,2977.4,3027.0,0.0,49.5,464,True,0,180.0
cluster_9,GREEN,147,1,120,2.0,9,0,2981.4,2835.5,145.9,0.0,453,True,0,180.0
cluster_9,GREEN,205,0,120,2.0,1,0,6757.6,6947.4,0.0,189.8,464,True,0,180.0
cluster_9,GREEN,205,1,120,2.0,0,0,6168.2,6222.3,0.0,54.1,458,True,0,180.0
cluster_9,GREEN,207,0,120,2.0,3,0,6223.6,6161.6,62.1,0.0,445,True,0,180.0
cluster_9,GREEN,207,1,120,2.0,7,0,8347.9,8260.3,87.6,0.0,445,True,0,180.0
cluster_9,GREEN,214,0,120,2.0,0,2,4931.1,5205.2,0.0,274.1,459,True,0,180.0
cluster_9,GREEN,214,1,120,2.0,4,0,5860.8,5764.2,96.6,0.0,449,True,0,180.0
cluster_9,GREEN,224,0,120,2.0,0,6,3130.3,3180.1,0.0,49.8,459,True,0,180.0
cluster_9,GREEN,224,1,120,2.0,0,1,8896.5,9118.5,0.0,222.0,440,True,0,180.0
cluster_9,GREEN,230,0,120,2.0,0,8,5037.1,5119.6,0.0,82.4,455,True,0,180.0
cluster_9,GREEN,230,1,120,2.0,0,11,5557.7,5951.8,0.0,394.1,448,True,0,180.0
cluster_9,GREEN,237,0,120,2.0,0,1,5584.3,5328.0,256.3,0.0,444,True,0,180.0
cluster_9,GREEN,237,1,120,2.0,0,8,4533.8,4692.7,0.0,158.9,444,True,0,180.0
cluster_9,GREEN,239,0,120,2.0,3,0,5537.2,5223.8,313.4,0.0,447,True,0,180.0
cluster_9,GREEN,239,1,120,2.0,2,0,6329.4,5989.9,339.5,0.0,441,True,0,180.0
cluster_9,GREEN,249,0,120,2.0,2,0,6588.0,6354.4,233.6,0.0,444,True,0,180.0
cluster_9,GREEN,249,1,120,2.0,0,12,5540.5,5900.0,0.0,359.5,445,True,0,180.0
cluster_9,GREEN,306,0,120,2.0,6,0,14331.9,14097.6,234.3,0.0,320,True,0,180.0
cluster_9,GREEN,306,1,120,2.0,0,0,13904.3,13714.6,189.7,0.0,319,True,0,180.0
cluster_9,GREEN,308,0,120,2.0,0,0,22167.8,22040.9,126.9,0.0,329,True,0,180.0
cluster_9,GREEN,308,1,120,2.0,1,0,16847.6,16741.1,106.5,0.0,348,True,0,180.0
cluster_9,GREEN,421,0,120,2.0,0,1,14450.0,14428.0,22.0,0.0,322,True,0,180.0
cluster_9,GREEN,421,1,120,2.0,0,1,14574.0,14789.0,0.0,215.0,323,True,0,180.0
cluster_9,GREEN,425,0,120,2.0,6,0,1129.5,1088.4,41.2,0.0,336,True,0,180.0
cluster_9,GREEN,425,1,120,2.0,0,0,654.1,649.0,5.1,0.0,353,True,0,180.0
cluster_9,GREEN,620,0,120,2.0,0,50,4058.5,4628.5,0.0,570.0,428,True,0,180.0
cluster_9,GREEN,620,1,120,2.0,0,0,4054.0,3644.0,410.0,0.0,424,True,0,180.0
cluster_9,GREEN,BLUE,0,120,2.0,0,0,2547.5,2710.5,0.0,163.0,476,True,0,180.0
cluster_9,GREEN,BLUE,1,120,2.0,0,0,1220.0,903.0,317.0,0.0,467,True,0,180.0
cluster_9,GREEN,GREEN,0,120,2.0,0,2,484.5,344.0,140.5,0.0,228,True,0,180.0
cluster_9,GREEN,GREEN,1,120,2.0,0,52,1933.5,2315.5,0.0,382.0,228,True,0,180.0
cluster_9,GREEN,ORANGE,0,120,2.0,0,51,2726.5,3418.5,0.0,692.0,467,True,0,180.0
cluster_9,GREEN,ORANGE,1,120,2.0,50,0,2514.0,2078.0,436.0,0.0,452,True,0,180.0
cluster_9,GREEN,RED,0,120,2.0,0,0,1479.0,1200.5,278.5,0.0,464,True,0,180.0
cluster_9,GREEN,RED,1,120,2.0,2,0,1741.0,1697.0,44.0,0.0,464,True,0,180.0
cluster_9,GREEN,TRE,0,120,2.0,0,2,8714.0,8634.0,80.0,0.0,415,True,0,180.0
cluster_9,GREEN,TRE,1,120,2.0,0,11,9227.0,9565.0,0.0,338.0,441,True,0,180.0
cluster_9,ORANGE,GREEN,1,120,2.0,0,0,1983.0,1770.0,213.0,0.0,454,True,0,180.0
cluster_9,RED,GREEN,1,120,2.0,0,50,3733.0,3976.0,0.0,243.0,576,True,0,180.0
cluster_9,TRE,GREEN,1,120,2.0,0,20,321.0,403.0,0.0,82.0,56,True,0,180.0
cluster_924,GREEN,GREEN,0,120,2.0,0,1,802.0,702.0,100.0,0.0,60,True,0,180.0
cluster_924,GREEN,GREEN,1,120,2.0,0,1,210.0,330.0,0.0,120.0,60,True,0,180.0
cluster_925,232,GREEN,1,120,2.0,0,4,547.5,599.5,0.0,52.0,66,True,0,180.0
cluster_925,GREEN,232,0,120,2.0,0,6,2050.0,2144.0,0.0,94.0,113,True,0,180.0
cluster_925,GREEN,232,1,120,2.0,2,0,2074.5,2032.5,42.0,0.0,112,True,0,180.0
cluster_925,GREEN,GREEN,0,120,2.0,0,45,187.0,982.0,0.0,795.0,60,True,0,180.0
cluster_925,GREEN,GREEN,1,120,2.0,0,47,850.0,970.0,0.0,120.0,60,True,0,180.0
cluster_926,233,GREEN,1,120,2.0,2,0,672.0,708.5,0.0,36.5,64,True,0,180.0
cluster_926,GREEN,233,0,120,2.0,1,0,2501.5,2429.5,72.0,0.0,117,True,0,180.0
cluster_926,GREEN,233,1,120,2.0,0,0,2288.0,2226.0,62.0,0.0,116,True,0,180.0
cluster_926,GREEN,GREEN,0,120,2.0,0,1,424.5,326.5,98.0,0.0,59,True,0,180.0
cluster_926,GREEN,GREEN,1,120,2.0,1,0,623.0,721.0,0.0,98.0,59,True,0,180.0
cluster_927,GREEN,GREEN,0,120,2.0,0,1,669.5,601.5,68.0,0.0,59,True,0,180.0
cluster_927,GREEN,GREEN,1,120,2.0,1,0,376.5,469.5,0.0,93.0,59,True,0,180.0
cluster_928,005,GREEN,1,120,2.0,0,2,1563.0,1504.0,59.0,0.0,149,True,0,180.0
cluster_928,103,GREEN,1,120,2.0,0,0,822.0,976.0,0.0,154.0,87,True,0,180.0
cluster_928,207,GREEN,1,120,2.0,0,7,1107.3,1259.3,0.0,152.0,106,True,0,180.0
cluster_928,GREEN,005,0,120,2.0,13,0,872.5,831.5,41.0,0.0,116,True,0,180.0
cluster_928,GREEN,005,1,120,2.0,0,15,915.5,1064.5,0.0,149.0,116,True,0,180.0
cluster_928,GREEN,103,0,120,2.0,1,0,1547.5,1439.5,108.0,0.0,110,True,0,180.0
cluster_928,GREEN,103,1,120,2.0,0,1,1395.5,1316.5,79.0,0.0,111,True,0,180.0
cluster_928,GREEN,207,0,120,2.0,0,2,2213.3,2174.2,39.1,0.0,109,True,0,180.0
cluster_928,GREEN,207,1,120,2.0,1,0,2339.1,2318.9,20.1,0.0,110,True,0,180.0
cluster_928,GREEN,GREEN,0,120,2.0,0,2,877.0,815.0,62.0,0.0,56,True,0,180.0
cluster_928,GREEN,GREEN,1,120,2.0,48,0,1077.5,207.5,870.0,0.0,55,True,0,180.0
cluster_928,GREEN,ORANGE,0,120,2.0,1,0,1526.5,1440.5,86.0,0.0,116,True,0,180.0
cluster_928,GREEN,ORANGE,1,120,2.0,0,0,1363.0,1253.0,110.0,0.0,114,True,0,180.0
cluster_928,ORANGE,GREEN,1,120,2.0,0,0,659.5,827.5,0.0,168.0,112,True,0,180.0
cluster_929,306,GREEN,1,120,2.0,2,0,386.0,430.0,0.0,44.0,42,True,0,180.0
cluster_929,GREEN,306,0,120,2.0,2,0,4004.5,3956.5,48.0,0.0,79,True,0,180.0
cluster_929,GREEN,306,1,120,2.0,0,0,3804.5,3783.5,21.0,0.0,78,True,0,180.0
cluster_929,GREEN,GREEN,0,120,2.0,0,0,351.0,249.0,102.0,0.0,56,True,0,180.0
cluster_929,GREEN,GREEN,1,120,2.0,0,1,608.0,720.0,0.0,112.0,56,True,0,180.0
cluster_929,GREEN,ORANGE,0,120,2.0,0,49,1002.5,1889.5,0.0,887.0,116,True,0,180.0
cluster_929,GREEN,ORANGE,1,120,2.0,0,0,922.0,812.0,110.0,0.0,114,True,0,180.0
cluster_929,ORANGE,GREEN,1,120,2.0,0,49,1126.5,1350.5,0.0,224.0,113,True,0,180.0
cluster_107,207,GREEN,1,180,3.0,29,0,3193.5,3209.5,0.0,16.0,339,True,0,120.0
cluster_107,213,GREEN,1,180,3.0,0,9,3912.7,4156.7,0.0,244.0,378,True,0,120.0
cluster_107,GREEN,207,0,180,3.0,5,0,2346.1,2200.6,145.5,0.0,109,True,0,120.0
cluster_107,GREEN,207,1,180,3.0,0,0,2218.3,2136.0,82.3,0.0,110,True,0,120.0
cluster_107,GREEN,213,0,180,3.0,0,1,1723.6,1596.0,127.6,0.0,112,True,0,120.0
cluster_107,GREEN,213,1,180,3.0,3,0,2092.3,2107.1,0.0,14.8,114,True,0,120.0
cluster_107,GREEN,GREEN,0,180,3.0,0,0,460.5,295.5,165.0,0.0,55,True,0,120.0
cluster_107,GREEN,GREEN,1,180,3.0,3,0,565.0,630.0,0.0,65.0,54,True,0,120.0
cluster_107,GREEN,ORANGE,0,180,3.0,0,49,1041.5,1872.5,0.0,831.0,115,True,0,120.0
cluster_107,GREEN,ORANGE,1,180,3.0,0,0,933.0,768.0,165.0,0.0,114,True,0,120.0
cluster_107,ORANGE,GREEN,1,180,3.0,0,48,1052.5,1385.5,0.0,333.0,111,True,0,120.0
cluster_14,001,GREEN,1,180,3.0,0,2,7682.4,7787.9,0.0,105.6,938,True,0,120.0
cluster_14,009,GREEN,1,180,3.0,8,0,13545.4,13931.4,0.0,386.0,1717,True,0,120.0
cluster_14,018,GREEN,1,180,3.0,0,144,12816.2,12069.5,746.8,0.0,1099,True,0,120.0
cluster_14,023,GREEN,1,180,3.0,0,108,4224.9,5338.9,0.0,1114.0,585,True,0,120.0
cluster_14,214,GREEN,1,180,3.0,0,2,2117.3,2197.8,0.0,80.5,289,True,0,120.0
cluster_14,249,GREEN,1,180,3.0,58,0,5352.4,5010.9,341.5,0.0,693,True,0,120.0
cluster_14,421,GREEN,1,180,3.0,0,20,1026.1,1164.1,0.0,138.0,126,True,0,120.0
cluster_14,BLUE,GREEN,1,180,3.0,0,1,89.0,73.5,15.5,0.0,4,True,0,120.0
cluster_14,GREEN,001,0,180,3.0,0,1,739.7,812.4,0.0,72.7,230,True,0,120.0
cluster_14,GREEN,001,1,180,3.0,1,0,888.6,882.6,6.0,0.0,231,True,0,120.0
cluster_14,GREEN,009,0,180,3.0,0,0,620.8,550.9,69.9,0.0,232,True,0,120.0
cluster_14,GREEN,009,1,180,3.0,0,0,628.5,558.5,70.0,0.0,228,True,0,120.0
cluster_14,GREEN,018,0,180,3.0,0,5,447.4,447.1,0.4,0.0,231,True,0,120.0
cluster_14,GREEN,018,1,180,3.0,0,0,451.1,454.7,0.0,3.6,232,True,0,120.0
cluster_14,GREEN,023,0,180,3.0,19,0,2875.4,2522.7,352.7,0.0,235,True,0,120.0
cluster_14,GREEN,023,1,180,3.0,0,0,787.1,689.8,97.4,0.0,234,True,0,120.0
cluster_14,GREEN,214,0,180,3.0,3,0,4107.6,4157.8,0.0,50.1,229,True,0,120.0
cluster_14,GREEN,214,1,180,3.0,0,8,3377.2,3304.7,72.4,0.0,223,True,0,120.0
cluster_14,GREEN,249,0,180,3.0,2,0,2908.4,2703.1,205.3,0.0,224,True,0,120.0
cluster_14,GREEN,249,1,180,3.0,0,2,2991.0,3221.9,0.0,230.8,222,True,0,120.0
cluster_14,GREEN,421,0,180,3.0,0,0,6593.0,6391.0,202.0,0.0,163,True,0,120.0
cluster_14,GREEN,421,1,180,3.0,0,10,6444.8,6739.3,0.0,294.5,164,True,0,120.0
cluster_14,GREEN,BLUE,0,180,3.0,0,1,5.5,28.0,0.0,22.5,5,True,0,120.0
cluster_14,GREEN,GREEN,0,180,3.0,0,0,1033.0,1573.0,0.0,540.0,116,True,0,120.0
cluster_14,GREEN,GREEN,1,180,3.0,48,0,937.5,262.0,675.5,0.0,114,True,0,120.0
cluster_14,GREEN,ORANGE,0,180,3.0,0,0,254.0,241.0,13.0,0.0,18,True,0,120.0
cluster_14,GREEN,ORANGE,1,180,3.0,0,0,326.5,308.5,18.0,0.0,14,True,0,120.0
cluster_14,ORANGE,GREEN,1,180,3.0,1,0,149.5,161.5,0.0,12.0,14,True,0,120.0
cluster_14,RED,GREEN,1,180,3.0,0,0,17.0,23.0,0.0,6.0,2,True,0,120.0
cluster_168,020,GREEN,1,180,3.0,0,73,6940.8,7584.5,0.0,643.7,736,True,0,120.0
cluster_168,213,GREEN,1,180,3.0,5,0,952.2,1090.2,0.0,138.0,126,True,0,120.0
cluster_168,233,GREEN,1,180,3.0,53,0,5020.0,3781.0,1239.0,0.0,403,True,0,120.0
cluster_168,GREEN,020,0,180,3.0,0,0,1110.0,950.5,159.5,0.0,115,True,0,120.0
cluster_168,GREEN,020,1,180,3.0,0,7,664.7,759.5,0.0,94.8,120,True,0,120.0
cluster_168,GREEN,213,0,180,3.0,0,1,2108.1,1970.1,138.0,0.0,114,True,0,120.0
cluster_168,GREEN,213,1,180,3.0,5,0,2472.5,2362.5,110.0,0.0,117,True,0,120.0
cluster_168,GREEN,233,0,180,3.0,23,0,2515.7,2350.4,165.3,0.0,116,True,0,120.0
cluster_168,GREEN,233,1,180,3.0,0,1,1570.5,1514.0,56.5,0.0,117,True,0,120.0
cluster_168,GREEN,GREEN,0,180,3.0,0,47,137.0,940.0,0.0,803.0,59,True,0,120.0
cluster_168,GREEN,GREEN,1,180,3.0,0,50,894.0,1064.0,0.0,170.0,59,True,0,120.0
cluster_168,GREEN,ORANGE,0,180,3.0,0,6,1618.5,1594.5,24.0,0.0,121,True,0,120.0
cluster_168,GREEN,ORANGE,1,180,3.0,0,0,1356.5,1188.0,168.5,0.0,120,True,0,120.0
cluster_168,ORANGE,GREEN,1,180,3.0,0,7,522.0,873.0,0.0,351.0,117,True,0,120.0
cluster_225,218,GREEN,1,180,3.0,0,0,426.0,554.0,0.0,128.0,67,True,0,120.0
cluster_225,220,GREEN,1,180,3.0,48,0,3474.5,3429.5,45.0,0.0,325,True,0,120.0
cluster_225,GREEN,218,0,180,3.0,0,0,2169.5,2025.5,144.0,0.0,116,True,0,120.0
cluster_225,GREEN,218,1,180,3.0,0,0,2107.0,1980.0,127.0,0.0,118,True,0,120.0
cluster_225,GREEN,220,0,180,3.0,6,0,2195.0,2024.0,171.0,0.0,114,True,0,120.0
cluster_225,GREEN,220,1,180,3.0,1,0,1962.3,1852.4,109.9,0.0,111,True,0,120.0
cluster_225,GREEN,GREEN,0,180,3.0,1,0,568.0,422.5,145.5,0.0,59,True,0,120.0
cluster_225,GREEN,GREEN,1,180,3.0,0,1,483.5,630.5,0.0,147.0,58,True,0,120.0
cluster_23,001,GREEN,1,180,3.0,0,19,21316.5,21199.5,117.0,0.0,2002,True,0,120.0
cluster_23,023,GREEN,1,180,3.0,0,25,6867.9,9306.0,0.0,2438.0,920,True,0,120.0
cluster_23,057,GREEN,1,180,3.0,0,34,4060.7,5079.7,0.0,1019.0,449,True,0,120.0
cluster_23,101,GREEN,1,180,3.0,10,0,4138.2,3806.2,332.0,0.0,362,True,0,120.0
cluster_23,122,GREEN,1,180,3.0,15,0,4905.1,3980.2,925.0,0.0,379,True,0,120.0
cluster_23,213,GREEN,1,180,3.0,11,0,2525.1,2458.1,67.0,0.0,252,True,0,120.0
cluster_23,219,GREEN,1,180,3.0,12,0,3704.8,3031.8,673.0,0.0,275,True,0,120.0
cluster_23,230,GREEN,1,180,3.0,7,0,4425.6,5083.9,0.0,658.3,512,True,0,120.0
cluster_23,306,GREEN,1,180,3.0,0,17,461.0,547.0,0.0,86.0,42,True,0,120.0
cluster_23,422,GREEN,1,180,3.0,0,39,2300.0,3115.0,0.0,815.0,280,True,0,120.0
cluster_23,423,GREEN,1,180,3.0,15,0,614.0,471.0,143.0,0.0,54,True,0,120.0
cluster_23,GREEN,001,0,180,3.0,1,0,363.9,315.4,48.5,0.0,114,True,0,120.0
cluster_23,GREEN,001,1,180,3.0,0,0,284.7,277.7,7.0,0.0,115,True,0,120.0
cluster_23,GREEN,023,0,180,3.0,1,0,735.2,577.9,157.3,0.0,117,True,0,120.0
cluster_23,GREEN,023,1,180,3.0,1,0,692.4,535.6,156.8,0.0,115,True,0,120.0
cluster_23,GREEN,057,0,180,3.0,0,10,829.1,860.3,0.0,31.2,116,True,0,120.0
cluster_23,GREEN,057,1,180,3.0,0,4,743.0,680.5,62.5,0.0,115,True,0,120.0
cluster_23,GREEN,101,0,180,3.0,0,3,1175.0,1308.6,0.0,133.6,116,True,0,120.0
cluster_23,GREEN,101,1,180,3.0,11,0,1330.0,1168.0,162.0,0.0,111,True,0,120.0
cluster_23,GREEN,122,0,180,3.0,6,0,950.3,935.9,14.5,0.0,117,True,0,120.0
cluster_23,GREEN,213,0,180,3.0,0,4,1733.6,1699.0,34.6,0.0,112,True,0,120.0
cluster_23,GREEN,213,1,180,3.0,8,0,2239.1,2229.6,9.5,0.0,115,True,0,120.0
cluster_23,GREEN,219,0,180,3.0,6,0,2966.5,2960.5,6.0,0.0,114,True,0,120.0
cluster_23,GREEN,219,1,180,3.0,0,3,2132.5,2057.8,74.7,0.0,113,True,0,120.0
cluster_23,GREEN,230,0,180,3.0,0,4,1474.5,1482.2,0.0,7.7,113,True,0,120.0
cluster_23,GREEN,230,1,180,3.0,0,5,1558.0,1511.8,46.2,0.0,111,True,0,120.0
cluster_23,GREEN,306,0,180,3.0,0,1,4071.0,3999.0,72.0,0.0,79,True,0,120.0
cluster_23,GREEN,306,1,180,3.0,0,16,4143.5,4571.5,0.0,428.0,78,True,0,120.0
cluster_23,GREEN,422,0,180,3.0,0,0,59.5,22.5,37.0,0.0,79,True,0,120.0
cluster_23,GREEN,423,0,180,3.0,1,0,641.0,521.0,120.0,0.0,80,True,0,120.0
cluster_23,GREEN,GREEN,0,180,3.0,0,49,81.0,903.0,0.0,822.0,56,True,0,120.0
cluster_23,GREEN,GREEN,1,180,3.0,0,49,857.5,1022.5,0.0,165.0,55,True,0,120.0
cluster_23,GREEN,ORANGE,0,180,3.0,0,2,1712.5,1585.5,127.0,0.0,116,True,0,120.0
cluster_23,GREEN,ORANGE,1,180,3.0,0,0,1217.0,1052.0,165.0,0.0,114,True,0,120.0
cluster_23,GREEN,TRE,0,180,3.0,2,0,1962.0,1806.0,156.0,0.0,104,True,0,120.0
cluster_23,GREEN,TRE,1,180,3.0,0,15,2527.0,3142.0,0.0,615.0,109,True,0,120.0
cluster_23,ORANGE,GREEN,1,180,3.0,0,2,431.5,767.5,0.0,336.0,112,True,0,120.0
cluster_23,TRE,GREEN,1,180,3.0,0,13,609.0,665.0,0.0,56.0,56,True,0,120.0
cluster_25,001,GREEN,1,180,3.0,9,0,4325.6,4379.6,0.0,54.0,435,True,0,120.0
cluster_25,013,GREEN,1,180,3.0,8,0,1003.0,862.0,141.0,0.0,114,True,0,120.0
cluster_25,023,GREEN,1,180,3.0,5,0,1196.0,1379.0,0.0,183.0,117,True,0,120.0
cluster_25,104,GREEN,1,180,3.0,0,43,5568.1,6279.1,0.0,711.0,598,True,0,120.0
cluster_25,216,GREEN,1,180,3.0,9,0,551.0,533.0,18.0,0.0,54,True,0,120.0
cluster_25,GREEN,001,0,180,3.0,10,0,981.6,867.9,113.7,0.0,116,True,0,120.0
cluster_25,GREEN,001,1,180,3.0,1,0,800.3,753.6,46.7,0.0,116,True,0,120.0
cluster_25,GREEN,013,0,180,3.0,0,0,1680.5,1512.5,168.0,0.0,114,True,0,120.0
cluster_25,GREEN,013,1,180,3.0,8,0,1105.0,1249.0,0.0,144.0,113,True,0,120.0
cluster_25,GREEN,023,0,180,3.0,4,0,1567.5,1387.5,180.0,0.0,118,True,0,120.0
cluster_25,GREEN,023,1,180,3.0,3,0,803.5,649.5,154.0,0.0,116,True,0,120.0
cluster_25,GREEN,104,0,180,3.0,18,0,1269.6,1142.7,126.9,0.0,113,True,0,120.0
cluster_25,GREEN,104,1,180,3.0,0,10,1167.3,1276.1,0.0,108.7,114,True,0,120.0
cluster_25,GREEN,216,0,180,3.0,6,0,2634.5,2469.5,165.0,0.0,111,True,0,120.0
cluster_25,GREEN,216,1,180,3.0,3,0,2739.0,2565.0,174.0,0.0,115,True,0,120.0
cluster_25,GREEN,GREEN,0,180,3.0,2,0,804.5,630.5,174.0,0.0,58,True,0,120.0
cluster_25,GREEN,GREEN,1,180,3.0,0,0,218.5,369.5,0.0,151.0,58,True,0,120.0
cluster_29,018,GREEN,1,180,3.0,0,40,2607.3,3550.8,0.0,943.5,347,True,0,120.0
cluster_29,023,GREEN,1,180,3.0,0,43,4359.4,5299.4,0.0,940.0,349,True,0,120.0
cluster_29,214,GREEN,1,180,3.0,43,0,4478.3,3536.3,942.0,0.0,415,True,0,120.0
cluster_29,BLUE,GREEN,1,180,3.0,0,0,26.5,32.5,0.0,6.0,2,True,0,120.0
cluster_29,GREEN,018,0,180,3.0,0,25,882.2,1226.1,0.0,343.9,116,True,0,120.0
cluster_29,GREEN,018,1,180,3.0,0,2,923.2,802.4,120.8,0.0,116,True,0,120.0
cluster_29,GREEN,023,0,180,3.0,0,13,936.6,1034.7,0.0,98.1,119,True,0,120.0
cluster_29,GREEN,023,1,180,3.0,0,5,929.3,894.7,34.7,0.0,117,True,0,120.0
cluster_29,GREEN,214,0,180,3.0,7,0,1741.2,1803.8,0.0,62.6,115,True,0,120.0
cluster_29,GREEN,214,1,180,3.0,2,0,1808.5,1793.5,15.1,0.0,113,True,0,120.0
cluster_29,GREEN,BLUE,0,180,3.0,0,0,23.0,17.0,6.0,0.0,2,True,0,120.0
cluster_29,GREEN,GREEN,0,180,3.0,4,0,606.5,455.0,151.5,0.0,58,True,0,120.0
cluster_29,GREEN,GREEN,1,180,3.0,3,0,518.5,588.5,0.0,70.0,58,True,0,120.0
cluster_29,GREEN,ORANGE,0,180,3.0,0,0,155.5,140.5,15.0,0.0,8,True,0,120.0
cluster_29,GREEN,ORANGE,1,180,3.0,0,0,131.0,122.0,9.0,0.0,7,True,0,120.0
cluster_29,ORANGE,GREEN,1,180,3.0,0,0,75.5,96.5,0.0,21.0,7,True,0,120.0
cluster_29,RED,GREEN,1,180,3.0,1,0,29.5,2.5,27.0,0.0,1,True,0,120.0
cluster_303,030,GREEN,1,180,3.0,150,0,8140.1,3994.7,4145.4,0.0,522,True,0,120.0
cluster_303,218,GREEN,1,180,3.0,21,0,9633.3,9712.3,0.0,79.0,904,True,0,120.0
cluster_303,GREEN,030,0,180,3.0,54,0,1752.5,1581.2,171.3,0.0,116,True,0,120.0
cluster_303,GREEN,030,1,180,3.0,6,0,1146.6,1412.4,0.0,265.8,118,True,0,120.0
cluster_303,GREEN,218,0,180,3.0,0,5,1175.0,1185.0,0.0,10.0,117,True,0,120.0
cluster_303,GREEN,218,1,180,3.0,12,0,1682.8,1610.7,72.1,0.0,117,True,0,120.0
cluster_303,GREEN,GREEN,0,180,3.0,49,0,1097.0,962.5,134.5,0.0,59,True,0,120.0
cluster_303,GREEN,GREEN,1,180,3.0,0,53,982.0,1159.0,0.0,177.0,59,True,0,120.0
cluster_357,015,GREEN,1,180,3.0,0,2,2256.3,2851.4,0.0,595.0,236,True,0,120.0
cluster_357,038,GREEN,1,180,3.0,0,2,771.5,1116.5,0.0,345.0,115,True,0,120.0
cluster_357,GREEN,015,0,180,3.0,0,0,1222.7,1065.0,157.7,0.0,118,True,0,120.0
cluster_357,GREEN,015,1,180,3.0,2,0,1029.1,870.0,159.0,0.0,118,True,0,120.0
cluster_357,GREEN,038,0,180,3.0,0,1,745.0,588.0,157.0,0.0,117,True,0,120.0
cluster_357,GREEN,038,1,180,3.0,2,0,1347.0,1170.0,177.0,0.0,118,True,0,120.0
cluster_357,GREEN,GREEN,0,180,3.0,2,0,509.0,332.0,177.0,0.0,59,True,0,120.0
cluster_357,GREEN,GREEN,1,180,3.0,1,0,537.0,687.0,0.0,150.0,59,True,0,120.0
cluster_38,013,GREEN,1,180,3.0,17,0,7044.5,8870.7,0.0,1826.1,861,True,0,120.0
cluster_38,216,GREEN,1,180,3.0,0,13,9965.2,9225.2,740.0,0.0,837,True,0,120.0
cluster_38,GREEN,013,0,180,3.0,0,0,636.4,496.0,140.4,0.0,115,True,0,120.0
cluster_38,GREEN,013,1,180,3.0,5,0,745.9,571.9,174.0,0.0,115,True,0,120.0
cluster_38,GREEN,216,0,180,3.0,5,0,1577.6,1463.5,114.1,0.0,112,True,0,120.0
cluster_38,GREEN,216,1,180,3.0,0,10,1909.3,2287.8,0.0,378.5,116,True,0,120.0
cluster_38,GREEN,GREEN,0,180,3.0,0,48,190.5,986.5,0.0,796.0,58,True,0,120.0
cluster_38,GREEN,GREEN,1,180,3.0,0,49,802.5,976.5,0.0,174.0,58,True,0,120.0
cluster_456,227,GREEN,1,180,3.0,0,15,1799.6,1945.6,0.0,146.0,165,True,0,120.0
cluster_456,233,GREEN,1,180,3.0,0,0,1355.8,1552.2,0.0,196.5,157,True,0,120.0
cluster_456,GREEN,227,0,180,3.0,5,0,1891.6,1747.5,144.1,0.0,118,True,0,120.0
cluster_456,GREEN,227,1,180,3.0,0,9,1698.7,1932.2,0.0,233.5,116,True,0,120.0
cluster_456,GREEN,233,0,180,3.0,0,2,2117.1,2008.5,108.6,0.0,116,True,0,120.0
cluster_456,GREEN,233,1,180,3.0,0,4,1834.0,2003.3,0.0,169.4,117,True,0,120.0
cluster_456,GREEN,GREEN,0,180,3.0,50,0,1082.0,902.0,180.0,0.0,60,True,0,120.0
cluster_456,GREEN,GREEN,1,180,3.0,52,0,1019.0,119.5,899.5,0.0,60,True,0,120.0
cluster_827,229,GREEN,1,180,3.0,14,0,2243.9,2145.4,98.5,0.0,231,True,0,120.0
cluster_827,GREEN,229,0,180,3.0,1,0,1999.5,1901.4,98.0,0.0,117,True,0,120.0
cluster_827,GREEN,229,1,180,3.0,0,4,1880.1,1892.7,0.0,12.6,114,True,0,120.0
cluster_827,GREEN,GREEN,0,180,3.0,3,0,617.0,437.0,180.0,0.0,60,True,0,120.0
cluster_827,GREEN,GREEN,1,180,3.0,3,0,494.5,606.5,0.0,112.0,60,True,0,120.0
cluster_827,GREEN,SILVER,0,180,3.0,0,2,2646.0,2532.0,114.0,0.0,116,True,0,120.0
cluster_827,GREEN,SILVER,1,180,3.0,7,0,3046.5,2872.5,174.0,0.0,115,True,0,120.0
cluster_827,SILVER,GREEN,1,180,3.0,5,0,588.5,625.5,0.0,37.0,59,True,0,120.0
cluster_876,GREEN,GREEN,0,180,3.0,0,0,687.0,519.0,168.0,0.0,56,True,0,120.0
cluster_876,GREEN,GREEN,1,180,3.0,0,0,272.0,440.0,0.0,168.0,56,True,0,120.0
cluster_876,GREEN,ORANGE,0,180,3.0,0,1,1291.5,1179.5,112.0,0.0,116,True,0,120.0
cluster_876,GREEN,ORANGE,1,180,3.0,0,0,1650.5,1485.5,165.0,0.0,113,True,0,120.0
cluster_876,GREEN,TRE,0,180,3.0,0,2,2235.5,2140.0,95.5,0.0,103,True,0,120.0
cluster_876,GREEN,TRE,1,180,3.0,0,8,2763.5,2844.5,0.0,81.0,109,True,0,120.0
cluster_876,ORANGE,GREEN,1,180,3.0,0,1,862.5,1171.5,0.0,309.0,113,True,0,120.0
cluster_876,TRE,GREEN,1,180,3.0,0,5,433.0,601.0,0.0,168.0,56,True,0,120.0
cluster_9,001,GREEN,1,180,3.0,0,68,6013.1,6644.1,0.0,631.0,1154,True,0,120.0
cluster_9,003,GREEN,1,180,3.0,36,0,10131.0,9756.1,374.9,0.0,1869,True,0,120.0
cluster_9,009,GREEN,1,180,3.0,43,0,6038.2,5855.5,182.7,0.0,1140,True,0,120.0
cluster_9,013,GREEN,1,180,3.0,0,37,4502.6,6586.6,0.0,2084.0,1197,True,0,120.0
cluster_9,016,GREEN,1,180,3.0,63,0,2883.3,2196.3,687.0,0.0,678,True,0,120.0
cluster_9,018,GREEN,1,180,3.0,0,81,4039.0,5350.0,0.0,1311.0,635,True,0,120.0
cluster_9,102,GREEN,1,180,3.0,60,0,3627.3,3321.6,305.7,0.0,767,True,0,120.0
cluster_9,103,GREEN,1,180,3.0,74,0,3394.0,2413.6,980.4,0.0,530,True,0,120.0
cluster_9,106,GREEN,1,180,3.0,120,0,7480.6,5080.0,2400.5,0.0,1012,True,0,120.0
cluster_9,109,GREEN,1,180,3.0,0,20,4960.6,4893.9,66.8,0.0,786,True,0,120.0
cluster_9,128,GREEN,1,180,3.0,74,0,6395.5,5844.5,551.0,0.0,990,True,0,120.0
cluster_9,145,GREEN,1,180,3.0,124,0,5263.8,3925.1,1338.7,0.0,833,True,0,120.0
cluster_9,147,GREEN,1,180,3.0,0,27,5762.5,5312.4,450.2,0.0,828,True,0,120.0
cluster_9,205,GREEN,1,180,3.0,5,0,1945.9,1981.9,0.0,36.0,372,True,0,120.0
cluster_9,207,GREEN,1,180,3.0,10,0,3989.2,3880.6,108.7,0.0,719,True,0,120.0
cluster_9,214,GREEN,1,180,3.0,27,0,2781.2,2792.2,0.0,11.0,639,True,0,120.0
cluster_9,224,GREEN,1,180,3.0,44,0,2643.4,2105.4,538.0,0.0,460,True,0,120.0
cluster_9,230,GREEN,1,180,3.0,0,1,3560.3,2997.6,562.7,0.0,550,True,0,120.0
cluster_9,237,GREEN,1,180,3.0,15,0,3480.0,3697.9,0.0,217.8,685,True,0,120.0
cluster_9,239,GREEN,1,180,3.0,11,0,2770.9,3509.9,0.0,739.0,533,True,0,120.0
cluster_9,249,GREEN,1,180,3.0,0,57,2134.0,2454.0,0.0,320.0,379,True,0,120.0
cluster_9,306,GREEN,1,180,3.0,0,28,3232.3,3964.3,0.0,732.0,668,True,0,120.0
cluster_9,308,GREEN,1,180,3.0,34,0,5490.6,5262.6,228.0,0.0,1046,True,0,120.0
cluster_9,421,GREEN,1,180,3.0,0,12,187.0,257.0,0.0,70.0,42,True,0,120.0
cluster_9,425,GREEN,1,180,3.0,3,0,5279.2,5291.2,0.0,12.0,1032,True,0,120.0
cluster_9,620,GREEN,1,180,3.0,0,52,596.0,922.0,0.0,326.0,110,True,0,120.0
cluster_9,BLUE,GREEN,1,180,3.0,0,96,2730.0,3636.0,0.0,906.0,595,True,0,120.0
cluster_9,GREEN,001,0,180,3.0,4,0,1483.7,1426.1,57.7,0.0,456,True,0,120.0
cluster_9,GREEN,001,1,180,3.0,1,0,1307.0,1218.0,89.0,0.0,467,True,0,120.0
cluster_9,GREEN,003,0,180,3.0,1,0,973.6,1015.5,0.0,41.9,468,True,0,120.0
cluster_9,GREEN,003,1,180,3.0,0,1,720.2,762.3,0.0,42.1,461,True,0,120.0
cluster_9,GREEN,009,0,180,3.0,6,0,1825.8,1744.2,81.6,0.0,458,True,0,120.0
cluster_9,GREEN,009,1,180,3.0,2,0,2194.3,2068.3,126.0,0.0,456,True,0,120.0
cluster_9,GREEN,013,0,180,3.0,44,0,2855.6,2772.8,82.8,0.0,461,True,0,120.0
cluster_9,GREEN,013,1,180,3.0,0,0,1244.6,949.7,294.9,0.0,460,True,0,120.0
cluster_9,GREEN,016,0,180,3.0,0,31,2813.2,3304.3,0.0,491.2,462,True,0,120.0
cluster_9,GREEN,016,1,180,3.0,0,23,2894.6,3567.1,0.0,672.5,454,True,0,120.0
cluster_9,GREEN,018,0,180,3.0,2,0,1660.7,1178.8,481.9,0.0,462,True,0,120.0
cluster_9,GREEN,018,1,180,3.0,0,3,2103.9,1837.1,266.8,0.0,463,True,0,120.0
cluster_9,GREEN,102,0,180,3.0,32,0,3651.7,3313.1,338.6,0.0,452,True,0,120.0
cluster_9,GREEN,102,1,180,3.0,5,0,3676.8,3945.7,0.0,268.9,455,True,0,120.0
cluster_9,GREEN,103,0,180,3.0,5,0,3495.7,3553.6,0.0,57.9,445,True,0,120.0
cluster_9,GREEN,103,1,180,3.0,0,30,3360.1,3617.4,0.0,257.3,448,True,0,120.0
cluster_9,GREEN,106,0,180,3.0,0,25,3825.3,4195.1,0.0,369.8,464,True,0,120.0
cluster_9,GREEN,106,1,180,3.0,0,39,3451.0,3882.0,0.0,431.0,460,True,0,120.0
cluster_9,GREEN,109,0,180,3.0,5,0,3353.0,3023.2,329.8,0.0,464,True,0,120.0
cluster_9,GREEN,109,1,180,3.0,0,17,3858.0,4149.6,0.0,291.6,455,True,0,120.0
cluster_9,GREEN,128,0,180,3.0,2,0,3783.2,3749.0,34.2,0.0,467,True,0,120.0
cluster_9,GREEN,128,1,180,3.0,0,13,4013.2,4006.8,6.4,0.0,461,True,0,120.0
cluster_9,GREEN,145,0,180,3.0,5,0,3365.0,3190.2,174.8,0.0,464,True,0,120.0
cluster_9,GREEN,145,1,180,3.0,9,0,3664.7,3848.6,0.0,183.9,455,True,0,120.0
cluster_9,GREEN,147,0,180,3.0,0,1,2977.4,2971.0,6.4,0.0,464,True,0,120.0
cluster_9,GREEN,147,1,180,3.0,1,0,2981.4,2910.5,70.9,0.0,453,True,0,120.0
cluster_9,GREEN,205,0,180,3.0,0,11,6757.6,7179.5,0.0,421.9,464,True,0,120.0
cluster_9,GREEN,205,1,180,3.0,0,15,6168.2,6486.8,0.0,318.6,458,True,0,120.0
cluster_9,GREEN,207,0,180,3.0,5,0,6223.6,6037.1,186.5,0.0,445,True,0,120.0
cluster_9,GREEN,207,1,180,3.0,10,0,8347.9,8069.1,278.8,0.0,445,True,0,120.0
cluster_9,GREEN,214,0,180,3.0,2,0,4931.1,5196.5,0.0,265.4,459,True,0,120.0
cluster_9,GREEN,214,1,180,3.0,19,0,5860.8,5667.0,193.8,0.0,449,True,0,120.0
cluster_9,GREEN,224,0,180,3.0,0,8,3130.3,3211.9,0.0,81.7,459,True,0,120.0
cluster_9,GREEN,224,1,180,3.0,5,0,8896.5,9159.5,0.0,263.0,440,True,0,120.0
cluster_9,GREEN,230,0,180,3.0,0,19,5037.1,5351.4,0.0,314.3,455,True,0,120.0
cluster_9,GREEN,230,1,180,3.0,0,6,5557.7,5903.0,0.0,345.3,448,True,0,120.0
cluster_9,GREEN,237,0,180,3.0,0,1,5584.3,5248.5,335.8,0.0,444,True,0,120.0
cluster_9,GREEN,237,1,180,3.0,1,0,4533.8,4640.4,0.0,106.6,444,True,0,120.0
cluster_9,GREEN,239,0,180,3.0,0,1,5537.2,5123.5,413.7,0.0,447,True,0,120.0
cluster_9,GREEN,239,1,180,3.0,7,0,6329.4,5784.6,544.8,0.0,441,True,0,120.0
cluster_9,GREEN,249,0,180,3.0,1,0,6588.0,6267.9,320.1,0.0,444,True,0,120.0
cluster_9,GREEN,249,1,180,3.0,0,10,5540.5,5809.0,0.0,268.4,445,True,0,120.0
cluster_9,GREEN,306,0,180,3.0,6,0,14331.9,14006.7,325.2,0.0,320,True,0,120.0
cluster_9,GREEN,306,1,180,3.0,0,1,13904.3,13612.2,292.2,0.0,319,True,0,120.0
cluster_9,GREEN,308,0,180,3.0,0,0,22167.8,21965.9,201.9,0.0,329,True,0,120.0
cluster_9,GREEN,308,1,180,3.0,1,0,16847.6,16697.6,150.1,0.0,348,True,0,120.0
cluster_9,GREEN,421,0,180,3.0,7,0,14450.0,14296.0,154.0,0.0,322,True,0,120.0
cluster_9,GREEN,421,1,180,3.0,0,2,14574.0,14656.0,0.0,82.0,323,True,0,120.0
cluster_9,GREEN,425,0,180,3.0,0,6,1129.5,1215.3,0.0,85.8,336,True,0,120.0
cluster_9,GREEN,425,1,180,3.0,0,1,654.1,581.0,73.1,0.0,353,True,0,120.0
cluster_9,GREEN,620,0,180,3.0,0,100,4058.5,5414.5,0.0,1356.0,428,True,0,120.0
cluster_9,GREEN,620,1,180,3.0,0,0,4054.0,3450.0,604.0,0.0,424,True,0,120.0
cluster_9,GREEN,BLUE,0,180,3.0,52,0,2547.5,2483.5,64.0,0.0,476,True,0,120.0
cluster_9,GREEN,BLUE,1,180,3.0,0,0,1220.0,898.0,322.0,0.0,467,True,0,120.0
cluster_9,GREEN,GREEN,0,180,3.0,0,5,484.5,321.5,163.0,0.0,228,True,0,120.0
cluster_9,GREEN,GREEN,1,180,3.0,1,0,1933.5,1773.5,160.0,0.0,228,True,0,120.0
cluster_9,GREEN,ORANGE,0,180,3.0,0,102,2726.5,4205.5,0.0,1479.0,467,True,0,120.0
cluster_9,GREEN,ORANGE,1,180,3.0,50,0,2514.0,1868.0,646.0,0.0,452,True,0,120.0
cluster_9,GREEN,RED,0,180,3.0,1,0,1479.0,974.5,504.5,0.0,464,True,0,120.0
cluster_9,GREEN,RED,1,180,3.0,3,0,1741.0,1467.0,274.0,0.0,464,True,0,120.0
cluster_9,GREEN,TRE,0,180,3.0,5,0,8714.0,8488.0,226.0,0.0,415,True,0,120.0
cluster_9,GREEN,TRE,1,180,3.0,0,11,9227.0,9346.0,0.0,119.0,441,True,0,120.0
cluster_9,ORANGE,GREEN,1,180,3.0,0,3,1983.0,2216.0,0.0,233.0,454,True,0,120.0
cluster_9,RED,GREEN,1,180,3.0,0,2,3733.0,3616.0,117.0,0.0,576,True,0,120.0
cluster_9,TRE,GREEN,1,180,3.0,0,20,321.0,441.0,0.0,120.0,56,True,0,120.0
cluster_924,GREEN,GREEN,0,180,3.0,0,1,802.0,642.0,160.0,0.0,60,True,0,120.0
cluster_924,GREEN,GREEN,1,180,3.0,0,1,210.0,390.0,0.0,180.0,60,True,0,120.0
cluster_925,232,GREEN,1,180,3.0,0,4,547.5,645.5,0.0,98.0,66,True,0,120.0
cluster_925,GREEN,232,0,180,3.0,0,6,2050.0,2088.0,0.0,38.0,113,True,0,120.0
cluster_925,GREEN,232,1,180,3.0,2,0,2074.5,2006.5,68.0,0.0,112,True,0,120.0
cluster_925,GREEN,GREEN,0,180,3.0,0,45,187.0,922.0,0.0,735.0,60,True,0,120.0
cluster_925,GREEN,GREEN,1,180,3.0,0,47,850.0,1030.0,0.0,180.0,60,True,0,120.0
cluster_926,233,GREEN,1,180,3.0,5,0,672.0,592.5,79.5,0.0,64,True,0,120.0
cluster_926,GREEN,233,0,180,3.0,5,0,2501.5,2370.5,131.0,0.0,117,True,0,120.0
cluster_926,GREEN,233,1,180,3.0,0,1,2288.0,2342.0,0.0,54.0,116,True,0,120.0
cluster_926,GREEN,GREEN,0,180,3.0,0,1,424.5,267.5,157.0,0.0,59,True,0,120.0
cluster_926,GREEN,GREEN,1,180,3.0,0,0,623.0,780.0,0.0,157.0,59,True,0,120.0
cluster_927,GREEN,GREEN,0,180,3.0,0,1,669.5,542.5,127.0,0.0,59,True,0,120.0
cluster_927,GREEN,GREEN,1,180,3.0,1,0,376.5,508.5,0.0,132.0,59,True,0,120.0
cluster_928,005,GREEN,1,180,3.0,0,16,1563.0,1630.0,0.0,67.0,149,True,0,120.0
cluster_928,103,GREEN,1,180,3.0,18,0,822.0,703.0,119.0,0.0,87,True,0,120.0
cluster_928,207,GREEN,1,180,3.0,0,20,1107.3,1243.3,0.0,136.0,106,True,0,120.0
cluster_928,GREEN,005,0,180,3.0,0,2,872.5,998.5,0.0,126.0,116,True,0,120.0
cluster_928,GREEN,005,1,180,3.0,0,14,915.5,1006.5,0.0,91.0,116,True,0,120.0
cluster_928,GREEN,103,0,180,3.0,19,0,1547.5,1385.5,162.0,0.0,110,True,0,120.0
cluster_928,GREEN,103,1,180,3.0,0,1,1395.5,1260.5,135.0,0.0,111,True,0,120.0
cluster_928,GREEN,207,0,180,3.0,0,8,2213.3,2447.5,0.0,234.2,109,True,0,120.0
cluster_928,GREEN,207,1,180,3.0,1,0,2339.1,2278.4,60.7,0.0,110,True,0,120.0
cluster_928,GREEN,GREEN,0,180,3.0,0,1,877.0,759.0,118.0,0.0,56,True,0,120.0
cluster_928,GREEN,GREEN,1,180,3.0,46,0,1077.5,262.5,815.0,0.0,55,True,0,120.0
cluster_928,GREEN,ORANGE,0,180,3.0,0,0,1526.5,1427.5,99.0,0.0,116,True,0,120.0
cluster_928,GREEN,ORANGE,1,180,3.0,0,0,1363.0,1198.0,165.0,0.0,114,True,0,120.0
cluster_928,ORANGE,GREEN,1,180,3.0,0,1,659.5,938.5,0.0,279.0,112,True,0,120.0
cluster_929,306,GREEN,1,180,3.0,3,0,386.0,412.0,0.0,26.0,42,True,0,120.0
cluster_929,GREEN,306,0,180,3.0,1,0,4004.5,3937.0,67.5,0.0,79,True,0,120.0
cluster_929,GREEN,306,1,180,3.0,0,0,3804.5,3744.5,60.0,0.0,78,True,0,120.0
cluster_929,GREEN,GREEN,0,180,3.0,0,0,351.0,193.0,158.0,0.0,56,True,0,120.0
cluster_929,GREEN,GREEN,1,180,3.0,0,1,608.0,776.0,0.0,168.0,56,True,0,120.0
cluster_929,GREEN,ORANGE,0,180,3.0,0,49,1002.5,1830.5,0.0,828.0,116,True,0,120.0
cluster_929,GREEN,ORANGE,1,180,3.0,0,0,922.0,757.0,165.0,0.0,114,True,0,120.0
cluster_929,ORANGE,GREEN,1,180,3.0,0,49,1126.5,1462.5,0.0,336.0,113,True,0,120.0
cluster_1,027,ORANGE,0,-180,-3.0,2,0,8827.9,6691.2,2136.7,0.0,774,False,4,60.0
cluster_1,ORANGE,027,0,-180,-3.0,1,0,784.7,925.2,0.0,140.6,106,False,4,60.0
cluster_1,ORANGE,027,1,-180,-3.0,1,0,510.4,653.8,0.0,143.4,106,False,4,60.0
cluster_1,ORANGE,ORANGE,0,-180,-3.0,0,0,303.0,150.0,153.0,0.0,51,False,4,60.0
cluster_1,ORANGE,ORANGE,1,-180,-3.0,0,0,573.5,729.5,0.0,156.0,52,False,4,60.0
cluster_1,ORANGE,RED,0,-180,-3.0,0,1,1228.0,1387.0,0.0,159.0,106,False,4,60.0
cluster_1,ORANGE,RED,1,-180,-3.0,1,0,563.0,701.0,0.0,138.0,106,False,4,60.0
cluster_1,RED,ORANGE,0,-180,-3.0,0,0,1190.0,883.5,306.5,0.0,103,False,4,60.0
cluster_1016,ORANGE,ORANGE,0,-180,-3.0,48,0,1028.0,851.0,177.0,0.0,59,False,4,60.0
cluster_1016,ORANGE,ORANGE,1,-180,-3.0,0,47,955.5,1117.5,0.0,162.0,60,False,4,60.0
cluster_1017,227,ORANGE,0,-180,-3.0,2,0,837.7,706.7,131.0,0.0,97,False,4,60.0
cluster_1017,ORANGE,227,0,-180,-3.0,2,0,1946.7,1998.3,0.0,51.7,113,False,4,60.0
cluster_1017,ORANGE,227,1,-180,-3.0,0,2,1973.5,2076.5,0.0,103.0,115,False,4,60.0
cluster_1017,ORANGE,ORANGE,0,-180,-3.0,0,2,758.0,661.0,97.0,0.0,59,False,4,60.0
cluster_1017,ORANGE,ORANGE,1,-180,-3.0,0,2,275.5,455.5,0.0,180.0,60,False,4,60.0
cluster_1020,ORANGE,ORANGE,0,-180,-3.0,42,0,870.5,813.5,57.0,0.0,61,False,4,60.0
cluster_1020,ORANGE,ORANGE,1,-180,-3.0,43,0,1121.5,352.5,769.0,0.0,61,False,4,60.0
cluster_1020,ORANGE,SILVER,0,-180,-3.0,0,0,2675.0,2852.0,0.0,177.0,118,False,4,60.0
cluster_1020,ORANGE,SILVER,1,-180,-3.0,2,0,2157.0,2212.0,0.0,55.0,117,False,4,60.0
cluster_1020,SILVER,ORANGE,0,-180,-3.0,3,0,580.0,400.0,180.0,0.0,60,False,4,60.0
cluster_1058,ORANGE,ORANGE,0,-180,-3.0,7,0,649.5,469.5,180.0,0.0,60,False,4,60.0
cluster_1058,ORANGE,ORANGE,1,-180,-3.0,6,0,567.0,580.0,0.0,13.0,61,False,4,60.0
cluster_1062,ORANGE,ORANGE,0,-180,-3.0,0,0,283.0,220.0,63.0,0.0,21,False,4,60.0
cluster_1062,ORANGE,ORANGE,1,-180,-3.0,0,0,643.0,706.0,0.0,63.0,21,False,4,60.0
cluster_1062,ORANGE,RED,0,-180,-3.0,0,0,459.0,525.0,0.0,66.0,43,False,4,60.0
cluster_1062,ORANGE,RED,1,-180,-3.0,0,0,252.0,318.0,0.0,66.0,44,False,4,60.0
cluster_1062,RED,ORANGE,0,-180,-3.0,0,0,10832.0,10535.0,297.0,0.0,99,False,4,60.0
cluster_107,207,ORANGE,0,-180,-3.0,0,13,3906.8,3921.8,0.0,15.0,345,False,4,60.0
cluster_107,213,ORANGE,0,-180,-3.0,34,0,4582.1,4377.1,205.0,0.0,390,False,4,60.0
cluster_107,GREEN,ORANGE,0,-180,-3.0,0,49,1041.5,1701.5,0.0,660.0,115,False,4,60.0
cluster_107,ORANGE,207,0,-180,-3.0,0,2,2040.1,2136.6,0.0,96.5,110,False,4,60.0
cluster_107,ORANGE,207,1,-180,-3.0,6,0,2317.0,2272.6,44.4,0.0,109,False,4,60.0
cluster_107,ORANGE,213,0,-180,-3.0,3,0,2116.3,2076.9,39.4,0.0,110,False,4,60.0
cluster_107,ORANGE,213,1,-180,-3.0,8,0,2128.9,1843.7,285.3,0.0,114,False,4,60.0
cluster_107,ORANGE,GREEN,0,-180,-3.0,0,0,918.0,1086.0,0.0,168.0,114,False,4,60.0
cluster_107,ORANGE,GREEN,1,-180,-3.0,0,48,1052.5,1220.5,0.0,168.0,111,False,4,60.0
cluster_107,ORANGE,ORANGE,0,-180,-3.0,2,0,586.5,418.5,168.0,0.0,56,False,4,60.0
cluster_107,ORANGE,ORANGE,1,-180,-3.0,3,0,494.5,572.5,0.0,78.0,56,False,4,60.0
cluster_14,001,ORANGE,0,-180,-3.0,0,3,491.1,640.1,0.0,149.0,39,False,4,60.0
cluster_14,009,ORANGE,0,-180,-3.0,0,4,1042.8,1137.7,0.0,94.9,61,False,4,60.0
cluster_14,018,ORANGE,0,-180,-3.0,4,0,1182.4,1134.4,48.0,0.0,76,False,4,60.0
cluster_14,023,ORANGE,0,-180,-3.0,2,0,713.2,730.2,0.0,17.0,45,False,4,60.0
cluster_14,214,ORANGE,0,-180,-3.0,0,0,178.7,124.7,54.0,0.0,18,False,4,60.0
cluster_14,249,ORANGE,0,-180,-3.0,0,2,316.6,263.6,53.0,0.0,33,False,4,60.0
cluster_14,BLUE,ORANGE,0,-180,-3.0,0,0,37.0,19.0,18.0,0.0,6,False,4,60.0
cluster_14,GREEN,ORANGE,0,-180,-3.0,0,0,254.0,225.0,29.0,0.0,18,False,4,60.0
cluster_14,ORANGE,001,0,-180,-3.0,0,2,133.8,151.8,0.0,18.0,12,False,4,60.0
cluster_14,ORANGE,001,1,-180,-3.0,1,0,217.0,205.2,11.9,0.0,12,False,4,60.0
cluster_14,ORANGE,009,0,-180,-3.0,0,0,60.0,51.7,8.3,0.0,12,False,4,60.0
cluster_14,ORANGE,009,1,-180,-3.0,1,0,78.0,49.4,28.6,0.0,12,False,4,60.0
cluster_14,ORANGE,018,0,-180,-3.0,2,0,110.0,86.2,23.8,0.0,12,False,4,60.0
cluster_14,ORANGE,018,1,-180,-3.0,0,0,71.7,84.0,0.0,12.4,12,False,4,60.0
cluster_14,ORANGE,023,0,-180,-3.0,2,0,186.2,160.3,25.9,0.0,16,False,4,60.0
cluster_14,ORANGE,023,1,-180,-3.0,1,0,101.5,94.7,6.8,0.0,14,False,4,60.0
cluster_14,ORANGE,214,0,-180,-3.0,0,0,255.5,273.5,0.0,18.0,10,False,4,60.0
cluster_14,ORANGE,214,1,-180,-3.0,0,0,170.3,188.3,0.0,18.0,8,False,4,60.0
cluster_14,ORANGE,249,0,-180,-3.0,0,0,123.4,134.4,0.0,11.0,8,False,4,60.0
cluster_14,ORANGE,249,1,-180,-3.0,0,1,157.9,175.9,0.0,18.0,8,False,4,60.0
cluster_14,ORANGE,BLUE,0,-180,-3.0,0,0,68.0,80.0,0.0,12.0,4,False,4,60.0
cluster_14,ORANGE,GREEN,0,-180,-3.0,0,1,121.0,139.0,0.0,18.0,12,False,4,60.0
cluster_14,ORANGE,GREEN,1,-180,-3.0,1,0,149.5,149.5,0.0,0.0,14,False,4,60.0
cluster_14,RED,ORANGE,0,-180,-3.0,0,0,44.0,38.0,6.0,0.0,2,False,4,60.0
cluster_168,020,ORANGE,0,-180,-3.0,17,0,7902.8,8548.8,0.0,646.0,760,False,4,60.0
cluster_168,213,ORANGE,0,-180,-3.0,0,18,1113.1,1463.1,0.0,350.0,130,False,4,60.0
cluster_168,233,ORANGE,0,-180,-3.0,7,0,4599.2,4019.2,580.0,0.0,416,False,4,60.0
cluster_168,GREEN,ORANGE,0,-180,-3.0,0,7,1618.5,1425.5,193.0,0.0,121,False,4,60.0
cluster_168,ORANGE,020,0,-180,-3.0,24,0,871.5,468.4,403.0,0.0,118,False,4,60.0
cluster_168,ORANGE,020,1,-180,-3.0,6,0,740.1,729.8,10.3,0.0,119,False,4,60.0
cluster_168,ORANGE,213,0,-180,-3.0,0,9,2541.9,2534.8,7.1,0.0,114,False,4,60.0
cluster_168,ORANGE,213,1,-180,-3.0,12,0,2142.5,1840.1,302.5,0.0,121,False,4,60.0
cluster_168,ORANGE,233,0,-180,-3.0,0,2,1561.4,1691.5,0.0,130.1,117,False,4,60.0
cluster_168,ORANGE,233,1,-180,-3.0,0,4,1863.0,2002.1,0.0,139.1,119,False,4,60.0
cluster_168,ORANGE,GREEN,0,-180,-3.0,0,0,817.0,1003.0,0.0,186.0,125,False,4,60.0
cluster_168,ORANGE,GREEN,1,-180,-3.0,0,6,522.0,702.0,0.0,180.0,117,False,4,60.0
cluster_168,ORANGE,ORANGE,0,-180,-3.0,0,49,233.5,1075.0,0.0,841.5,59,False,4,60.0
cluster_168,ORANGE,ORANGE,1,-180,-3.0,0,0,790.0,971.0,0.0,181.0,60,False,4,60.0
cluster_22,023,ORANGE,0,-180,-3.0,243,0,16559.0,13825.2,2733.8,0.0,1248,False,4,60.0
cluster_22,103,ORANGE,0,-180,-3.0,85,0,7401.1,7464.4,0.0,63.3,610,False,4,60.0
cluster_22,207,ORANGE,0,-180,-3.0,0,8,7170.3,7470.3,0.0,300.0,720,False,4,60.0
cluster_22,237,ORANGE,0,-180,-3.0,0,27,4709.3,4069.3,640.0,0.0,560,False,4,60.0
cluster_22,425,ORANGE,0,-180,-3.0,17,0,8373.7,8146.7,227.0,0.0,849,False,4,60.0
cluster_22,BLUE,ORANGE,0,-180,-3.0,0,0,537.5,225.5,312.0,0.0,104,False,4,60.0
cluster_22,ORANGE,023,0,-180,-3.0,0,0,64.0,76.3,0.0,12.3,106,False,4,60.0
cluster_22,ORANGE,023,1,-180,-3.0,0,0,178.0,198.0,0.0,20.0,106,False,4,60.0
cluster_22,ORANGE,103,0,-180,-3.0,15,0,879.2,724.5,154.7,0.0,106,False,4,60.0
cluster_22,ORANGE,103,1,-180,-3.0,8,0,856.8,723.3,133.5,0.0,106,False,4,60.0
cluster_22,ORANGE,207,0,-180,-3.0,0,2,1595.4,1697.8,0.0,102.4,106,False,4,60.0
cluster_22,ORANGE,207,1,-180,-3.0,10,0,1804.8,1542.9,261.8,0.0,105,False,4,60.0
cluster_22,ORANGE,237,0,-180,-3.0,0,4,1454.5,1589.8,0.0,135.3,105,False,4,60.0
cluster_22,ORANGE,237,1,-180,-3.0,0,12,1613.6,1726.6,0.0,113.0,106,False,4,60.0
cluster_22,ORANGE,425,0,-180,-3.0,1,0,234.8,240.5,0.0,5.7,89,False,4,60.0
cluster_22,ORANGE,425,1,-180,-3.0,1,0,319.5,369.2,0.0,49.7,89,False,4,60.0
cluster_22,ORANGE,BLUE,0,-180,-3.0,0,0,1551.0,1710.0,0.0,159.0,106,False,4,60.0
cluster_22,ORANGE,BLUE,1,-180,-3.0,2,0,1264.0,1363.0,0.0,99.0,106,False,4,60.0
cluster_22,ORANGE,ORANGE,0,-180,-3.0,0,49,77.5,917.5,0.0,840.0,50,False,4,60.0
cluster_22,ORANGE,ORANGE,1,-180,-3.0,0,49,767.0,920.0,0.0,153.0,51,False,4,60.0
cluster_22,ORANGE,RED,0,-180,-3.0,0,1,1056.0,1215.0,0.0,159.0,106,False,4,60.0
cluster_22,ORANGE,RED,1,-180,-3.0,0,0,723.0,882.0,0.0,159.0,106,False,4,60.0
cluster_22,RED,ORANGE,0,-180,-3.0,0,0,1005.0,700.0,305.0,0.0,103,False,4,60.0
cluster_23,001,ORANGE,0,-180,-3.0,1,0,21656.0,21881.0,0.0,225.0,2030,False,4,60.0
cluster_23,023,ORANGE,0,-180,-3.0,0,236,5790.7,8486.3,0.0,2695.6,936,False,4,60.0
cluster_23,057,ORANGE,0,-180,-3.0,0,18,3514.6,2743.6,771.0,0.0,457,False,4,60.0
cluster_23,101,ORANGE,0,-180,-3.0,18,0,3558.0,2752.2,805.9,0.0,369,False,4,60.0
cluster_23,122,ORANGE,0,-180,-3.0,18,0,4303.4,3557.4,746.0,0.0,387,False,4,60.0
cluster_23,213,ORANGE,0,-180,-3.0,16,0,2583.0,2221.0,362.0,0.0,259,False,4,60.0
cluster_23,219,ORANGE,0,-180,-3.0,11,0,3190.4,2651.6,538.8,0.0,280,False,4,60.0
cluster_23,230,ORANGE,0,-180,-3.0,0,26,5205.4,5605.4,0.0,400.0,520,False,4,60.0
cluster_23,306,ORANGE,0,-180,-3.0,0,7,402.0,436.0,0.0,34.0,42,False,4,60.0
cluster_23,422,ORANGE,0,-180,-3.0,0,0,2520.0,2480.0,40.0,0.0,280,False,4,60.0
cluster_23,423,ORANGE,0,-180,-3.0,0,0,486.0,604.0,0.0,118.0,54,False,4,60.0
cluster_23,GREEN,ORANGE,0,-180,-3.0,0,2,1712.5,1414.5,298.0,0.0,116,False,4,60.0
cluster_23,ORANGE,001,0,-180,-3.0,0,3,289.8,348.5,0.0,58.7,113,False,4,60.0
cluster_23,ORANGE,001,1,-180,-3.0,0,2,347.6,375.7,0.0,28.1,114,False,4,60.0
cluster_23,ORANGE,023,0,-180,-3.0,0,53,609.4,781.7,0.0,172.3,115,False,4,60.0
cluster_23,ORANGE,023,1,-180,-3.0,2,0,977.1,983.3,0.0,6.2,114,False,4,60.0
cluster_23,ORANGE,057,0,-180,-3.0,0,9,1159.8,1243.1,0.0,83.2,114,False,4,60.0
cluster_23,ORANGE,057,1,-180,-3.0,0,9,1243.0,1414.0,0.0,171.0,113,False,4,60.0
cluster_23,ORANGE,101,0,-180,-3.0,0,6,1119.8,1242.9,0.0,123.2,114,False,4,60.0
cluster_23,ORANGE,101,1,-180,-3.0,0,0,1252.2,1401.5,0.0,149.2,111,False,4,60.0
cluster_23,ORANGE,122,0,-180,-3.0,0,8,682.6,789.2,0.0,106.6,114,False,4,60.0
cluster_23,ORANGE,213,0,-180,-3.0,0,0,2076.4,2227.5,0.0,151.1,110,False,4,60.0
cluster_23,ORANGE,213,1,-180,-3.0,0,2,1560.7,1631.9,0.0,71.2,114,False,4,60.0
cluster_23,ORANGE,219,0,-180,-3.0,0,0,2019.9,2170.5,0.0,150.6,113,False,4,60.0
cluster_23,ORANGE,219,1,-180,-3.0,0,5,2623.2,2727.1,0.0,103.8,111,False,4,60.0
cluster_23,ORANGE,230,0,-180,-3.0,1,0,1471.9,1321.4,150.5,0.0,112,False,4,60.0
cluster_23,ORANGE,230,1,-180,-3.0,0,14,1577.0,1719.5,0.0,142.5,110,False,4,60.0
cluster_23,ORANGE,306,0,-180,-3.0,0,7,3995.0,4115.0,0.0,120.0,81,False,4,60.0
cluster_23,ORANGE,306,1,-180,-3.0,0,0,3966.0,4026.0,0.0,60.0,78,False,4,60.0
cluster_23,ORANGE,422,0,-180,-3.0,0,0,234.0,154.0,80.0,0.0,79,False,4,60.0
cluster_23,ORANGE,423,0,-180,-3.0,0,14,696.0,740.0,0.0,44.0,80,False,4,60.0
cluster_23,ORANGE,GREEN,0,-180,-3.0,0,0,690.0,858.0,0.0,168.0,114,False,4,60.0
cluster_23,ORANGE,GREEN,1,-180,-3.0,0,2,431.5,602.5,0.0,171.0,112,False,4,60.0
cluster_23,ORANGE,ORANGE,0,-180,-3.0,1,0,290.5,122.5,168.0,0.0,56,False,4,60.0
cluster_23,ORANGE,ORANGE,1,-180,-3.0,1,0,700.5,838.5,0.0,138.0,56,False,4,60.0
cluster_23,ORANGE,TRE,0,-180,-3.0,0,11,2244.5,2397.5,0.0,153.0,103,False,4,60.0
cluster_23,ORANGE,TRE,1,-180,-3.0,0,8,2332.5,2494.5,0.0,162.0,109,False,4,60.0
cluster_23,TRE,ORANGE,0,-180,-3.0,0,20,417.0,668.0,0.0,251.0,56,False,4,60.0
cluster_29,018,ORANGE,0,-180,-3.0,0,0,483.3,411.3,72.0,0.0,24,False,4,60.0
cluster_29,023,ORANGE,0,-180,-3.0,0,3,387.8,495.8,0.0,108.0,24,False,4,60.0
cluster_29,214,ORANGE,0,-180,-3.0,0,0,400.9,322.9,78.0,0.0,26,False,4,60.0
cluster_29,BLUE,ORANGE,0,-180,-3.0,0,0,21.5,12.5,9.0,0.0,3,False,4,60.0
cluster_29,GREEN,ORANGE,0,-180,-3.0,0,0,155.5,131.5,24.0,0.0,8,False,4,60.0
cluster_29,ORANGE,018,0,-180,-3.0,0,0,33.5,43.8,0.0,10.3,6,False,4,60.0
cluster_29,ORANGE,018,1,-180,-3.0,0,0,36.5,48.5,0.0,12.0,6,False,4,60.0
cluster_29,ORANGE,023,0,-180,-3.0,0,1,97.6,112.6,0.0,15.0,8,False,4,60.0
cluster_29,ORANGE,023,1,-180,-3.0,0,1,70.0,79.4,0.0,9.4,6,False,4,60.0
cluster_29,ORANGE,214,0,-180,-3.0,0,0,101.3,110.3,0.0,9.0,5,False,4,60.0
cluster_29,ORANGE,214,1,-180,-3.0,0,0,54.4,63.4,0.0,9.0,4,False,4,60.0
cluster_29,ORANGE,BLUE,0,-180,-3.0,0,0,36.0,42.0,0.0,6.0,2,False,4,60.0
cluster_29,ORANGE,GREEN,0,-180,-3.0,0,0,96.5,105.5,0.0,9.0,6,False,4,60.0
cluster_29,ORANGE,GREEN,1,-180,-3.0,0,0,75.5,90.5,0.0,15.0,7,False,4,60.0
cluster_29,RED,ORANGE,0,-180,-3.0,0,0,23.0,20.0,3.0,0.0,1,False,4,60.0
cluster_527,200,ORANGE,0,-180,-3.0,29,0,40294.0,40922.0,0.0,628.0,364,False,4,60.0
cluster_527,202,ORANGE,0,-180,-3.0,0,12,29468.6,29024.9,443.7,0.0,289,False,4,60.0
cluster_527,250,ORANGE,0,-180,-3.0,3,0,40967.0,41881.0,0.0,914.0,392,False,4,60.0
cluster_527,ORANGE,200,0,-180,-3.0,0,1,549.5,602.4,0.0,52.9,44,False,4,60.0
cluster_527,ORANGE,200,1,-180,-3.0,4,0,503.6,444.2,59.4,0.0,44,False,4,60.0
cluster_527,ORANGE,202,0,-180,-3.0,1,0,540.5,495.2,45.3,0.0,42,False,4,60.0
cluster_527,ORANGE,202,1,-180,-3.0,0,1,512.4,571.3,0.0,58.9,42,False,4,60.0
cluster_527,ORANGE,250,0,-180,-3.0,0,5,506.2,558.5,0.0,52.3,44,False,4,60.0
cluster_527,ORANGE,250,1,-180,-3.0,3,0,441.3,425.4,15.8,0.0,44,False,4,60.0
cluster_527,ORANGE,ORANGE,0,-180,-3.0,0,17,811.5,1668.5,0.0,857.0,21,False,4,60.0
cluster_527,ORANGE,ORANGE,1,-180,-3.0,0,17,314.5,377.5,0.0,63.0,21,False,4,60.0
cluster_527,ORANGE,RED,0,-180,-3.0,0,0,439.0,505.0,0.0,66.0,44,False,4,60.0
cluster_527,ORANGE,RED,1,-180,-3.0,0,2,304.0,370.0,0.0,66.0,44,False,4,60.0
cluster_527,RED,ORANGE,0,-180,-3.0,0,2,10745.5,10501.5,244.0,0.0,98,False,4,60.0
cluster_6,003,ORANGE,0,-180,-3.0,51,0,4717.4,4285.9,431.5,0.0,536,False,4,60.0
cluster_6,017,ORANGE,0,-180,-3.0,36,0,12076.4,10813.4,1263.0,0.0,1495,False,4,60.0
cluster_6,205,ORANGE,0,-180,-3.0,20,0,860.0,759.0,101.0,0.0,87,False,4,60.0
cluster_6,249,ORANGE,0,-180,-3.0,0,40,1285.0,1732.3,0.0,447.3,174,False,4,60.0
cluster_6,440,ORANGE,0,-180,-3.0,0,49,18458.0,18870.0,0.0,412.0,2304,False,4,60.0
cluster_6,442,ORANGE,0,-180,-3.0,32,0,1154.9,842.9,312.0,0.0,104,False,4,60.0
cluster_6,BLUE,ORANGE,0,-180,-3.0,49,0,946.0,633.0,313.0,0.0,105,False,4,60.0
cluster_6,ORANGE,003,0,-180,-3.0,0,0,1113.7,1178.6,0.0,64.9,212,False,4,60.0
cluster_6,ORANGE,003,1,-180,-3.0,0,1,1203.6,1265.0,0.0,61.5,212,False,4,60.0
cluster_6,ORANGE,017,0,-180,-3.0,1,0,576.0,727.8,0.0,151.8,212,False,4,60.0
cluster_6,ORANGE,017,1,-180,-3.0,0,0,466.9,380.9,85.9,0.0,212,False,4,60.0
cluster_6,ORANGE,205,0,-180,-3.0,0,0,4305.5,4033.5,272.0,0.0,212,False,4,60.0
cluster_6,ORANGE,205,1,-180,-3.0,5,0,4014.6,3761.8,252.8,0.0,212,False,4,60.0
cluster_6,ORANGE,249,0,-180,-3.0,0,8,3135.8,3453.8,0.0,318.0,210,False,4,60.0
cluster_6,ORANGE,249,1,-180,-3.0,4,0,3672.8,3340.7,332.1,0.0,206,False,4,60.0
cluster_6,ORANGE,440,0,-180,-3.0,0,0,126.5,81.6,44.9,0.0,183,False,4,60.0
cluster_6,ORANGE,440,1,-180,-3.0,0,0,313.8,418.4,0.0,104.6,182,False,4,60.0
cluster_6,ORANGE,442,0,-180,-3.0,16,0,1611.3,1429.3,182.0,0.0,208,False,4,60.0
cluster_6,ORANGE,BLUE,0,-180,-3.0,1,0,2082.0,2387.5,0.0,305.5,212,False,4,60.0
cluster_6,ORANGE,BLUE,1,-180,-3.0,47,0,2640.5,2005.5,635.0,0.0,212,False,4,60.0
cluster_6,ORANGE,ORANGE,0,-180,-3.0,1,0,1112.5,823.5,289.0,0.0,102,False,4,60.0
cluster_6,ORANGE,ORANGE,1,-180,-3.0,0,4,457.5,767.0,0.0,309.5,104,False,4,60.0
cluster_6,ORANGE,RED,0,-180,-3.0,0,0,1057.0,1354.5,0.0,297.5,212,False,4,60.0
cluster_6,ORANGE,RED,1,-180,-3.0,0,101,2145.5,2463.5,0.0,318.0,212,False,4,60.0
cluster_6,RED,ORANGE,0,-180,-3.0,0,50,886.0,1381.5,0.0,495.5,207,False,4,60.0
cluster_666,236,ORANGE,0,-180,-3.0,15,0,27768.3,28155.3,0.0,387.0,261,False,4,60.0
cluster_666,247,ORANGE,0,-180,-3.0,15,0,40065.3,39058.3,1007.0,0.0,399,False,4,60.0
cluster_666,ORANGE,236,0,-180,-3.0,2,0,592.4,562.1,30.3,0.0,43,False,4,60.0
cluster_666,ORANGE,236,1,-180,-3.0,0,0,353.9,388.4,0.0,34.4,43,False,4,60.0
cluster_666,ORANGE,247,0,-180,-3.0,0,3,455.0,503.8,0.0,48.8,44,False,4,60.0
cluster_666,ORANGE,247,1,-180,-3.0,1,0,511.8,538.9,0.0,27.2,44,False,4,60.0
cluster_666,ORANGE,ORANGE,0,-180,-3.0,0,0,346.0,283.0,63.0,0.0,21,False,4,60.0
cluster_666,ORANGE,ORANGE,1,-180,-3.0,0,0,580.0,643.0,0.0,63.0,21,False,4,60.0
cluster_666,ORANGE,RED,0,-180,-3.0,0,0,522.0,588.0,0.0,66.0,43,False,4,60.0
cluster_666,ORANGE,RED,1,-180,-3.0,0,0,186.0,252.0,0.0,66.0,44,False,4,60.0
cluster_666,ORANGE,SILVER,0,-180,-3.0,0,0,638.0,704.0,0.0,66.0,43,False,4,60.0
cluster_666,ORANGE,SILVER,1,-180,-3.0,7,0,938.0,704.0,234.0,0.0,44,False,4,60.0
cluster_666,RED,ORANGE,0,-180,-3.0,0,0,10981.5,10684.5,297.0,0.0,99,False,4,60.0
cluster_666,SILVER,ORANGE,0,-180,-3.0,6,0,4818.0,4668.0,150.0,0.0,50,False,4,60.0
cluster_667,017,ORANGE,0,-180,-3.0,8,0,6271.1,4631.9,1639.2,0.0,612,False,4,60.0
cluster_667,413,ORANGE,0,-180,-3.0,0,5,418.0,562.0,0.0,144.0,52,False,4,60.0
cluster_667,417,ORANGE,0,-180,-3.0,0,22,396.0,688.0,0.0,292.0,56,False,4,60.0
cluster_667,419,ORANGE,0,-180,-3.0,0,32,274.0,772.0,0.0,498.0,54,False,4,60.0
cluster_667,ORANGE,017,0,-180,-3.0,2,0,556.0,667.3,0.0,111.3,106,False,4,60.0
cluster_667,ORANGE,017,1,-180,-3.0,0,2,371.3,517.4,0.0,146.1,106,False,4,60.0
cluster_667,ORANGE,413,0,-180,-3.0,0,13,6283.0,5974.0,309.0,0.0,86,False,4,60.0
cluster_667,ORANGE,417,0,-180,-3.0,0,13,5337.0,5469.0,0.0,132.0,87,False,4,60.0
cluster_667,ORANGE,419,0,-180,-3.0,0,16,5743.0,5872.0,0.0,129.0,86,False,4,60.0
cluster_667,ORANGE,ORANGE,0,-180,-3.0,1,0,767.5,617.5,150.0,0.0,50,False,4,60.0
cluster_667,ORANGE,ORANGE,1,-180,-3.0,0,0,126.5,283.0,0.0,156.5,53,False,4,60.0
cluster_667,ORANGE,RED,0,-180,-3.0,0,1,798.0,957.0,0.0,159.0,106,False,4,60.0
cluster_667,ORANGE,RED,1,-180,-3.0,0,0,1013.0,1172.0,0.0,159.0,106,False,4,60.0
cluster_667,RED,ORANGE,0,-180,-3.0,0,0,745.5,436.0,309.5,0.0,104,False,4,60.0
cluster_717,020,ORANGE,0,-180,-3.0,0,26,1655.6,1861.6,0.0,206.0,208,False,4,60.0
cluster_717,027,ORANGE,0,-180,-3.0,28,0,1020.0,731.0,289.0,0.0,103,False,4,60.0
cluster_717,ORANGE,020,0,-180,-3.0,0,0,768.5,852.9,0.0,84.5,106,False,4,60.0
cluster_717,ORANGE,020,1,-180,-3.0,0,15,1075.2,1186.5,0.0,111.3,106,False,4,60.0
cluster_717,ORANGE,027,0,-180,-3.0,0,1,1604.0,1763.0,0.0,159.0,106,False,4,60.0
cluster_717,ORANGE,027,1,-180,-3.0,29,0,780.0,355.0,425.0,0.0,106,False,4,60.0
cluster_717,ORANGE,ORANGE,0,-180,-3.0,0,48,99.0,906.0,0.0,807.0,51,False,4,60.0
cluster_717,ORANGE,ORANGE,1,-180,-3.0,0,48,781.5,937.5,0.0,156.0,52,False,4,60.0
cluster_717,ORANGE,RED,0,-180,-3.0,0,1,1016.0,1175.0,0.0,159.0,106,False,4,60.0
cluster_717,ORANGE,RED,1,-180,-3.0,0,1,754.0,913.0,0.0,159.0,106,False,4,60.0
cluster_717,RED,ORANGE,0,-180,-3.0,0,1,986.0,709.5,276.5,0.0,103,False,4,60.0
cluster_809,022,ORANGE,0,-180,-3.0,23,0,1115.0,1278.0,0.0,163.0,102,False,4,60.0
cluster_809,241,ORANGE,0,-180,-3.0,12,0,600.0,523.0,77.0,0.0,59,False,4,60.0
cluster_809,ORANGE,022,0,-180,-3.0,3,0,855.0,945.0,0.0,90.0,106,False,4,60.0
cluster_809,ORANGE,022,1,-180,-3.0,9,0,1326.0,1058.0,268.0,0.0,106,False,4,60.0
cluster_809,ORANGE,241,0,-180,-3.0,4,0,2108.5,1903.5,205.0,0.0,103,False,4,60.0
cluster_809,ORANGE,241,1,-180,-3.0,8,0,1616.0,1535.0,81.0,0.0,106,False,4,60.0
cluster_809,ORANGE,ORANGE,0,-180,-3.0,0,2,567.5,456.0,111.5,0.0,50,False,4,60.0
cluster_809,ORANGE,ORANGE,1,-180,-3.0,0,2,336.0,495.0,0.0,159.0,53,False,4,60.0
cluster_809,ORANGE,RED,0,-180,-3.0,0,1,586.0,745.0,0.0,159.0,106,False,4,60.0
cluster_809,ORANGE,RED,1,-180,-3.0,0,48,1225.0,1384.0,0.0,159.0,106,False,4,60.0
cluster_809,RED,ORANGE,0,-180,-3.0,0,48,537.5,1189.5,0.0,652.0,104,False,4,60.0
cluster_810,238,ORANGE,0,-180,-3.0,0,0,6060.0,5986.0,74.0,0.0,58,False,4,60.0
cluster_810,243,ORANGE,0,-180,-3.0,0,2,5849.0,5741.0,108.0,0.0,56,False,4,60.0
cluster_810,244,ORANGE,0,-180,-3.0,5,0,5778.0,5620.0,158.0,0.0,56,False,4,60.0
cluster_810,ORANGE,238,0,-180,-3.0,0,5,672.0,738.0,0.0,66.0,44,False,4,60.0
cluster_810,ORANGE,238,1,-180,-3.0,5,0,685.0,603.0,82.0,0.0,44,False,4,60.0
cluster_810,ORANGE,243,0,-180,-3.0,0,1,670.0,736.0,0.0,66.0,44,False,4,60.0
cluster_810,ORANGE,243,1,-180,-3.0,0,1,690.0,722.0,0.0,32.0,44,False,4,60.0
cluster_810,ORANGE,244,0,-180,-3.0,1,0,718.5,723.5,0.0,5.0,43,False,4,60.0
cluster_810,ORANGE,244,1,-180,-3.0,3,0,693.5,660.5,33.0,0.0,41,False,4,60.0
cluster_810,ORANGE,ORANGE,0,-180,-3.0,1,0,937.5,874.5,63.0,0.0,21,False,4,60.0
cluster_810,ORANGE,ORANGE,1,-180,-3.0,1,0,208.5,251.5,0.0,43.0,21,False,4,60.0
cluster_810,ORANGE,RED,0,-180,-3.0,0,0,571.0,637.0,0.0,66.0,44,False,4,60.0
cluster_810,ORANGE,RED,1,-180,-3.0,20,0,573.0,238.0,335.0,0.0,44,False,4,60.0
cluster_810,RED,ORANGE,0,-180,-3.0,18,0,11039.5,10745.5,294.0,0.0,98,False,4,60.0
cluster_811,408,ORANGE,0,-180,-3.0,3,0,2799.0,3193.0,0.0,394.0,42,False,4,60.0
cluster_811,ORANGE,408,0,-180,-3.0,10,0,424.5,273.5,151.0,0.0,35,False,4,60.0
cluster_811,ORANGE,408,1,-180,-3.0,2,0,513.0,379.0,134.0,0.0,34,False,4,60.0
cluster_811,ORANGE,ORANGE,0,-180,-3.0,0,0,1023.0,960.0,63.0,0.0,21,False,4,60.0
cluster_811,ORANGE,ORANGE,1,-180,-3.0,0,0,93.0,156.0,0.0,63.0,21,False,4,60.0
cluster_811,ORANGE,RED,0,-180,-3.0,0,0,279.0,345.0,0.0,66.0,43,False,4,60.0
cluster_811,ORANGE,RED,1,-180,-3.0,0,0,452.0,518.0,0.0,66.0,44,False,4,60.0
cluster_811,RED,ORANGE,0,-180,-3.0,0,0,10363.0,10066.0,297.0,0.0,99,False,4,60.0
cluster_828,232,ORANGE,0,-180,-3.0,0,8,5635.0,6271.0,0.0,636.0,58,False,4,60.0
cluster_828,245,ORANGE,0,-180,-3.0,0,2,5482.0,5824.0,0.0,342.0,56,False,4,60.0
cluster_828,883E,ORANGE,0,-180,-3.0,0,5,14167.0,14601.0,0.0,434.0,122,False,4,60.0
cluster_828,ORANGE,232,0,-180,-3.0,1,0,694.0,668.0,26.0,0.0,42,False,4,60.0
cluster_828,ORANGE,232,1,-180,-3.0,0,10,720.0,786.0,0.0,66.0,44,False,4,60.0
cluster_828,ORANGE,245,0,-180,-3.0,0,5,789.0,798.0,0.0,9.0,44,False,4,60.0
cluster_828,ORANGE,245,1,-180,-3.0,3,0,806.0,779.0,27.0,0.0,42,False,4,60.0
cluster_828,ORANGE,883E,0,-180,-3.0,0,5,175.0,229.0,0.0,54.0,36,False,4,60.0
cluster_828,ORANGE,883E,1,-180,-3.0,1,0,326.0,270.0,56.0,0.0,34,False,4,60.0
cluster_828,ORANGE,ORANGE,0,-180,-3.0,18,0,1128.0,1065.0,63.0,0.0,21,False,4,60.0
cluster_828,ORANGE,ORANGE,1,-180,-3.0,19,0,748.0,51.0,697.0,0.0,21,False,4,60.0
cluster_828,ORANGE,RED,0,-180,-3.0,0,0,384.0,450.0,0.0,66.0,43,False,4,60.0
cluster_828,ORANGE,RED,1,-180,-3.0,1,0,362.0,408.0,0.0,46.0,44,False,4,60.0
cluster_828,ORANGE,SILVER,0,-180,-3.0,0,0,470.0,536.0,0.0,66.0,44,False,4,60.0
cluster_828,ORANGE,SILVER,1,-180,-3.0,0,6,770.0,836.0,0.0,66.0,44,False,4,60.0
cluster_828,RED,ORANGE,0,-180,-3.0,1,0,10612.5,10315.5,297.0,0.0,99,False,4,60.0
cluster_828,SILVER,ORANGE,0,-180,-3.0,0,5,4650.0,4610.0,40.0,0.0,50,False,4,60.0
cluster_829,234,ORANGE,0,-180,-3.0,1,0,15775.0,15506.0,269.0,0.0,143,False,4,60.0
cluster_829,236,ORANGE,0,-180,-3.0,0,0,23787.4,23283.4,504.0,0.0,228,False,4,60.0
cluster_829,247,ORANGE,0,-180,-3.0,5,0,20150.0,19742.0,408.0,0.0,196,False,4,60.0
cluster_829,ORANGE,234,0,-180,-3.0,3,0,586.8,540.7,46.0,0.0,43,False,4,60.0
cluster_829,ORANGE,234,1,-180,-3.0,0,2,500.9,559.0,0.0,58.1,43,False,4,60.0
cluster_829,ORANGE,236,0,-180,-3.0,0,0,517.1,569.1,0.0,52.0,43,False,4,60.0
cluster_829,ORANGE,236,1,-180,-3.0,1,0,525.2,536.6,0.0,11.4,42,False,4,60.0
cluster_829,ORANGE,247,0,-180,-3.0,0,0,632.2,599.3,32.9,0.0,44,False,4,60.0
cluster_829,ORANGE,247,1,-180,-3.0,0,0,595.0,645.0,0.0,50.0,44,False,4,60.0
cluster_829,ORANGE,ORANGE,0,-180,-3.0,0,1,410.5,377.5,33.0,0.0,21,False,4,60.0
cluster_829,ORANGE,ORANGE,1,-180,-3.0,0,1,505.5,568.5,0.0,63.0,21,False,4,60.0
cluster_829,ORANGE,RED,0,-180,-3.0,0,0,226.5,292.5,0.0,66.0,43,False,4,60.0
cluster_829,ORANGE,RED,1,-180,-3.0,0,21,517.0,583.0,0.0,66.0,44,False,4,60.0
cluster_829,RED,ORANGE,0,-180,-3.0,0,19,10236.5,10909.5,0.0,673.0,99,False,4,60.0
cluster_876,GREEN,ORANGE,0,-180,-3.0,0,1,1291.5,1008.5,283.0,0.0,116,False,4,60.0
cluster_876,ORANGE,GREEN,0,-180,-3.0,0,0,1238.0,1406.0,0.0,168.0,114,False,4,60.0
cluster_876,ORANGE,GREEN,1,-180,-3.0,0,1,862.5,1006.5,0.0,144.0,113,False,4,60.0
cluster_876,ORANGE,ORANGE,0,-180,-3.0,0,0,787.5,622.5,165.0,0.0,55,False,4,60.0
cluster_876,ORANGE,ORANGE,1,-180,-3.0,0,0,207.0,372.5,0.0,165.5,56,False,4,60.0
cluster_876,ORANGE,TRE,0,-180,-3.0,0,17,2586.5,2742.5,0.0,156.0,104,False,4,60.0
cluster_876,ORANGE,TRE,1,-180,-3.0,0,0,2640.0,2802.0,0.0,162.0,109,False,4,60.0
cluster_876,TRE,ORANGE,0,-180,-3.0,7,0,697.0,718.5,0.0,21.5,56,False,4,60.0
cluster_9,001,ORANGE,0,-180,-3.0,71,0,7119.1,6681.1,438.0,0.0,1154,False,4,60.0
cluster_9,003,ORANGE,0,-180,-3.0,22,0,10649.6,10737.6,0.0,88.0,1871,False,4,60.0
cluster_9,009,ORANGE,0,-180,-3.0,13,0,6397.3,6071.3,326.0,0.0,1144,False,4,60.0
cluster_9,013,ORANGE,0,-180,-3.0,11,0,6304.4,4686.9,1617.4,0.0,1200,False,4,60.0
cluster_9,016,ORANGE,0,-180,-3.0,0,121,2436.9,3862.9,0.0,1426.0,683,False,4,60.0
cluster_9,018,ORANGE,0,-180,-3.0,84,0,5385.7,3974.7,1411.0,0.0,638,False,4,60.0
cluster_9,102,ORANGE,0,-180,-3.0,0,148,3280.0,4666.6,0.0,1386.6,772,False,4,60.0
cluster_9,103,ORANGE,0,-180,-3.0,0,53,2896.9,3805.9,0.0,909.0,532,False,4,60.0
cluster_9,106,ORANGE,0,-180,-3.0,0,36,6114.6,8168.6,0.0,2054.0,1012,False,4,60.0
cluster_9,109,ORANGE,0,-180,-3.0,0,41,5105.9,5292.9,0.0,187.0,789,False,4,60.0
cluster_9,128,ORANGE,0,-180,-3.0,0,8,6312.5,6434.5,0.0,122.0,990,False,4,60.0
cluster_9,145,ORANGE,0,-180,-3.0,0,157,4306.1,5746.1,0.0,1440.0,836,False,4,60.0
cluster_9,147,ORANGE,0,-180,-3.0,50,0,6164.5,6032.5,132.0,0.0,828,False,4,60.0
cluster_9,205,ORANGE,0,-180,-3.0,0,38,1901.9,2195.9,0.0,294.0,372,False,4,60.0
cluster_9,207,ORANGE,0,-180,-3.0,34,0,4438.6,4079.7,358.9,0.0,724,False,4,60.0
cluster_9,214,ORANGE,0,-180,-3.0,0,21,2808.4,2826.5,0.0,18.2,643,False,4,60.0
cluster_9,224,ORANGE,0,-180,-3.0,0,14,2462.4,2852.4,0.0,390.0,460,False,4,60.0
cluster_9,230,ORANGE,0,-180,-3.0,24,0,3685.3,3864.3,0.0,179.0,551,False,4,60.0
cluster_9,237,ORANGE,0,-180,-3.0,4,0,4158.0,3855.3,302.8,0.0,687,False,4,60.0
cluster_9,239,ORANGE,0,-180,-3.0,0,27,3201.9,2628.9,573.0,0.0,533,False,4,60.0
cluster_9,249,ORANGE,0,-180,-3.0,55,0,2545.4,2090.4,455.0,0.0,384,False,4,60.0
cluster_9,306,ORANGE,0,-180,-3.0,17,0,3806.3,2914.3,892.0,0.0,668,False,4,60.0
cluster_9,308,ORANGE,0,-180,-3.0,0,35,5139.6,5473.6,0.0,334.0,1046,False,4,60.0
cluster_9,421,ORANGE,0,-180,-3.0,12,0,254.0,164.0,90.0,0.0,42,False,4,60.0
cluster_9,425,ORANGE,0,-180,-3.0,0,40,5035.2,5167.2,0.0,132.0,1032,False,4,60.0
cluster_9,620,ORANGE,0,-180,-3.0,52,0,854.0,630.0,224.0,0.0,110,False,4,60.0
cluster_9,BLUE,ORANGE,0,-180,-3.0,59,0,3768.5,2381.0,1387.5,0.0,596,False,4,60.0
cluster_9,GREEN,ORANGE,0,-180,-3.0,4,0,2726.5,3537.5,0.0,811.0,467,False,4,60.0
cluster_9,ORANGE,001,0,-180,-3.0,0,3,1281.0,1406.9,0.0,125.9,452,False,4,60.0
cluster_9,ORANGE,001,1,-180,-3.0,0,3,1338.1,1387.7,0.0,49.6,455,False,4,60.0
cluster_9,ORANGE,003,0,-180,-3.0,6,0,593.2,541.6,51.6,0.0,455,False,4,60.0
cluster_9,ORANGE,003,1,-180,-3.0,3,0,800.1,735.3,64.8,0.0,449,False,4,60.0
cluster_9,ORANGE,009,0,-180,-3.0,1,0,1665.4,1569.8,95.5,0.0,448,False,4,60.0
cluster_9,ORANGE,009,1,-180,-3.0,0,3,1740.2,1736.5,3.7,0.0,451,False,4,60.0
cluster_9,ORANGE,013,0,-180,-3.0,9,0,2513.6,2050.9,462.7,0.0,449,False,4,60.0
cluster_9,ORANGE,013,1,-180,-3.0,0,2,2101.1,2539.9,0.0,438.8,448,False,4,60.0
cluster_9,ORANGE,016,0,-180,-3.0,0,18,2451.3,2268.2,183.1,0.0,450,False,4,60.0
cluster_9,ORANGE,016,1,-180,-3.0,0,29,2500.3,2098.0,402.3,0.0,448,False,4,60.0
cluster_9,ORANGE,018,0,-180,-3.0,0,8,2364.1,2843.3,0.0,479.2,449,False,4,60.0
cluster_9,ORANGE,018,1,-180,-3.0,6,0,2997.8,3310.5,0.0,312.6,451,False,4,60.0
cluster_9,ORANGE,102,0,-180,-3.0,0,1,2896.0,2685.3,210.7,0.0,448,False,4,60.0
cluster_9,ORANGE,102,1,-180,-3.0,5,0,3706.3,3378.8,327.5,0.0,444,False,4,60.0
cluster_9,ORANGE,103,0,-180,-3.0,23,0,2985.0,2582.0,403.0,0.0,443,False,4,60.0
cluster_9,ORANGE,103,1,-180,-3.0,30,0,3301.7,2984.9,316.7,0.0,444,False,4,60.0
cluster_9,ORANGE,106,0,-180,-3.0,28,0,3503.0,3220.8,282.2,0.0,451,False,4,60.0
cluster_9,ORANGE,106,1,-180,-3.0,27,0,3613.5,3254.9,358.6,0.0,448,False,4,60.0
cluster_9,ORANGE,109,0,-180,-3.0,0,17,3258.8,3643.3,0.0,384.5,452,False,4,60.0
cluster_9,ORANGE,109,1,-180,-3.0,7,0,4066.2,3711.2,355.0,0.0,444,False,4,60.0
cluster_9,ORANGE,128,0,-180,-3.0,4,0,3432.6,3469.0,0.0,36.4,453,False,4,60.0
cluster_9,ORANGE,128,1,-180,-3.0,35,0,4306.6,4001.4,305.1,0.0,449,False,4,60.0
cluster_9,ORANGE,145,0,-180,-3.0,0,1,3185.0,3295.8,0.0,110.8,452,False,4,60.0
cluster_9,ORANGE,145,1,-180,-3.0,12,0,3569.3,3121.9,447.3,0.0,444,False,4,60.0
cluster_9,ORANGE,147,0,-180,-3.0,3,0,2917.4,2867.0,50.4,0.0,452,False,4,60.0
cluster_9,ORANGE,147,1,-180,-3.0,0,10,2886.2,3156.3,0.0,270.1,444,False,4,60.0
cluster_9,ORANGE,205,0,-180,-3.0,0,4,6396.5,6498.2,0.0,101.7,452,False,4,60.0
cluster_9,ORANGE,205,1,-180,-3.0,0,14,6447.9,6488.5,0.0,40.6,446,False,4,60.0
cluster_9,ORANGE,207,0,-180,-3.0,0,6,6066.6,6352.0,0.0,285.5,443,False,4,60.0
cluster_9,ORANGE,207,1,-180,-3.0,0,3,7908.5,8115.8,0.0,207.3,440,False,4,60.0
cluster_9,ORANGE,214,0,-180,-3.0,0,2,4641.5,4244.2,397.3,0.0,447,False,4,60.0
cluster_9,ORANGE,214,1,-180,-3.0,11,0,5486.2,5262.4,223.9,0.0,441,False,4,60.0
cluster_9,ORANGE,224,0,-180,-3.0,5,0,3038.9,2873.7,165.2,0.0,446,False,4,60.0
cluster_9,ORANGE,224,1,-180,-3.0,8,0,8577.0,7944.0,633.0,0.0,436,False,4,60.0
cluster_9,ORANGE,230,0,-180,-3.0,2,0,5151.6,5264.2,0.0,112.6,444,False,4,60.0
cluster_9,ORANGE,230,1,-180,-3.0,18,0,5583.8,4999.5,584.3,0.0,444,False,4,60.0
cluster_9,ORANGE,237,0,-180,-3.0,0,4,5729.1,6048.8,0.0,319.7,440,False,4,60.0
cluster_9,ORANGE,237,1,-180,-3.0,15,0,4119.2,3865.5,253.7,0.0,443,False,4,60.0
cluster_9,ORANGE,239,0,-180,-3.0,0,5,5985.1,6342.1,0.0,357.0,433,False,4,60.0
cluster_9,ORANGE,239,1,-180,-3.0,4,0,6810.2,7181.4,0.0,371.2,438,False,4,60.0
cluster_9,ORANGE,249,0,-180,-3.0,0,20,6513.0,6961.4,0.0,448.5,443,False,4,60.0
cluster_9,ORANGE,249,1,-180,-3.0,10,0,5634.7,5390.4,244.3,0.0,440,False,4,60.0
cluster_9,ORANGE,306,0,-180,-3.0,0,4,13994.5,13975.0,19.4,0.0,319,False,4,60.0
cluster_9,ORANGE,306,1,-180,-3.0,0,1,14464.5,14803.4,0.0,338.9,314,False,4,60.0
cluster_9,ORANGE,308,0,-180,-3.0,0,0,22634.4,22824.4,0.0,190.0,332,False,4,60.0
cluster_9,ORANGE,308,1,-180,-3.0,0,0,17254.5,17408.3,0.0,153.8,350,False,4,60.0
cluster_9,ORANGE,421,0,-180,-3.0,9,0,15040.0,14980.0,60.0,0.0,320,False,4,60.0
cluster_9,ORANGE,421,1,-180,-3.0,2,0,14570.0,14510.0,60.0,0.0,320,False,4,60.0
cluster_9,ORANGE,425,0,-180,-3.0,0,11,1003.1,1043.7,0.0,40.6,341,False,4,60.0
cluster_9,ORANGE,425,1,-180,-3.0,0,0,718.0,640.6,77.4,0.0,358,False,4,60.0
cluster_9,ORANGE,620,0,-180,-3.0,51,0,3456.0,3022.0,434.0,0.0,422,False,4,60.0
cluster_9,ORANGE,620,1,-180,-3.0,0,49,4364.0,4978.0,0.0,614.0,423,False,4,60.0
cluster_9,ORANGE,BLUE,0,-180,-3.0,48,0,1874.0,1284.0,590.0,0.0,464,False,4,60.0
cluster_9,ORANGE,BLUE,1,-180,-3.0,0,0,2057.0,2607.0,0.0,550.0,454,False,4,60.0
cluster_9,ORANGE,GREEN,0,-180,-3.0,0,0,2338.0,2709.0,0.0,371.0,455,False,4,60.0
cluster_9,ORANGE,GREEN,1,-180,-3.0,1,0,1983.0,1660.0,323.0,0.0,454,False,4,60.0
cluster_9,ORANGE,ORANGE,0,-180,-3.0,1,0,1030.0,472.0,558.0,0.0,220,False,4,60.0
cluster_9,ORANGE,ORANGE,1,-180,-3.0,0,49,1372.0,2030.0,0.0,658.0,220,False,4,60.0
cluster_9,ORANGE,RED,0,-180,-3.0,0,1,1926.5,2403.5,0.0,477.0,452,False,4,60.0
cluster_9,ORANGE,RED,1,-180,-3.0,1,0,1736.5,1580.0,156.5,0.0,452,False,4,60.0
cluster_9,ORANGE,TRE,0,-180,-3.0,9,0,9698.0,9782.0,0.0,84.0,416,False,4,60.0
cluster_9,ORANGE,TRE,1,-180,-3.0,7,0,9349.0,9190.0,159.0,0.0,436,False,4,60.0
cluster_9,RED,ORANGE,0,-180,-3.0,100,0,4308.0,3716.5,591.5,0.0,578,False,4,60.0
cluster_9,TRE,ORANGE,0,-180,-3.0,17,0,393.0,265.0,128.0,0.0,56,False,4,60.0
cluster_928,005,ORANGE,0,-180,-3.0,13,0,1584.0,1351.0,233.0,0.0,151,False,4,60.0
cluster_928,103,ORANGE,0,-180,-3.0,0,12,815.0,1033.0,0.0,218.0,89,False,4,60.0
cluster_928,207,ORANGE,0,-180,-3.0,2,0,1118.3,1085.3,33.0,0.0,106,False,4,60.0
cluster_928,GREEN,ORANGE,0,-180,-3.0,0,0,1526.5,1256.5,270.0,0.0,116,False,4,60.0
cluster_928,ORANGE,005,0,-180,-3.0,17,0,1076.5,980.5,96.0,0.0,115,False,4,60.0
cluster_928,ORANGE,005,1,-180,-3.0,0,4,910.5,969.5,0.0,59.0,115,False,4,60.0
cluster_928,ORANGE,103,0,-180,-3.0,0,0,1016.5,1181.5,0.0,165.0,110,False,4,60.0
cluster_928,ORANGE,103,1,-180,-3.0,0,11,1699.5,1525.5,174.0,0.0,109,False,4,60.0
cluster_928,ORANGE,207,0,-180,-3.0,0,0,2514.8,2566.1,0.0,51.3,109,False,4,60.0
cluster_928,ORANGE,207,1,-180,-3.0,0,4,2563.9,2664.2,0.0,100.3,108,False,4,60.0
cluster_928,ORANGE,GREEN,0,-180,-3.0,0,0,458.0,626.0,0.0,168.0,114,False,4,60.0
cluster_928,ORANGE,GREEN,1,-180,-3.0,0,1,659.5,773.5,0.0,114.0,112,False,4,60.0
cluster_928,ORANGE,ORANGE,0,-180,-3.0,47,0,1051.5,903.5,148.0,0.0,56,False,4,60.0
cluster_928,ORANGE,ORANGE,1,-180,-3.0,48,0,894.5,105.0,789.5,0.0,56,False,4,60.0
cluster_929,306,ORANGE,0,-180,-3.0,0,4,397.0,391.0,6.0,0.0,42,False,4,60.0
cluster_929,GREEN,ORANGE,0,-180,-3.0,0,49,1002.5,1659.5,0.0,657.0,116,False,4,60.0
cluster_929,ORANGE,306,0,-180,-3.0,0,3,4229.0,4319.0,0.0,90.0,80,False,4,60.0
cluster_929,ORANGE,306,1,-180,-3.0,0,0,4192.5,4252.5,0.0,60.0,77,False,4,60.0
cluster_929,ORANGE,GREEN,0,-180,-3.0,0,0,910.0,1078.0,0.0,168.0,114,False,4,60.0
cluster_929,ORANGE,GREEN,1,-180,-3.0,0,49,1126.5,1297.5,0.0,171.0,113,False,4,60.0
cluster_929,ORANGE,ORANGE,0,-180,-3.0,4,0,545.5,377.5,168.0,0.0,56,False,4,60.0
cluster_929,ORANGE,ORANGE,1,-180,-3.0,4,0,540.5,588.5,0.0,48.0,56,False,4,60.0
cluster_960,ORANGE,ORANGE,0,-180,-3.0,3,0,653.0,476.0,177.0,0.0,59,False,4,60.0
cluster_960,ORANGE,ORANGE,1,-180,-3.0,1,0,423.5,565.5,0.0,142.0,60,False,4,60.0
cluster_961,229,ORANGE,0,-180,-3.0,3,0,641.0,566.0,75.0,0.0,65,False,4,60.0
cluster_961,231,ORANGE,0,-180,-3.0,0,4,556.0,464.0,92.0,0.0,64,False,4,60.0
cluster_961,ORANGE,229,0,-180,-3.0,0,3,1900.0,2046.0,0.0,146.0,113,False,4,60.0
cluster_961,ORANGE,229,1,-180,-3.0,5,0,2532.0,2456.0,76.0,0.0,114,False,4,60.0
cluster_961,ORANGE,231,0,-180,-3.0,0,0,1958.0,2089.0,0.0,131.0,114,False,4,60.0
cluster_961,ORANGE,231,1,-180,-3.0,0,4,2379.0,2553.0,0.0,174.0,115,False,4,60.0
cluster_961,ORANGE,ORANGE,0,-180,-3.0,0,44,318.5,1096.5,0.0,778.0,60,False,4,60.0
cluster_961,ORANGE,ORANGE,1,-180,-3.0,0,43,824.0,907.5,0.0,83.5,61,False,4,60.0
cluster_962,ORANGE,ORANGE,0,-180,-3.0,0,2,852.5,713.5,139.0,0.0,61,False,4,60.0
cluster_962,ORANGE,ORANGE,1,-180,-3.0,0,2,211.5,394.5,0.0,183.0,61,False,4,60.0
cluster_1,027,ORANGE,0,-120,-2.0,0,0,8827.9,7403.2,1424.7,0.0,774,True,0,120.0
cluster_1,ORANGE,027,0,-120,-2.0,1,0,784.7,873.9,0.0,89.2,106,True,0,120.0
cluster_1,ORANGE,027,1,-120,-2.0,0,0,510.4,616.4,0.0,106.0,106,True,0,120.0
cluster_1,ORANGE,ORANGE,0,-120,-2.0,0,0,303.0,201.0,102.0,0.0,51,True,0,120.0
cluster_1,ORANGE,ORANGE,1,-120,-2.0,0,0,573.5,677.5,0.0,104.0,52,True,0,120.0
cluster_1,ORANGE,RED,0,-120,-2.0,0,1,1228.0,1334.0,0.0,106.0,106,True,0,120.0
cluster_1,ORANGE,RED,1,-120,-2.0,1,0,563.0,648.0,0.0,85.0,106,True,0,120.0
cluster_1,RED,ORANGE,0,-120,-2.0,0,0,1190.0,985.5,204.5,0.0,103,True,0,120.0
cluster_1016,ORANGE,ORANGE,0,-120,-2.0,1,0,1028.0,910.0,118.0,0.0,59,True,0,120.0
cluster_1016,ORANGE,ORANGE,1,-120,-2.0,0,47,955.5,1057.5,0.0,102.0,60,True,0,120.0
cluster_1017,227,ORANGE,0,-120,-2.0,6,0,837.7,723.7,114.0,0.0,97,True,0,120.0
cluster_1017,ORANGE,227,0,-120,-2.0,2,0,1946.7,1941.3,5.3,0.0,113,True,0,120.0
cluster_1017,ORANGE,227,1,-120,-2.0,2,0,1973.5,2018.5,0.0,45.0,115,True,0,120.0
cluster_1017,ORANGE,ORANGE,0,-120,-2.0,0,2,758.0,700.0,58.0,0.0,59,True,0,120.0
cluster_1017,ORANGE,ORANGE,1,-120,-2.0,0,2,275.5,395.5,0.0,120.0,60,True,0,120.0
cluster_1020,ORANGE,ORANGE,0,-120,-2.0,46,0,870.5,748.5,122.0,0.0,61,True,0,120.0
cluster_1020,ORANGE,ORANGE,1,-120,-2.0,47,0,1121.5,291.5,830.0,0.0,61,True,0,120.0
cluster_1020,ORANGE,SILVER,0,-120,-2.0,0,0,2675.0,2793.0,0.0,118.0,118,True,0,120.0
cluster_1020,ORANGE,SILVER,1,-120,-2.0,1,0,2157.0,2213.0,0.0,56.0,117,True,0,120.0
cluster_1020,SILVER,ORANGE,0,-120,-2.0,2,0,580.0,460.0,120.0,0.0,60,True,0,120.0
cluster_1058,ORANGE,ORANGE,0,-120,-2.0,2,0,649.5,529.5,120.0,0.0,60,True,0,120.0
cluster_1058,ORANGE,ORANGE,1,-120,-2.0,1,0,567.0,651.0,0.0,84.0,61,True,0,120.0
cluster_1062,ORANGE,ORANGE,0,-120,-2.0,0,0,283.0,241.0,42.0,0.0,21,True,0,120.0
cluster_1062,ORANGE,ORANGE,1,-120,-2.0,0,0,643.0,685.0,0.0,42.0,21,True,0,120.0
cluster_1062,ORANGE,RED,0,-120,-2.0,0,0,459.0,503.0,0.0,44.0,43,True,0,120.0
cluster_1062,ORANGE,RED,1,-120,-2.0,0,0,252.0,296.0,0.0,44.0,44,True,0,120.0
cluster_1062,RED,ORANGE,0,-120,-2.0,0,0,10832.0,10634.0,198.0,0.0,99,True,0,120.0
cluster_107,207,ORANGE,0,-120,-2.0,0,3,3906.8,3936.8,0.0,30.0,345,True,0,120.0
cluster_107,213,ORANGE,0,-120,-2.0,30,0,4582.1,4467.1,115.0,0.0,390,True,0,120.0
cluster_107,GREEN,ORANGE,0,-120,-2.0,0,0,1041.5,811.5,230.0,0.0,115,True,0,120.0
cluster_107,ORANGE,207,0,-120,-2.0,0,0,2040.1,2112.1,0.0,72.0,110,True,0,120.0
cluster_107,ORANGE,207,1,-120,-2.0,1,0,2317.0,2386.2,0.0,69.2,109,True,0,120.0
cluster_107,ORANGE,213,0,-120,-2.0,2,0,2116.3,2084.6,31.8,0.0,110,True,0,120.0
cluster_107,ORANGE,213,1,-120,-2.0,11,0,2128.9,1798.8,330.2,0.0,114,True,0,120.0
cluster_107,ORANGE,GREEN,0,-120,-2.0,0,0,918.0,1030.0,0.0,112.0,114,True,0,120.0
cluster_107,ORANGE,GREEN,1,-120,-2.0,0,0,1052.5,1164.5,0.0,112.0,111,True,0,120.0
cluster_107,ORANGE,ORANGE,0,-120,-2.0,0,0,586.5,474.5,112.0,0.0,56,True,0,120.0
cluster_107,ORANGE,ORANGE,1,-120,-2.0,0,0,494.5,606.5,0.0,112.0,56,True,0,120.0
cluster_14,001,ORANGE,0,-120,-2.0,0,1,491.1,550.1,0.0,59.0,39,True,0,120.0
cluster_14,009,ORANGE,0,-120,-2.0,0,1,1042.8,1032.6,10.2,0.0,61,True,0,120.0
cluster_14,018,ORANGE,0,-120,-2.0,3,0,1182.4,1122.4,60.0,0.0,76,True,0,120.0
cluster_14,023,ORANGE,0,-120,-2.0,0,1,713.2,775.2,0.0,62.0,45,True,0,120.0
cluster_14,214,ORANGE,0,-120,-2.0,0,0,178.7,142.7,36.0,0.0,18,True,0,120.0
cluster_14,249,ORANGE,0,-120,-2.0,0,0,316.6,258.6,58.0,0.0,33,True,0,120.0
cluster_14,BLUE,ORANGE,0,-120,-2.0,0,0,37.0,25.0,12.0,0.0,6,True,0,120.0
cluster_14,GREEN,ORANGE,0,-120,-2.0,0,0,254.0,243.0,11.0,0.0,18,True,0,120.0
cluster_14,ORANGE,001,0,-120,-2.0,0,1,133.8,145.8,0.0,12.0,12,True,0,120.0
cluster_14,ORANGE,001,1,-120,-2.0,1,0,217.0,201.5,15.6,0.0,12,True,0,120.0
cluster_14,ORANGE,009,0,-120,-2.0,0,0,60.0,47.3,12.7,0.0,12,True,0,120.0
cluster_14,ORANGE,009,1,-120,-2.0,1,0,78.0,66.0,12.0,0.0,12,True,0,120.0
cluster_14,ORANGE,018,0,-120,-2.0,1,0,110.0,102.0,8.0,0.0,12,True,0,120.0
cluster_14,ORANGE,018,1,-120,-2.0,0,0,71.7,78.2,0.0,6.6,12,True,0,120.0
cluster_14,ORANGE,023,0,-120,-2.0,1,0,186.2,178.4,7.8,0.0,16,True,0,120.0
cluster_14,ORANGE,023,1,-120,-2.0,1,0,101.5,88.1,13.3,0.0,14,True,0,120.0
cluster_14,ORANGE,214,0,-120,-2.0,0,0,255.5,267.5,0.0,12.0,10,True,0,120.0
cluster_14,ORANGE,214,1,-120,-2.0,0,0,170.3,182.3,0.0,12.0,8,True,0,120.0
cluster_14,ORANGE,249,0,-120,-2.0,0,0,123.4,130.4,0.0,7.0,8,True,0,120.0
cluster_14,ORANGE,249,1,-120,-2.0,0,1,157.9,169.9,0.0,12.0,8,True,0,120.0
cluster_14,ORANGE,BLUE,0,-120,-2.0,0,0,68.0,76.0,0.0,8.0,4,True,0,120.0
cluster_14,ORANGE,GREEN,0,-120,-2.0,0,1,121.0,133.0,0.0,12.0,12,True,0,120.0
cluster_14,ORANGE,GREEN,1,-120,-2.0,1,0,149.5,142.0,7.5,0.0,14,True,0,120.0
cluster_14,RED,ORANGE,0,-120,-2.0,0,0,44.0,40.0,4.0,0.0,2,True,0,120.0
cluster_168,020,ORANGE,0,-120,-2.0,0,38,7902.8,8795.8,0.0,893.0,760,True,0,120.0
cluster_168,213,ORANGE,0,-120,-2.0,0,9,1113.1,1293.1,0.0,180.0,130,True,0,120.0
cluster_168,233,ORANGE,0,-120,-2.0,14,0,4599.2,4217.2,382.0,0.0,416,True,0,120.0
cluster_168,GREEN,ORANGE,0,-120,-2.0,0,6,1618.5,1529.5,89.0,0.0,121,True,0,120.0
cluster_168,ORANGE,020,0,-120,-2.0,0,12,871.5,985.9,0.0,114.4,118,True,0,120.0
cluster_168,ORANGE,020,1,-120,-2.0,0,0,740.1,799.2,0.0,59.1,119,True,0,120.0
cluster_168,ORANGE,213,0,-120,-2.0,0,5,2541.9,2655.9,0.0,114.0,114,True,0,120.0
cluster_168,ORANGE,213,1,-120,-2.0,1,0,2142.5,2224.0,0.0,81.5,121,True,0,120.0
cluster_168,ORANGE,233,0,-120,-2.0,0,1,1561.4,1632.5,0.0,71.1,117,True,0,120.0
cluster_168,ORANGE,233,1,-120,-2.0,0,2,1863.0,1972.4,0.0,109.4,119,True,0,120.0
cluster_168,ORANGE,GREEN,0,-120,-2.0,0,0,817.0,941.0,0.0,124.0,125,True,0,120.0
cluster_168,ORANGE,GREEN,1,-120,-2.0,0,4,522.0,642.0,0.0,120.0,117,True,0,120.0
cluster_168,ORANGE,ORANGE,0,-120,-2.0,1,0,233.5,115.5,118.0,0.0,59,True,0,120.0
cluster_168,ORANGE,ORANGE,1,-120,-2.0,0,0,790.0,910.0,0.0,120.0,60,True,0,120.0
cluster_22,023,ORANGE,0,-120,-2.0,217,0,16559.0,15043.2,1515.8,0.0,1248,True,0,120.0
cluster_22,103,ORANGE,0,-120,-2.0,56,0,7401.1,7478.2,0.0,77.1,610,True,0,120.0
cluster_22,207,ORANGE,0,-120,-2.0,0,17,7170.3,7430.3,0.0,260.0,720,True,0,120.0
cluster_22,237,ORANGE,0,-120,-2.0,0,12,4709.3,4129.3,580.0,0.0,560,True,0,120.0
cluster_22,425,ORANGE,0,-120,-2.0,3,0,8373.7,8415.7,0.0,42.0,849,True,0,120.0
cluster_22,BLUE,ORANGE,0,-120,-2.0,0,0,537.5,329.5,208.0,0.0,104,True,0,120.0
cluster_22,ORANGE,023,0,-120,-2.0,0,0,64.0,69.2,0.0,5.1,106,True,0,120.0
cluster_22,ORANGE,023,1,-120,-2.0,0,0,178.0,151.6,26.4,0.0,106,True,0,120.0
cluster_22,ORANGE,103,0,-120,-2.0,9,0,879.2,812.7,66.4,0.0,106,True,0,120.0
cluster_22,ORANGE,103,1,-120,-2.0,8,0,856.8,685.4,171.4,0.0,106,True,0,120.0
cluster_22,ORANGE,207,0,-120,-2.0,0,0,1595.4,1655.1,0.0,59.8,106,True,0,120.0
cluster_22,ORANGE,207,1,-120,-2.0,1,0,1804.8,1876.6,0.0,71.9,105,True,0,120.0
cluster_22,ORANGE,237,0,-120,-2.0,0,4,1454.5,1545.6,0.0,91.1,105,True,0,120.0
cluster_22,ORANGE,237,1,-120,-2.0,0,4,1613.6,1714.4,0.0,100.9,106,True,0,120.0
cluster_22,ORANGE,425,0,-120,-2.0,0,0,234.8,243.5,0.0,8.8,89,True,0,120.0
cluster_22,ORANGE,425,1,-120,-2.0,0,0,319.5,363.4,0.0,43.9,89,True,0,120.0
cluster_22,ORANGE,BLUE,0,-120,-2.0,0,0,1551.0,1657.0,0.0,106.0,106,True,0,120.0
cluster_22,ORANGE,BLUE,1,-120,-2.0,2,0,1264.0,1310.0,0.0,46.0,106,True,0,120.0
cluster_22,ORANGE,ORANGE,0,-120,-2.0,0,49,77.5,967.5,0.0,890.0,50,True,0,120.0
cluster_22,ORANGE,ORANGE,1,-120,-2.0,0,0,767.0,869.0,0.0,102.0,51,True,0,120.0
cluster_22,ORANGE,RED,0,-120,-2.0,0,1,1056.0,1162.0,0.0,106.0,106,True,0,120.0
cluster_22,ORANGE,RED,1,-120,-2.0,0,0,723.0,829.0,0.0,106.0,106,True,0,120.0
cluster_22,RED,ORANGE,0,-120,-2.0,0,0,1005.0,801.0,204.0,0.0,103,True,0,120.0
cluster_23,001,ORANGE,0,-120,-2.0,7,0,21656.0,21361.0,295.0,0.0,2030,True,0,120.0
cluster_23,023,ORANGE,0,-120,-2.0,0,95,5790.7,6213.3,0.0,422.6,936,True,0,120.0
cluster_23,057,ORANGE,0,-120,-2.0,6,0,3514.6,2600.6,914.0,0.0,457,True,0,120.0
cluster_23,101,ORANGE,0,-120,-2.0,24,0,3558.0,2946.0,612.0,0.0,369,True,0,120.0
cluster_23,122,ORANGE,0,-120,-2.0,29,0,4303.4,3699.4,604.0,0.0,387,True,0,120.0
cluster_23,213,ORANGE,0,-120,-2.0,20,0,2583.0,2325.0,258.0,0.0,259,True,0,120.0
cluster_23,219,ORANGE,0,-120,-2.0,19,0,3190.4,2710.4,480.0,0.0,280,True,0,120.0
cluster_23,230,ORANGE,0,-120,-2.0,0,10,5205.4,5325.4,0.0,120.0,520,True,0,120.0
cluster_23,306,ORANGE,0,-120,-2.0,0,7,402.0,458.0,0.0,56.0,42,True,0,120.0
cluster_23,422,ORANGE,0,-120,-2.0,40,0,2520.0,1960.0,560.0,0.0,280,True,0,120.0
cluster_23,423,ORANGE,0,-120,-2.0,0,0,486.0,658.0,0.0,172.0,54,True,0,120.0
cluster_23,GREEN,ORANGE,0,-120,-2.0,0,2,1712.5,1530.5,182.0,0.0,116,True,0,120.0
cluster_23,ORANGE,001,0,-120,-2.0,0,3,289.8,340.6,0.0,50.8,113,True,0,120.0
cluster_23,ORANGE,001,1,-120,-2.0,0,1,347.6,381.3,0.0,33.6,114,True,0,120.0
cluster_23,ORANGE,023,0,-120,-2.0,0,48,609.4,723.7,0.0,114.3,115,True,0,120.0
cluster_23,ORANGE,023,1,-120,-2.0,2,0,977.1,966.6,10.5,0.0,114,True,0,120.0
cluster_23,ORANGE,057,0,-120,-2.0,3,0,1159.8,1185.1,0.0,25.2,114,True,0,120.0
cluster_23,ORANGE,057,1,-120,-2.0,0,0,1243.0,1357.0,0.0,114.0,113,True,0,120.0
cluster_23,ORANGE,101,0,-120,-2.0,0,3,1119.8,1188.0,0.0,68.2,114,True,0,120.0
cluster_23,ORANGE,101,1,-120,-2.0,0,0,1252.2,1346.5,0.0,94.2,111,True,0,120.0
cluster_23,ORANGE,122,0,-120,-2.0,0,0,682.6,732.2,0.0,49.6,114,True,0,120.0
cluster_23,ORANGE,213,0,-120,-2.0,0,0,2076.4,2172.5,0.0,96.1,110,True,0,120.0
cluster_23,ORANGE,213,1,-120,-2.0,0,1,1560.7,1583.6,0.0,22.9,114,True,0,120.0
cluster_23,ORANGE,219,0,-120,-2.0,0,0,2019.9,2113.5,0.0,93.6,113,True,0,120.0
cluster_23,ORANGE,219,1,-120,-2.0,0,1,2623.2,2673.8,0.0,50.6,111,True,0,120.0
cluster_23,ORANGE,230,0,-120,-2.0,5,0,1471.9,1346.7,125.2,0.0,112,True,0,120.0
cluster_23,ORANGE,230,1,-120,-2.0,0,8,1577.0,1671.4,0.0,94.5,110,True,0,120.0
cluster_23,ORANGE,306,0,-120,-2.0,0,7,3995.0,4075.0,0.0,80.0,81,True,0,120.0
cluster_23,ORANGE,306,1,-120,-2.0,0,0,3966.0,4044.0,0.0,78.0,78,True,0,120.0
cluster_23,ORANGE,422,0,-120,-2.0,0,0,234.0,114.0,120.0,0.0,79,True,0,120.0
cluster_23,ORANGE,423,0,-120,-2.0,0,14,696.0,699.0,0.0,3.0,80,True,0,120.0
cluster_23,ORANGE,GREEN,0,-120,-2.0,0,0,690.0,802.0,0.0,112.0,114,True,0,120.0
cluster_23,ORANGE,GREEN,1,-120,-2.0,0,2,431.5,545.5,0.0,114.0,112,True,0,120.0
cluster_23,ORANGE,ORANGE,0,-120,-2.0,1,0,290.5,178.5,112.0,0.0,56,True,0,120.0
cluster_23,ORANGE,ORANGE,1,-120,-2.0,1,0,700.5,782.5,0.0,82.0,56,True,0,120.0
cluster_23,ORANGE,TRE,0,-120,-2.0,0,11,2244.5,2346.5,0.0,102.0,103,True,0,120.0
cluster_23,ORANGE,TRE,1,-120,-2.0,0,0,2332.5,2440.5,0.0,108.0,109,True,0,120.0
cluster_23,TRE,ORANGE,0,-120,-2.0,0,11,417.0,535.0,0.0,118.0,56,True,0,120.0
cluster_29,018,ORANGE,0,-120,-2.0,0,0,483.3,435.3,48.0,0.0,24,True,0,120.0
cluster_29,023,ORANGE,0,-120,-2.0,0,4,387.8,499.8,0.0,112.0,24,True,0,120.0
cluster_29,214,ORANGE,0,-120,-2.0,0,0,400.9,348.9,52.0,0.0,26,True,0,120.0
cluster_29,BLUE,ORANGE,0,-120,-2.0,0,0,21.5,15.5,6.0,0.0,3,True,0,120.0
cluster_29,GREEN,ORANGE,0,-120,-2.0,0,0,155.5,139.5,16.0,0.0,8,True,0,120.0
cluster_29,ORANGE,018,0,-120,-2.0,0,0,33.5,39.8,0.0,6.3,6,True,0,120.0
cluster_29,ORANGE,018,1,-120,-2.0,0,0,36.5,44.5,0.0,8.0,6,True,0,120.0
cluster_29,ORANGE,023,0,-120,-2.0,0,1,97.6,107.6,0.0,10.0,8,True,0,120.0
cluster_29,ORANGE,023,1,-120,-2.0,0,1,70.0,76.0,0.0,6.0,6,True,0,120.0
cluster_29,ORANGE,214,0,-120,-2.0,0,0,101.3,107.3,0.0,6.0,5,True,0,120.0
cluster_29,ORANGE,214,1,-120,-2.0,0,0,54.4,60.4,0.0,6.0,4,True,0,120.0
cluster_29,ORANGE,BLUE,0,-120,-2.0,0,0,36.0,40.0,0.0,4.0,2,True,0,120.0
cluster_29,ORANGE,GREEN,0,-120,-2.0,0,0,96.5,102.5,0.0,6.0,6,True,0,120.0
cluster_29,ORANGE,GREEN,1,-120,-2.0,0,0,75.5,85.5,0.0,10.0,7,True,0,120.0
cluster_29,RED,ORANGE,0,-120,-2.0,0,0,23.0,21.0,2.0,0.0,1,True,0,120.0
cluster_527,200,ORANGE,0,-120,-2.0,17,0,40294.0,40846.0,0.0,552.0,364,True,0,120.0
cluster_527,202,ORANGE,0,-120,-2.0,0,5,29468.6,29091.9,376.7,0.0,289,True,0,120.0
cluster_527,250,ORANGE,0,-120,-2.0,0,0,40967.0,41433.0,0.0,466.0,392,True,0,120.0
cluster_527,ORANGE,200,0,-120,-2.0,0,1,549.5,584.1,0.0,34.6,44,True,0,120.0
cluster_527,ORANGE,200,1,-120,-2.0,4,0,503.6,425.6,78.1,0.0,44,True,0,120.0
cluster_527,ORANGE,202,0,-120,-2.0,0,1,540.5,548.3,0.0,7.8,42,True,0,120.0
cluster_527,ORANGE,202,1,-120,-2.0,0,1,512.4,550.3,0.0,37.9,42,True,0,120.0
cluster_527,ORANGE,250,0,-120,-2.0,0,0,506.2,537.8,0.0,31.6,44,True,0,120.0
cluster_527,ORANGE,250,1,-120,-2.0,2,0,441.3,434.6,6.7,0.0,44,True,0,120.0
cluster_527,ORANGE,ORANGE,0,-120,-2.0,0,17,811.5,1689.5,0.0,878.0,21,True,0,120.0
cluster_527,ORANGE,ORANGE,1,-120,-2.0,0,0,314.5,356.5,0.0,42.0,21,True,0,120.0
cluster_527,ORANGE,RED,0,-120,-2.0,0,0,439.0,483.0,0.0,44.0,44,True,0,120.0
cluster_527,ORANGE,RED,1,-120,-2.0,0,0,304.0,348.0,0.0,44.0,44,True,0,120.0
cluster_527,RED,ORANGE,0,-120,-2.0,0,2,10745.5,10599.5,146.0,0.0,98,True,0,120.0
cluster_6,003,ORANGE,0,-120,-2.0,53,0,4717.4,4207.4,510.0,0.0,536,True,0,120.0
cluster_6,017,ORANGE,0,-120,-2.0,36,0,12076.4,11264.4,812.0,0.0,1495,True,0,120.0
cluster_6,205,ORANGE,0,-120,-2.0,1,0,860.0,802.0,58.0,0.0,87,True,0,120.0
cluster_6,249,ORANGE,0,-120,-2.0,0,21,1285.0,1500.8,0.0,215.8,174,True,0,120.0
cluster_6,440,ORANGE,0,-120,-2.0,0,52,18458.0,18932.0,0.0,474.0,2304,True,0,120.0
cluster_6,442,ORANGE,0,-120,-2.0,16,0,1154.9,946.9,208.0,0.0,104,True,0,120.0
cluster_6,BLUE,ORANGE,0,-120,-2.0,49,0,946.0,736.0,210.0,0.0,105,True,0,120.0
cluster_6,ORANGE,003,0,-120,-2.0,0,16,1113.7,1266.3,0.0,152.5,212,True,0,120.0
cluster_6,ORANGE,003,1,-120,-2.0,1,0,1203.6,1178.1,25.5,0.0,212,True,0,120.0
cluster_6,ORANGE,017,0,-120,-2.0,1,0,576.0,680.4,0.0,104.4,212,True,0,120.0
cluster_6,ORANGE,017,1,-120,-2.0,0,13,466.9,469.7,0.0,2.8,212,True,0,120.0
cluster_6,ORANGE,205,0,-120,-2.0,0,0,4305.5,3927.5,378.0,0.0,212,True,0,120.0
cluster_6,ORANGE,205,1,-120,-2.0,2,0,4014.6,3975.3,39.3,0.0,212,True,0,120.0
cluster_6,ORANGE,249,0,-120,-2.0,0,8,3135.8,3347.8,0.0,212.0,210,True,0,120.0
cluster_6,ORANGE,249,1,-120,-2.0,0,9,3672.8,3739.4,0.0,66.7,206,True,0,120.0
cluster_6,ORANGE,440,0,-120,-2.0,0,0,126.5,94.9,31.6,0.0,183,True,0,120.0
cluster_6,ORANGE,440,1,-120,-2.0,0,0,313.8,380.6,0.0,66.8,182,True,0,120.0
cluster_6,ORANGE,442,0,-120,-2.0,16,0,1611.3,1325.3,286.0,0.0,208,True,0,120.0
cluster_6,ORANGE,BLUE,0,-120,-2.0,1,0,2082.0,2281.5,0.0,199.5,212,True,0,120.0
cluster_6,ORANGE,BLUE,1,-120,-2.0,48,0,2640.5,1899.5,741.0,0.0,212,True,0,120.0
cluster_6,ORANGE,ORANGE,0,-120,-2.0,1,0,1112.5,912.5,200.0,0.0,102,True,0,120.0
cluster_6,ORANGE,ORANGE,1,-120,-2.0,0,2,457.5,663.0,0.0,205.5,104,True,0,120.0
cluster_6,ORANGE,RED,0,-120,-2.0,0,1,1057.0,1269.0,0.0,212.0,212,True,0,120.0
cluster_6,ORANGE,RED,1,-120,-2.0,0,50,2145.5,2357.5,0.0,212.0,212,True,0,120.0
cluster_6,RED,ORANGE,0,-120,-2.0,0,0,886.0,575.5,310.5,0.0,207,True,0,120.0
cluster_666,236,ORANGE,0,-120,-2.0,6,0,27768.3,27996.3,0.0,228.0,261,True,0,120.0
cluster_666,247,ORANGE,0,-120,-2.0,11,0,40065.3,39387.3,678.0,0.0,399,True,0,120.0
cluster_666,ORANGE,236,0,-120,-2.0,2,0,592.4,548.3,44.1,0.0,43,True,0,120.0
cluster_666,ORANGE,236,1,-120,-2.0,0,0,353.9,370.4,0.0,16.5,43,True,0,120.0
cluster_666,ORANGE,247,0,-120,-2.0,0,1,455.0,487.6,0.0,32.6,44,True,0,120.0
cluster_666,ORANGE,247,1,-120,-2.0,1,0,511.8,523.6,0.0,11.9,44,True,0,120.0
cluster_666,ORANGE,ORANGE,0,-120,-2.0,0,0,346.0,304.0,42.0,0.0,21,True,0,120.0
cluster_666,ORANGE,ORANGE,1,-120,-2.0,0,0,580.0,622.0,0.0,42.0,21,True,0,120.0
cluster_666,ORANGE,RED,0,-120,-2.0,0,0,522.0,566.0,0.0,44.0,43,True,0,120.0
cluster_666,ORANGE,RED,1,-120,-2.0,0,0,186.0,230.0,0.0,44.0,44,True,0,120.0
cluster_666,ORANGE,SILVER,0,-120,-2.0,0,0,638.0,682.0,0.0,44.0,43,True,0,120.0
cluster_666,ORANGE,SILVER,1,-120,-2.0,7,0,938.0,682.0,256.0,0.0,44,True,0,120.0
cluster_666,RED,ORANGE,0,-120,-2.0,0,0,10981.5,10783.5,198.0,0.0,99,True,0,120.0
cluster_666,SILVER,ORANGE,0,-120,-2.0,6,0,4818.0,4718.0,100.0,0.0,50,True,0,120.0
cluster_667,017,ORANGE,0,-120,-2.0,7,0,6271.1,5146.1,1125.0,0.0,612,True,0,120.0
cluster_667,413,ORANGE,0,-120,-2.0,0,5,418.0,614.0,0.0,196.0,52,True,0,120.0
cluster_667,417,ORANGE,0,-120,-2.0,0,11,396.0,514.0,0.0,118.0,56,True,0,120.0
cluster_667,419,ORANGE,0,-120,-2.0,0,16,274.0,496.0,0.0,222.0,54,True,0,120.0
cluster_667,ORANGE,017,0,-120,-2.0,2,0,556.0,616.2,0.0,60.2,106,True,0,120.0
cluster_667,ORANGE,017,1,-120,-2.0,0,2,371.3,466.0,0.0,94.7,106,True,0,120.0
cluster_667,ORANGE,413,0,-120,-2.0,0,13,6283.0,5931.0,352.0,0.0,86,True,0,120.0
cluster_667,ORANGE,417,0,-120,-2.0,0,12,5337.0,5425.0,0.0,88.0,87,True,0,120.0
cluster_667,ORANGE,419,0,-120,-2.0,0,16,5743.0,5829.0,0.0,86.0,86,True,0,120.0
cluster_667,ORANGE,ORANGE,0,-120,-2.0,1,0,767.5,667.5,100.0,0.0,50,True,0,120.0
cluster_667,ORANGE,ORANGE,1,-120,-2.0,0,0,126.5,230.0,0.0,103.5,53,True,0,120.0
cluster_667,ORANGE,RED,0,-120,-2.0,0,1,798.0,904.0,0.0,106.0,106,True,0,120.0
cluster_667,ORANGE,RED,1,-120,-2.0,0,0,1013.0,1119.0,0.0,106.0,106,True,0,120.0
cluster_667,RED,ORANGE,0,-120,-2.0,0,0,745.5,539.0,206.5,0.0,104,True,0,120.0
cluster_717,020,ORANGE,0,-120,-2.0,0,28,1655.6,1869.6,0.0,214.0,208,True,0,120.0
cluster_717,027,ORANGE,0,-120,-2.0,28,0,1020.0,834.0,186.0,0.0,103,True,0,120.0
cluster_717,ORANGE,020,0,-120,-2.0,0,0,768.5,799.9,0.0,31.5,106,True,0,120.0
cluster_717,ORANGE,020,1,-120,-2.0,0,1,1075.2,1135.9,0.0,60.7,106,True,0,120.0
cluster_717,ORANGE,027,0,-120,-2.0,0,1,1604.0,1710.0,0.0,106.0,106,True,0,120.0
cluster_717,ORANGE,027,1,-120,-2.0,29,0,780.0,302.0,478.0,0.0,106,True,0,120.0
cluster_717,ORANGE,ORANGE,0,-120,-2.0,0,48,99.0,957.0,0.0,858.0,51,True,0,120.0
cluster_717,ORANGE,ORANGE,1,-120,-2.0,0,0,781.5,885.5,0.0,104.0,52,True,0,120.0
cluster_717,ORANGE,RED,0,-120,-2.0,0,1,1016.0,1122.0,0.0,106.0,106,True,0,120.0
cluster_717,ORANGE,RED,1,-120,-2.0,0,0,754.0,860.0,0.0,106.0,106,True,0,120.0
cluster_717,RED,ORANGE,0,-120,-2.0,0,1,986.0,811.5,174.5,0.0,103,True,0,120.0
cluster_809,022,ORANGE,0,-120,-2.0,25,0,1115.0,1331.0,0.0,216.0,102,True,0,120.0
cluster_809,241,ORANGE,0,-120,-2.0,12,0,600.0,582.0,18.0,0.0,59,True,0,120.0
cluster_809,ORANGE,022,0,-120,-2.0,0,0,855.0,961.0,0.0,106.0,106,True,0,120.0
cluster_809,ORANGE,022,1,-120,-2.0,9,0,1326.0,1005.0,321.0,0.0,106,True,0,120.0
cluster_809,ORANGE,241,0,-120,-2.0,4,0,2108.5,1852.5,256.0,0.0,103,True,0,120.0
cluster_809,ORANGE,241,1,-120,-2.0,8,0,1616.0,1482.0,134.0,0.0,106,True,0,120.0
cluster_809,ORANGE,ORANGE,0,-120,-2.0,0,2,567.5,507.0,60.5,0.0,50,True,0,120.0
cluster_809,ORANGE,ORANGE,1,-120,-2.0,0,0,336.0,442.0,0.0,106.0,53,True,0,120.0
cluster_809,ORANGE,RED,0,-120,-2.0,0,1,586.0,692.0,0.0,106.0,106,True,0,120.0
cluster_809,ORANGE,RED,1,-120,-2.0,0,0,1225.0,1331.0,0.0,106.0,106,True,0,120.0
cluster_809,RED,ORANGE,0,-120,-2.0,0,47,537.5,1271.5,0.0,734.0,104,True,0,120.0
cluster_810,238,ORANGE,0,-120,-2.0,0,2,6060.0,6044.0,16.0,0.0,58,True,0,120.0
cluster_810,243,ORANGE,0,-120,-2.0,0,0,5849.0,5757.0,92.0,0.0,56,True,0,120.0
cluster_810,244,ORANGE,0,-120,-2.0,5,0,5778.0,5676.0,102.0,0.0,56,True,0,120.0
cluster_810,ORANGE,238,0,-120,-2.0,0,5,672.0,716.0,0.0,44.0,44,True,0,120.0
cluster_810,ORANGE,238,1,-120,-2.0,3,0,685.0,641.0,44.0,0.0,44,True,0,120.0
cluster_810,ORANGE,243,0,-120,-2.0,0,1,670.0,714.0,0.0,44.0,44,True,0,120.0
cluster_810,ORANGE,243,1,-120,-2.0,1,0,690.0,700.0,0.0,10.0,44,True,0,120.0
cluster_810,ORANGE,244,0,-120,-2.0,1,0,718.5,701.5,17.0,0.0,43,True,0,120.0
cluster_810,ORANGE,244,1,-120,-2.0,3,0,693.5,641.5,52.0,0.0,41,True,0,120.0
cluster_810,ORANGE,ORANGE,0,-120,-2.0,1,0,937.5,895.5,42.0,0.0,21,True,0,120.0
cluster_810,ORANGE,ORANGE,1,-120,-2.0,1,0,208.5,230.5,0.0,22.0,21,True,0,120.0
cluster_810,ORANGE,RED,0,-120,-2.0,0,0,571.0,615.0,0.0,44.0,44,True,0,120.0
cluster_810,ORANGE,RED,1,-120,-2.0,19,0,573.0,237.0,336.0,0.0,44,True,0,120.0
cluster_810,RED,ORANGE,0,-120,-2.0,18,0,11039.5,10843.5,196.0,0.0,98,True,0,120.0
cluster_811,408,ORANGE,0,-120,-2.0,3,0,2799.0,3235.0,0.0,436.0,42,True,0,120.0
cluster_811,ORANGE,408,0,-120,-2.0,0,0,424.5,460.5,0.0,36.0,35,True,0,120.0
cluster_811,ORANGE,408,1,-120,-2.0,2,0,513.0,362.0,151.0,0.0,34,True,0,120.0
cluster_811,ORANGE,ORANGE,0,-120,-2.0,0,0,1023.0,981.0,42.0,0.0,21,True,0,120.0
cluster_811,ORANGE,ORANGE,1,-120,-2.0,0,0,93.0,135.0,0.0,42.0,21,True,0,120.0
cluster_811,ORANGE,RED,0,-120,-2.0,0,0,279.0,323.0,0.0,44.0,43,True,0,120.0
cluster_811,ORANGE,RED,1,-120,-2.0,0,0,452.0,496.0,0.0,44.0,44,True,0,120.0
cluster_811,RED,ORANGE,0,-120,-2.0,0,0,10363.0,10165.0,198.0,0.0,99,True,0,120.0
cluster_828,232,ORANGE,0,-120,-2.0,0,9,5635.0,6289.0,0.0,654.0,58,True,0,120.0
cluster_828,245,ORANGE,0,-120,-2.0,0,2,5482.0,5880.0,0.0,398.0,56,True,0,120.0
cluster_828,883E,ORANGE,0,-120,-2.0,1,0,14167.0,14023.0,144.0,0.0,122,True,0,120.0
cluster_828,ORANGE,232,0,-120,-2.0,0,0,694.0,736.0,0.0,42.0,42,True,0,120.0
cluster_828,ORANGE,232,1,-120,-2.0,0,10,720.0,764.0,0.0,44.0,44,True,0,120.0
cluster_828,ORANGE,245,0,-120,-2.0,0,5,789.0,776.0,13.0,0.0,44,True,0,120.0
cluster_828,ORANGE,245,1,-120,-2.0,3,0,806.0,758.0,48.0,0.0,42,True,0,120.0
cluster_828,ORANGE,883E,0,-120,-2.0,0,5,175.0,211.0,0.0,36.0,36,True,0,120.0
cluster_828,ORANGE,883E,1,-120,-2.0,7,0,326.0,254.0,72.0,0.0,34,True,0,120.0
cluster_828,ORANGE,ORANGE,0,-120,-2.0,18,0,1128.0,1086.0,42.0,0.0,21,True,0,120.0
cluster_828,ORANGE,ORANGE,1,-120,-2.0,19,0,748.0,30.0,718.0,0.0,21,True,0,120.0
cluster_828,ORANGE,RED,0,-120,-2.0,0,0,384.0,428.0,0.0,44.0,43,True,0,120.0
cluster_828,ORANGE,RED,1,-120,-2.0,1,0,362.0,386.0,0.0,24.0,44,True,0,120.0
cluster_828,ORANGE,SILVER,0,-120,-2.0,0,0,470.0,514.0,0.0,44.0,44,True,0,120.0
cluster_828,ORANGE,SILVER,1,-120,-2.0,0,6,770.0,814.0,0.0,44.0,44,True,0,120.0
cluster_828,RED,ORANGE,0,-120,-2.0,1,0,10612.5,10414.5,198.0,0.0,99,True,0,120.0
cluster_828,SILVER,ORANGE,0,-120,-2.0,0,5,4650.0,4660.0,0.0,10.0,50,True,0,120.0
cluster_829,234,ORANGE,0,-120,-2.0,2,0,15775.0,15589.0,186.0,0.0,143,True,0,120.0
cluster_829,236,ORANGE,0,-120,-2.0,2,0,23787.4,23451.4,336.0,0.0,228,True,0,120.0
cluster_829,247,ORANGE,0,-120,-2.0,3,0,20150.0,19918.0,232.0,0.0,196,True,0,120.0
cluster_829,ORANGE,234,0,-120,-2.0,2,0,586.8,577.1,9.6,0.0,43,True,0,120.0
cluster_829,ORANGE,234,1,-120,-2.0,0,2,500.9,537.0,0.0,36.1,43,True,0,120.0
cluster_829,ORANGE,236,0,-120,-2.0,0,0,517.1,547.1,0.0,30.0,43,True,0,120.0
cluster_829,ORANGE,236,1,-120,-2.0,0,1,525.2,567.2,0.0,42.0,42,True,0,120.0
cluster_829,ORANGE,247,0,-120,-2.0,0,0,632.2,642.6,0.0,10.4,44,True,0,120.0
cluster_829,ORANGE,247,1,-120,-2.0,0,0,595.0,623.0,0.0,28.0,44,True,0,120.0
cluster_829,ORANGE,ORANGE,0,-120,-2.0,0,1,410.5,398.5,12.0,0.0,21,True,0,120.0
cluster_829,ORANGE,ORANGE,1,-120,-2.0,0,1,505.5,547.5,0.0,42.0,21,True,0,120.0
cluster_829,ORANGE,RED,0,-120,-2.0,0,0,226.5,270.5,0.0,44.0,43,True,0,120.0
cluster_829,ORANGE,RED,1,-120,-2.0,0,21,517.0,561.0,0.0,44.0,44,True,0,120.0
cluster_829,RED,ORANGE,0,-120,-2.0,0,19,10236.5,11008.5,0.0,772.0,99,True,0,120.0
cluster_876,GREEN,ORANGE,0,-120,-2.0,1,0,1291.5,1059.5,232.0,0.0,116,True,0,120.0
cluster_876,ORANGE,GREEN,0,-120,-2.0,0,0,1238.0,1350.0,0.0,112.0,114,True,0,120.0
cluster_876,ORANGE,GREEN,1,-120,-2.0,1,0,862.5,948.5,0.0,86.0,113,True,0,120.0
cluster_876,ORANGE,ORANGE,0,-120,-2.0,0,0,787.5,677.5,110.0,0.0,55,True,0,120.0
cluster_876,ORANGE,ORANGE,1,-120,-2.0,0,0,207.0,316.5,0.0,109.5,56,True,0,120.0
cluster_876,ORANGE,TRE,0,-120,-2.0,0,17,2586.5,2690.5,0.0,104.0,104,True,0,120.0
cluster_876,ORANGE,TRE,1,-120,-2.0,0,0,2640.0,2748.0,0.0,108.0,109,True,0,120.0
cluster_876,TRE,ORANGE,0,-120,-2.0,0,0,697.0,585.0,112.0,0.0,56,True,0,120.0
cluster_9,001,ORANGE,0,-120,-2.0,76,0,7119.1,6568.1,551.0,0.0,1154,True,0,120.0
cluster_9,003,ORANGE,0,-120,-2.0,0,4,10649.6,10732.6,0.0,83.0,1871,True,0,120.0
cluster_9,009,ORANGE,0,-120,-2.0,0,23,6397.3,6363.3,34.0,0.0,1144,True,0,120.0
cluster_9,013,ORANGE,0,-120,-2.0,43,0,6304.4,4999.7,1304.7,0.0,1200,True,0,120.0
cluster_9,016,ORANGE,0,-120,-2.0,0,58,2436.9,3117.9,0.0,681.0,683,True,0,120.0
cluster_9,018,ORANGE,0,-120,-2.0,67,0,5385.7,4559.7,826.0,0.0,638,True,0,120.0
cluster_9,102,ORANGE,0,-120,-2.0,0,75,3280.0,3870.6,0.0,590.6,772,True,0,120.0
cluster_9,103,ORANGE,0,-120,-2.0,0,53,2896.9,3597.9,0.0,701.0,532,True,0,120.0
cluster_9,106,ORANGE,0,-120,-2.0,0,55,6114.6,7998.6,0.0,1884.0,1012,True,0,120.0
cluster_9,109,ORANGE,0,-120,-2.0,0,14,5105.9,5178.9,0.0,73.0,789,True,0,120.0
cluster_9,128,ORANGE,0,-120,-2.0,0,52,6312.5,6946.5,0.0,634.0,990,True,0,120.0
cluster_9,145,ORANGE,0,-120,-2.0,0,128,4306.1,5657.1,0.0,1351.0,836,True,0,120.0
cluster_9,147,ORANGE,0,-120,-2.0,12,0,6164.5,6590.5,0.0,426.0,828,True,0,120.0
cluster_9,205,ORANGE,0,-120,-2.0,0,14,1901.9,2042.9,0.0,141.0,372,True,0,120.0
cluster_9,207,ORANGE,0,-120,-2.0,0,0,4438.6,4369.9,68.7,0.0,724,True,0,120.0
cluster_9,214,ORANGE,0,-120,-2.0,0,8,2808.4,2739.8,68.6,0.0,643,True,0,120.0
cluster_9,224,ORANGE,0,-120,-2.0,0,17,2462.4,2645.4,0.0,183.0,460,True,0,120.0
cluster_9,230,ORANGE,0,-120,-2.0,20,0,3685.3,3864.3,0.0,179.0,551,True,0,120.0
cluster_9,237,ORANGE,0,-120,-2.0,0,4,4158.0,3950.3,207.8,0.0,687,True,0,120.0
cluster_9,239,ORANGE,0,-120,-2.0,0,21,3201.9,2851.9,350.0,0.0,533,True,0,120.0
cluster_9,249,ORANGE,0,-120,-2.0,47,0,2545.4,2199.4,346.0,0.0,384,True,0,120.0
cluster_9,306,ORANGE,0,-120,-2.0,19,0,3806.3,3270.3,536.0,0.0,668,True,0,120.0
cluster_9,308,ORANGE,0,-120,-2.0,0,15,5139.6,5345.6,0.0,206.0,1046,True,0,120.0
cluster_9,421,ORANGE,0,-120,-2.0,12,0,254.0,206.0,48.0,0.0,42,True,0,120.0
cluster_9,425,ORANGE,0,-120,-2.0,0,24,5035.2,5279.2,0.0,244.0,1032,True,0,120.0
cluster_9,620,ORANGE,0,-120,-2.0,52,0,854.0,636.0,218.0,0.0,110,True,0,120.0
cluster_9,BLUE,ORANGE,0,-120,-2.0,55,0,3768.5,2970.0,798.5,0.0,596,True,0,120.0
cluster_9,GREEN,ORANGE,0,-120,-2.0,2,0,2726.5,2974.5,0.0,248.0,467,True,0,120.0
cluster_9,ORANGE,001,0,-120,-2.0,0,3,1281.0,1329.2,0.0,48.2,452,True,0,120.0
cluster_9,ORANGE,001,1,-120,-2.0,0,1,1338.1,1363.9,0.0,25.8,455,True,0,120.0
cluster_9,ORANGE,003,0,-120,-2.0,3,0,593.2,554.6,38.6,0.0,455,True,0,120.0
cluster_9,ORANGE,003,1,-120,-2.0,3,0,800.1,731.2,68.9,0.0,449,True,0,120.0
cluster_9,ORANGE,009,0,-120,-2.0,0,1,1665.4,1604.9,60.5,0.0,448,True,0,120.0
cluster_9,ORANGE,009,1,-120,-2.0,0,1,1740.2,1745.5,0.0,5.3,451,True,0,120.0
cluster_9,ORANGE,013,0,-120,-2.0,0,12,2513.6,2378.3,135.3,0.0,449,True,0,120.0
cluster_9,ORANGE,013,1,-120,-2.0,0,2,2101.1,2353.9,0.0,252.8,448,True,0,120.0
cluster_9,ORANGE,016,0,-120,-2.0,6,0,2451.3,2165.5,285.8,0.0,450,True,0,120.0
cluster_9,ORANGE,016,1,-120,-2.0,0,1,2500.3,2112.1,388.2,0.0,448,True,0,120.0
cluster_9,ORANGE,018,0,-120,-2.0,0,1,2364.1,2649.3,0.0,285.2,449,True,0,120.0
cluster_9,ORANGE,018,1,-120,-2.0,3,0,2997.8,3158.8,0.0,160.9,451,True,0,120.0
cluster_9,ORANGE,102,0,-120,-2.0,0,14,2896.0,3036.4,0.0,140.4,448,True,0,120.0
cluster_9,ORANGE,102,1,-120,-2.0,0,1,3706.3,3488.0,218.3,0.0,444,True,0,120.0
cluster_9,ORANGE,103,0,-120,-2.0,10,0,2985.0,2848.3,136.7,0.0,443,True,0,120.0
cluster_9,ORANGE,103,1,-120,-2.0,22,0,3301.7,3096.3,205.3,0.0,444,True,0,120.0
cluster_9,ORANGE,106,0,-120,-2.0,22,0,3503.0,3223.8,279.2,0.0,451,True,0,120.0
cluster_9,ORANGE,106,1,-120,-2.0,26,0,3613.5,3255.5,358.0,0.0,448,True,0,120.0
cluster_9,ORANGE,109,0,-120,-2.0,0,8,3258.8,3502.2,0.0,243.3,452,True,0,120.0
cluster_9,ORANGE,109,1,-120,-2.0,10,0,4066.2,3793.3,273.0,0.0,444,True,0,120.0
cluster_9,ORANGE,128,0,-120,-2.0,0,1,3432.6,3476.8,0.0,44.2,453,True,0,120.0
cluster_9,ORANGE,128,1,-120,-2.0,21,0,4306.6,4188.9,117.7,0.0,449,True,0,120.0
cluster_9,ORANGE,145,0,-120,-2.0,0,2,3185.0,3254.2,0.0,69.2,452,True,0,120.0
cluster_9,ORANGE,145,1,-120,-2.0,0,1,3569.3,3311.2,258.0,0.0,444,True,0,120.0
cluster_9,ORANGE,147,0,-120,-2.0,5,0,2917.4,2841.0,76.4,0.0,452,True,0,120.0
cluster_9,ORANGE,147,1,-120,-2.0,0,7,2886.2,3025.2,0.0,139.0,444,True,0,120.0
cluster_9,ORANGE,205,0,-120,-2.0,0,1,6396.5,6316.1,80.4,0.0,452,True,0,120.0
cluster_9,ORANGE,205,1,-120,-2.0,0,0,6447.9,6336.4,111.5,0.0,446,True,0,120.0
cluster_9,ORANGE,207,0,-120,-2.0,0,3,6066.6,6230.5,0.0,163.9,443,True,0,120.0
cluster_9,ORANGE,207,1,-120,-2.0,0,6,7908.5,7995.6,0.0,87.1,440,True,0,120.0
cluster_9,ORANGE,214,0,-120,-2.0,0,0,4641.5,4384.9,256.6,0.0,447,True,0,120.0
cluster_9,ORANGE,214,1,-120,-2.0,0,6,5486.2,5621.2,0.0,135.0,441,True,0,120.0
cluster_9,ORANGE,224,0,-120,-2.0,6,0,3038.9,2916.6,122.3,0.0,446,True,0,120.0
cluster_9,ORANGE,224,1,-120,-2.0,1,0,8577.0,8255.0,322.0,0.0,436,True,0,120.0
cluster_9,ORANGE,230,0,-120,-2.0,6,0,5151.6,5109.1,42.5,0.0,444,True,0,120.0
cluster_9,ORANGE,230,1,-120,-2.0,13,0,5583.8,5124.5,459.3,0.0,444,True,0,120.0
cluster_9,ORANGE,237,0,-120,-2.0,1,0,5729.1,5982.4,0.0,253.2,440,True,0,120.0
cluster_9,ORANGE,237,1,-120,-2.0,9,0,4119.2,4015.8,103.4,0.0,443,True,0,120.0
cluster_9,ORANGE,239,0,-120,-2.0,0,2,5985.1,6201.1,0.0,216.0,433,True,0,120.0
cluster_9,ORANGE,239,1,-120,-2.0,0,2,6810.2,7120.1,0.0,309.9,438,True,0,120.0
cluster_9,ORANGE,249,0,-120,-2.0,0,1,6513.0,6764.1,0.0,251.1,443,True,0,120.0
cluster_9,ORANGE,249,1,-120,-2.0,9,0,5634.7,5330.9,303.9,0.0,440,True,0,120.0
cluster_9,ORANGE,306,0,-120,-2.0,0,6,13994.5,14229.0,0.0,234.5,319,True,0,120.0
cluster_9,ORANGE,306,1,-120,-2.0,0,0,14464.5,14652.8,0.0,188.4,314,True,0,120.0
cluster_9,ORANGE,308,0,-120,-2.0,0,0,22634.4,22761.2,0.0,126.9,332,True,0,120.0
cluster_9,ORANGE,308,1,-120,-2.0,0,1,17254.5,17342.1,0.0,87.7,350,True,0,120.0
cluster_9,ORANGE,421,0,-120,-2.0,0,0,15040.0,15090.0,0.0,50.0,320,True,0,120.0
cluster_9,ORANGE,421,1,-120,-2.0,2,0,14570.0,14350.0,220.0,0.0,320,True,0,120.0
cluster_9,ORANGE,425,0,-120,-2.0,0,6,1003.1,1044.3,0.0,41.2,341,True,0,120.0
cluster_9,ORANGE,425,1,-120,-2.0,0,0,718.0,723.1,0.0,5.1,358,True,0,120.0
cluster_9,ORANGE,620,0,-120,-2.0,51,0,3456.0,2834.0,622.0,0.0,422,True,0,120.0
cluster_9,ORANGE,620,1,-120,-2.0,1,0,4364.0,4766.0,0.0,402.0,423,True,0,120.0
cluster_9,ORANGE,BLUE,0,-120,-2.0,0,1,1874.0,1740.5,133.5,0.0,464,True,0,120.0
cluster_9,ORANGE,BLUE,1,-120,-2.0,0,0,2057.0,2385.0,0.0,328.0,454,True,0,120.0
cluster_9,ORANGE,GREEN,0,-120,-2.0,0,0,2338.0,2516.0,0.0,178.0,455,True,0,120.0
cluster_9,ORANGE,GREEN,1,-120,-2.0,2,0,1983.0,1434.0,549.0,0.0,454,True,0,120.0
cluster_9,ORANGE,ORANGE,0,-120,-2.0,1,0,1030.0,692.0,338.0,0.0,220,True,0,120.0
cluster_9,ORANGE,ORANGE,1,-120,-2.0,0,49,1372.0,1810.0,0.0,438.0,220,True,0,120.0
cluster_9,ORANGE,RED,0,-120,-2.0,0,0,1926.5,2198.0,0.0,271.5,452,True,0,120.0
cluster_9,ORANGE,RED,1,-120,-2.0,0,2,1736.5,1717.0,19.5,0.0,452,True,0,120.0
cluster_9,ORANGE,TRE,0,-120,-2.0,0,0,9698.0,9844.0,0.0,146.0,416,True,0,120.0
cluster_9,ORANGE,TRE,1,-120,-2.0,10,0,9349.0,8974.0,375.0,0.0,436,True,0,120.0
cluster_9,RED,ORANGE,0,-120,-2.0,52,0,4308.0,4078.5,229.5,0.0,578,True,0,120.0
cluster_9,TRE,ORANGE,0,-120,-2.0,17,0,393.0,316.0,77.0,0.0,56,True,0,120.0
cluster_928,005,ORANGE,0,-120,-2.0,6,0,1584.0,1502.0,82.0,0.0,151,True,0,120.0
cluster_928,103,ORANGE,0,-120,-2.0,0,9,815.0,1047.0,0.0,232.0,89,True,0,120.0
cluster_928,207,ORANGE,0,-120,-2.0,0,3,1118.3,1191.3,0.0,73.0,106,True,0,120.0
cluster_928,GREEN,ORANGE,0,-120,-2.0,1,0,1526.5,1326.5,200.0,0.0,116,True,0,120.0
cluster_928,ORANGE,005,0,-120,-2.0,16,0,1076.5,952.5,124.0,0.0,115,True,0,120.0
cluster_928,ORANGE,005,1,-120,-2.0,0,10,910.5,1001.5,0.0,91.0,115,True,0,120.0
cluster_928,ORANGE,103,0,-120,-2.0,0,0,1016.5,1126.5,0.0,110.0,110,True,0,120.0
cluster_928,ORANGE,103,1,-120,-2.0,0,9,1699.5,1471.5,228.0,0.0,109,True,0,120.0
cluster_928,ORANGE,207,0,-120,-2.0,0,1,2514.8,2571.6,0.0,56.8,109,True,0,120.0
cluster_928,ORANGE,207,1,-120,-2.0,0,2,2563.9,2610.2,0.0,46.3,108,True,0,120.0
cluster_928,ORANGE,GREEN,0,-120,-2.0,0,0,458.0,570.0,0.0,112.0,114,True,0,120.0
cluster_928,ORANGE,GREEN,1,-120,-2.0,0,0,659.5,717.5,0.0,58.0,112,True,0,120.0
cluster_928,ORANGE,ORANGE,0,-120,-2.0,0,1,1051.5,959.5,92.0,0.0,56,True,0,120.0
cluster_928,ORANGE,ORANGE,1,-120,-2.0,0,0,894.5,1006.5,0.0,112.0,56,True,0,120.0
cluster_929,306,ORANGE,0,-120,-2.0,0,3,397.0,413.0,0.0,16.0,42,True,0,120.0
cluster_929,GREEN,ORANGE,0,-120,-2.0,0,49,1002.5,1775.5,0.0,773.0,116,True,0,120.0
cluster_929,ORANGE,306,0,-120,-2.0,0,1,4229.0,4279.0,0.0,50.0,80,True,0,120.0
cluster_929,ORANGE,306,1,-120,-2.0,0,0,4192.5,4213.5,0.0,21.0,77,True,0,120.0
cluster_929,ORANGE,GREEN,0,-120,-2.0,0,0,910.0,1022.0,0.0,112.0,114,True,0,120.0
cluster_929,ORANGE,GREEN,1,-120,-2.0,0,49,1126.5,1240.5,0.0,114.0,113,True,0,120.0
cluster_929,ORANGE,ORANGE,0,-120,-2.0,4,0,545.5,433.5,112.0,0.0,56,True,0,120.0
cluster_929,ORANGE,ORANGE,1,-120,-2.0,4,0,540.5,532.5,8.0,0.0,56,True,0,120.0
cluster_960,ORANGE,ORANGE,0,-120,-2.0,2,0,653.0,535.0,118.0,0.0,59,True,0,120.0
cluster_960,ORANGE,ORANGE,1,-120,-2.0,0,0,423.5,525.5,0.0,102.0,60,True,0,120.0
cluster_961,229,ORANGE,0,-120,-2.0,6,0,641.0,531.0,110.0,0.0,65,True,0,120.0
cluster_961,231,ORANGE,0,-120,-2.0,0,2,556.0,488.0,68.0,0.0,64,True,0,120.0
cluster_961,ORANGE,229,0,-120,-2.0,1,0,1900.0,1989.0,0.0,89.0,113,True,0,120.0
cluster_961,ORANGE,229,1,-120,-2.0,4,0,2532.0,2456.0,76.0,0.0,114,True,0,120.0
cluster_961,ORANGE,231,0,-120,-2.0,0,0,1958.0,2032.0,0.0,74.0,114,True,0,120.0
cluster_961,ORANGE,231,1,-120,-2.0,0,2,2379.0,2495.0,0.0,116.0,115,True,0,120.0
cluster_961,ORANGE,ORANGE,0,-120,-2.0,2,0,318.5,218.5,100.0,0.0,60,True,0,120.0
cluster_961,ORANGE,ORANGE,1,-120,-2.0,2,0,824.0,846.5,0.0,22.5,61,True,0,120.0
cluster_962,ORANGE,ORANGE,0,-120,-2.0,0,2,852.5,774.5,78.0,0.0,61,True,0,120.0
cluster_962,ORANGE,ORANGE,1,-120,-2.0,0,2,211.5,333.5,0.0,122.0,61,True,0,120.0
cluster_1,027,ORANGE,0,60,1.0,0,25,8827.9,9482.7,0.0,654.8,774,True,0,390.0
cluster_1,ORANGE,027,0,60,1.0,0,1,784.7,757.0,27.7,0.0,106,True,0,390.0
cluster_1,ORANGE,027,1,60,1.0,1,0,510.4,491.2,19.2,0.0,106,True,0,390.0
cluster_1,ORANGE,ORANGE,0,60,1.0,0,0,303.0,354.0,0.0,51.0,51,True,0,390.0
cluster_1,ORANGE,ORANGE,1,60,1.0,0,2,573.5,601.0,0.0,27.5,52,True,0,390.0
cluster_1,ORANGE,RED,0,60,1.0,0,0,1228.0,1175.0,53.0,0.0,106,True,0,390.0
cluster_1,ORANGE,RED,1,60,1.0,0,48,563.0,1490.0,0.0,927.0,106,True,0,390.0
cluster_1,RED,ORANGE,0,60,1.0,0,1,1190.0,1293.0,0.0,103.0,103,True,0,390.0
cluster_1016,ORANGE,ORANGE,0,60,1.0,47,0,1028.0,142.0,886.0,0.0,59,True,0,390.0
cluster_1016,ORANGE,ORANGE,1,60,1.0,0,0,955.5,895.5,60.0,0.0,60,True,0,390.0
cluster_1017,227,ORANGE,0,60,1.0,0,2,837.7,934.7,0.0,97.0,97,True,0,390.0
cluster_1017,ORANGE,227,0,60,1.0,0,1,1946.7,1949.3,0.0,2.7,113,True,0,390.0
cluster_1017,ORANGE,227,1,60,1.0,0,0,1973.5,1915.5,58.0,0.0,115,True,0,390.0
cluster_1017,ORANGE,ORANGE,0,60,1.0,1,0,758.0,792.0,0.0,34.0,59,True,0,390.0
cluster_1017,ORANGE,ORANGE,1,60,1.0,0,0,275.5,215.5,60.0,0.0,60,True,0,390.0
cluster_1020,ORANGE,ORANGE,0,60,1.0,0,0,870.5,931.5,0.0,61.0,61,True,0,390.0
cluster_1020,ORANGE,ORANGE,1,60,1.0,0,0,1121.5,1060.5,61.0,0.0,61,True,0,390.0
cluster_1020,ORANGE,SILVER,0,60,1.0,0,0,2675.0,2616.0,59.0,0.0,118,True,0,390.0
cluster_1020,ORANGE,SILVER,1,60,1.0,1,0,2157.0,2099.0,58.0,0.0,117,True,0,390.0
cluster_1020,SILVER,ORANGE,0,60,1.0,1,0,580.0,611.0,0.0,31.0,60,True,0,390.0
cluster_1058,ORANGE,ORANGE,0,60,1.0,5,0,649.5,589.5,60.0,0.0,60,True,0,390.0
cluster_1058,ORANGE,ORANGE,1,60,1.0,4,0,567.0,506.0,61.0,0.0,61,True,0,390.0
cluster_1062,ORANGE,ORANGE,0,60,1.0,0,0,283.0,304.0,0.0,21.0,21,True,0,390.0
cluster_1062,ORANGE,ORANGE,1,60,1.0,0,0,643.0,622.0,21.0,0.0,21,True,0,390.0
cluster_1062,ORANGE,RED,0,60,1.0,0,0,459.0,437.0,22.0,0.0,43,True,0,390.0
cluster_1062,ORANGE,RED,1,60,1.0,0,0,252.0,230.0,22.0,0.0,44,True,0,390.0
cluster_1062,RED,ORANGE,0,60,1.0,0,0,10832.0,10931.0,0.0,99.0,99,True,0,390.0
cluster_107,207,ORANGE,0,60,1.0,0,16,3906.8,4121.8,0.0,215.0,345,True,0,390.0
cluster_107,213,ORANGE,0,60,1.0,0,9,4582.1,4532.1,50.0,0.0,390,True,0,390.0
cluster_107,GREEN,ORANGE,0,60,1.0,0,0,1041.5,1156.5,0.0,115.0,115,True,0,390.0
cluster_107,ORANGE,207,0,60,1.0,1,0,2040.1,1997.3,42.8,0.0,110,True,0,390.0
cluster_107,ORANGE,207,1,60,1.0,5,0,2317.0,2269.0,48.0,0.0,109,True,0,390.0
cluster_107,ORANGE,213,0,60,1.0,1,0,2116.3,2061.3,55.0,0.0,110,True,0,390.0
cluster_107,ORANGE,213,1,60,1.0,0,0,2128.9,2073.8,55.1,0.0,114,True,0,390.0
cluster_107,ORANGE,GREEN,0,60,1.0,0,0,918.0,862.0,56.0,0.0,114,True,0,390.0
cluster_107,ORANGE,GREEN,1,60,1.0,0,0,1052.5,996.5,56.0,0.0,111,True,0,390.0
cluster_107,ORANGE,ORANGE,0,60,1.0,2,0,586.5,567.5,19.0,0.0,56,True,0,390.0
cluster_107,ORANGE,ORANGE,1,60,1.0,3,0,494.5,438.5,56.0,0.0,56,True,0,390.0
cluster_14,001,ORANGE,0,60,1.0,0,0,491.1,483.1,8.0,0.0,39,True,0,390.0
cluster_14,009,ORANGE,0,60,1.0,2,0,1042.8,1027.8,15.0,0.0,61,True,0,390.0
cluster_14,018,ORANGE,0,60,1.0,0,1,1182.4,1162.4,20.0,0.0,76,True,0,390.0
cluster_14,023,ORANGE,0,60,1.0,3,0,713.2,665.2,48.0,0.0,45,True,0,390.0
cluster_14,214,ORANGE,0,60,1.0,0,0,178.7,196.7,0.0,18.0,18,True,0,390.0
cluster_14,249,ORANGE,0,60,1.0,0,2,316.6,349.6,0.0,33.0,33,True,0,390.0
cluster_14,BLUE,ORANGE,0,60,1.0,0,0,37.0,43.0,0.0,6.0,6,True,0,390.0
cluster_14,GREEN,ORANGE,0,60,1.0,0,0,254.0,272.0,0.0,18.0,18,True,0,390.0
cluster_14,ORANGE,001,0,60,1.0,0,0,133.8,127.8,6.0,0.0,12,True,0,390.0
cluster_14,ORANGE,001,1,60,1.0,0,0,217.0,212.1,4.9,0.0,12,True,0,390.0
cluster_14,ORANGE,009,0,60,1.0,0,1,60.0,78.0,0.0,18.0,12,True,0,390.0
cluster_14,ORANGE,009,1,60,1.0,1,0,78.0,72.6,5.5,0.0,12,True,0,390.0
cluster_14,ORANGE,018,0,60,1.0,1,0,110.0,102.0,8.0,0.0,12,True,0,390.0
cluster_14,ORANGE,018,1,60,1.0,0,0,71.7,68.6,3.1,0.0,12,True,0,390.0
cluster_14,ORANGE,023,0,60,1.0,1,0,186.2,176.2,10.0,0.0,16,True,0,390.0
cluster_14,ORANGE,023,1,60,1.0,0,1,101.5,121.8,0.0,20.3,14,True,0,390.0
cluster_14,ORANGE,214,0,60,1.0,0,0,255.5,249.5,6.0,0.0,10,True,0,390.0
cluster_14,ORANGE,214,1,60,1.0,0,0,170.3,164.3,6.0,0.0,8,True,0,390.0
cluster_14,ORANGE,249,0,60,1.0,0,0,123.4,120.8,2.5,0.0,8,True,0,390.0
cluster_14,ORANGE,249,1,60,1.0,0,0,157.9,151.9,6.0,0.0,8,True,0,390.0
cluster_14,ORANGE,BLUE,0,60,1.0,0,0,68.0,64.0,4.0,0.0,4,True,0,390.0
cluster_14,ORANGE,GREEN,0,60,1.0,0,0,121.0,115.0,6.0,0.0,12,True,0,390.0
cluster_14,ORANGE,GREEN,1,60,1.0,0,1,149.5,169.5,0.0,20.0,14,True,0,390.0
cluster_14,RED,ORANGE,0,60,1.0,0,0,44.0,46.0,0.0,2.0,2,True,0,390.0
cluster_168,020,ORANGE,0,60,1.0,49,0,7902.8,7050.8,852.0,0.0,760,True,0,390.0
cluster_168,213,ORANGE,0,60,1.0,1,0,1113.1,1123.1,0.0,10.0,130,True,0,390.0
cluster_168,233,ORANGE,0,60,1.0,0,35,4599.2,4963.2,0.0,364.0,416,True,0,390.0
cluster_168,GREEN,ORANGE,0,60,1.0,0,0,1618.5,1739.5,0.0,121.0,121,True,0,390.0
cluster_168,ORANGE,020,0,60,1.0,35,0,871.5,840.3,31.2,0.0,118,True,0,390.0
cluster_168,ORANGE,020,1,60,1.0,6,0,740.1,720.7,19.4,0.0,119,True,0,390.0
cluster_168,ORANGE,213,0,60,1.0,6,0,2541.9,2484.9,57.0,0.0,114,True,0,390.0
cluster_168,ORANGE,213,1,60,1.0,9,0,2142.5,2145.3,0.0,2.8,121,True,0,390.0
cluster_168,ORANGE,233,0,60,1.0,0,5,1561.4,1725.6,0.0,164.2,117,True,0,390.0
cluster_168,ORANGE,233,1,60,1.0,0,0,1863.0,1870.0,0.0,7.0,119,True,0,390.0
cluster_168,ORANGE,GREEN,0,60,1.0,0,2,817.0,800.0,17.0,0.0,125,True,0,390.0
cluster_168,ORANGE,GREEN,1,60,1.0,0,48,522.0,1429.0,0.0,907.0,117,True,0,390.0
cluster_168,ORANGE,ORANGE,0,60,1.0,0,0,233.5,292.5,0.0,59.0,59,True,0,390.0
cluster_168,ORANGE,ORANGE,1,60,1.0,0,0,790.0,730.0,60.0,0.0,60,True,0,390.0
cluster_22,023,ORANGE,0,60,1.0,0,108,16559.0,17244.7,0.0,685.7,1248,True,0,390.0
cluster_22,103,ORANGE,0,60,1.0,0,2,7401.1,6808.8,592.4,0.0,610,True,0,390.0
cluster_22,207,ORANGE,0,60,1.0,11,0,7170.3,6940.3,230.0,0.0,720,True,0,390.0
cluster_22,237,ORANGE,0,60,1.0,0,13,4709.3,5079.3,0.0,370.0,560,True,0,390.0
cluster_22,425,ORANGE,0,60,1.0,7,0,8373.7,8362.7,11.0,0.0,849,True,0,390.0
cluster_22,BLUE,ORANGE,0,60,1.0,0,0,537.5,641.5,0.0,104.0,104,True,0,390.0
cluster_22,ORANGE,023,0,60,1.0,0,0,64.0,75.3,0.0,11.3,106,True,0,390.0
cluster_22,ORANGE,023,1,60,1.0,0,0,178.0,158.9,19.1,0.0,106,True,0,390.0
cluster_22,ORANGE,103,0,60,1.0,0,3,879.2,1105.4,0.0,226.3,106,True,0,390.0
cluster_22,ORANGE,103,1,60,1.0,0,0,856.8,829.2,27.6,0.0,106,True,0,390.0
cluster_22,ORANGE,207,0,60,1.0,0,5,1595.4,1821.1,0.0,225.7,106,True,0,390.0
cluster_22,ORANGE,207,1,60,1.0,7,0,1804.8,1801.0,3.8,0.0,105,True,0,390.0
cluster_22,ORANGE,237,0,60,1.0,0,1,1454.5,1445.7,8.8,0.0,105,True,0,390.0
cluster_22,ORANGE,237,1,60,1.0,1,0,1613.6,1568.5,45.1,0.0,106,True,0,390.0
cluster_22,ORANGE,425,0,60,1.0,0,1,234.8,254.5,0.0,19.8,89,True,0,390.0
cluster_22,ORANGE,425,1,60,1.0,1,0,319.5,291.3,28.2,0.0,89,True,0,390.0
cluster_22,ORANGE,BLUE,0,60,1.0,0,1,1551.0,1510.5,40.5,0.0,106,True,0,390.0
cluster_22,ORANGE,BLUE,1,60,1.0,0,0,1264.0,1211.0,53.0,0.0,106,True,0,390.0
cluster_22,ORANGE,ORANGE,0,60,1.0,0,0,77.5,127.5,0.0,50.0,50,True,0,390.0
cluster_22,ORANGE,ORANGE,1,60,1.0,0,0,767.0,716.0,51.0,0.0,51,True,0,390.0
cluster_22,ORANGE,RED,0,60,1.0,0,0,1056.0,1003.0,53.0,0.0,106,True,0,390.0
cluster_22,ORANGE,RED,1,60,1.0,0,0,723.0,670.0,53.0,0.0,106,True,0,390.0
cluster_22,RED,ORANGE,0,60,1.0,0,0,1005.0,1108.0,0.0,103.0,103,True,0,390.0
cluster_23,001,ORANGE,0,60,1.0,23,0,21656.0,21415.6,240.4,0.0,2030,True,0,390.0
cluster_23,023,ORANGE,0,60,1.0,10,0,5790.7,6451.7,0.0,661.0,936,True,0,390.0
cluster_23,057,ORANGE,0,60,1.0,2,0,3514.6,3802.2,0.0,287.7,457,True,0,390.0
cluster_23,101,ORANGE,0,60,1.0,0,20,3558.0,3907.0,0.0,349.0,369,True,0,390.0
cluster_23,122,ORANGE,0,60,1.0,0,38,4303.4,4690.4,0.0,387.0,387,True,0,390.0
cluster_23,213,ORANGE,0,60,1.0,0,9,2583.0,2782.0,0.0,199.0,259,True,0,390.0
cluster_23,219,ORANGE,0,60,1.0,0,16,3190.4,3430.4,0.0,240.0,280,True,0,390.0
cluster_23,230,ORANGE,0,60,1.0,8,0,5205.4,5245.4,0.0,40.0,520,True,0,390.0
cluster_23,306,ORANGE,0,60,1.0,0,2,402.0,424.0,0.0,22.0,42,True,0,390.0
cluster_23,422,ORANGE,0,60,1.0,0,0,2520.0,2800.0,0.0,280.0,280,True,0,390.0
cluster_23,423,ORANGE,0,60,1.0,0,0,486.0,540.0,0.0,54.0,54,True,0,390.0
cluster_23,GREEN,ORANGE,0,60,1.0,0,49,1712.5,1828.5,0.0,116.0,116,True,0,390.0
cluster_23,ORANGE,001,0,60,1.0,0,0,289.8,260.1,29.7,0.0,113,True,0,390.0
cluster_23,ORANGE,001,1,60,1.0,0,0,347.6,357.0,0.0,9.3,114,True,0,390.0
cluster_23,ORANGE,023,0,60,1.0,0,0,609.4,552.0,57.4,0.0,115,True,0,390.0
cluster_23,ORANGE,023,1,60,1.0,2,0,977.1,920.5,56.6,0.0,114,True,0,390.0
cluster_23,ORANGE,057,0,60,1.0,0,0,1159.8,1104.8,55.0,0.0,114,True,0,390.0
cluster_23,ORANGE,057,1,60,1.0,0,0,1243.0,1186.0,57.0,0.0,113,True,0,390.0
cluster_23,ORANGE,101,0,60,1.0,0,5,1119.8,1195.3,0.0,75.5,114,True,0,390.0
cluster_23,ORANGE,101,1,60,1.0,0,0,1252.2,1200.8,51.4,0.0,111,True,0,390.0
cluster_23,ORANGE,122,0,60,1.0,0,0,682.6,630.6,52.0,0.0,114,True,0,390.0
cluster_23,ORANGE,213,0,60,1.0,0,0,2076.4,2022.8,53.6,0.0,110,True,0,390.0
cluster_23,ORANGE,213,1,60,1.0,0,4,1560.7,1671.8,0.0,111.2,114,True,0,390.0
cluster_23,ORANGE,219,0,60,1.0,0,0,2019.9,1978.3,41.7,0.0,113,True,0,390.0
cluster_23,ORANGE,219,1,60,1.0,0,0,2623.2,2571.1,52.2,0.0,111,True,0,390.0
cluster_23,ORANGE,230,0,60,1.0,2,0,1471.9,1420.3,51.6,0.0,112,True,0,390.0
cluster_23,ORANGE,230,1,60,1.0,0,0,1577.0,1531.7,45.3,0.0,110,True,0,390.0
cluster_23,ORANGE,306,0,60,1.0,0,2,3995.0,3997.0,0.0,2.0,81,True,0,390.0
cluster_23,ORANGE,306,1,60,1.0,1,0,3966.0,3927.0,39.0,0.0,78,True,0,390.0
cluster_23,ORANGE,422,0,60,1.0,0,0,234.0,194.0,40.0,0.0,79,True,0,390.0
cluster_23,ORANGE,423,0,60,1.0,0,0,696.0,656.0,40.0,0.0,80,True,0,390.0
cluster_23,ORANGE,GREEN,0,60,1.0,0,0,690.0,634.0,56.0,0.0,114,True,0,390.0
cluster_23,ORANGE,GREEN,1,60,1.0,0,49,431.5,1354.5,0.0,923.0,112,True,0,390.0
cluster_23,ORANGE,ORANGE,0,60,1.0,0,0,290.5,346.5,0.0,56.0,56,True,0,390.0
cluster_23,ORANGE,ORANGE,1,60,1.0,0,0,700.5,644.5,56.0,0.0,56,True,0,390.0
cluster_23,ORANGE,TRE,0,60,1.0,0,0,2244.5,2193.5,51.0,0.0,103,True,0,390.0
cluster_23,ORANGE,TRE,1,60,1.0,0,0,2332.5,2278.5,54.0,0.0,109,True,0,390.0
cluster_23,TRE,ORANGE,0,60,1.0,0,0,417.0,473.0,0.0,56.0,56,True,0,390.0
cluster_29,018,ORANGE,0,60,1.0,0,2,483.3,507.3,0.0,24.0,24,True,0,390.0
cluster_29,023,ORANGE,0,60,1.0,2,0,387.8,336.8,51.0,0.0,24,True,0,390.0
cluster_29,214,ORANGE,0,60,1.0,0,0,400.9,426.9,0.0,26.0,26,True,0,390.0
cluster_29,BLUE,ORANGE,0,60,1.0,0,0,21.5,24.5,0.0,3.0,3,True,0,390.0
cluster_29,GREEN,ORANGE,0,60,1.0,0,0,155.5,163.5,0.0,8.0,8,True,0,390.0
cluster_29,ORANGE,018,0,60,1.0,0,1,33.5,59.5,0.0,26.0,6,True,0,390.0
cluster_29,ORANGE,018,1,60,1.0,0,0,36.5,33.4,3.1,0.0,6,True,0,390.0
cluster_29,ORANGE,023,0,60,1.0,0,0,97.6,92.6,5.0,0.0,8,True,0,390.0
cluster_29,ORANGE,023,1,60,1.0,0,0,70.0,67.0,3.0,0.0,6,True,0,390.0
cluster_29,ORANGE,214,0,60,1.0,0,0,101.3,98.3,3.0,0.0,5,True,0,390.0
cluster_29,ORANGE,214,1,60,1.0,0,0,54.4,51.4,3.0,0.0,4,True,0,390.0
cluster_29,ORANGE,BLUE,0,60,1.0,0,0,36.0,34.0,2.0,0.0,2,True,0,390.0
cluster_29,ORANGE,GREEN,0,60,1.0,0,0,96.5,93.5,3.0,0.0,6,True,0,390.0
cluster_29,ORANGE,GREEN,1,60,1.0,0,0,75.5,70.5,5.0,0.0,7,True,0,390.0
cluster_29,RED,ORANGE,0,60,1.0,0,0,23.0,24.0,0.0,1.0,1,True,0,390.0
cluster_527,200,ORANGE,0,60,1.0,9,0,40294.0,39398.0,896.0,0.0,364,True,0,390.0
cluster_527,202,ORANGE,0,60,1.0,0,6,29468.6,29678.3,0.0,209.8,289,True,0,390.0
cluster_527,250,ORANGE,0,60,1.0,0,5,40967.0,40609.0,358.0,0.0,392,True,0,390.0
cluster_527,ORANGE,200,0,60,1.0,0,2,549.5,582.6,0.0,33.2,44,True,0,390.0
cluster_527,ORANGE,200,1,60,1.0,0,3,503.6,558.0,0.0,54.3,44,True,0,390.0
cluster_527,ORANGE,202,0,60,1.0,3,0,540.5,521.2,19.3,0.0,42,True,0,390.0
cluster_527,ORANGE,202,1,60,1.0,0,0,512.4,504.6,7.8,0.0,42,True,0,390.0
cluster_527,ORANGE,250,0,60,1.0,0,0,506.2,491.5,14.7,0.0,44,True,0,390.0
cluster_527,ORANGE,250,1,60,1.0,1,0,441.3,424.4,16.9,0.0,44,True,0,390.0
cluster_527,ORANGE,ORANGE,0,60,1.0,0,0,811.5,832.5,0.0,21.0,21,True,0,390.0
cluster_527,ORANGE,ORANGE,1,60,1.0,0,0,314.5,293.5,21.0,0.0,21,True,0,390.0
cluster_527,ORANGE,RED,0,60,1.0,0,0,439.0,417.0,22.0,0.0,44,True,0,390.0
cluster_527,ORANGE,RED,1,60,1.0,0,0,304.0,282.0,22.0,0.0,44,True,0,390.0
cluster_527,RED,ORANGE,0,60,1.0,0,0,10745.5,10843.5,0.0,98.0,98,True,0,390.0
cluster_6,003,ORANGE,0,60,1.0,20,0,4717.4,4717.4,0.0,0.0,536,True,0,390.0
cluster_6,017,ORANGE,0,60,1.0,0,20,12076.4,12595.9,0.0,519.5,1495,True,0,390.0
cluster_6,205,ORANGE,0,60,1.0,20,0,860.0,560.4,299.6,0.0,87,True,0,390.0
cluster_6,249,ORANGE,0,60,1.0,0,3,1285.0,1395.0,0.0,110.0,174,True,0,390.0
cluster_6,440,ORANGE,0,60,1.0,1,0,18458.0,18482.0,0.0,24.0,2304,True,0,390.0
cluster_6,442,ORANGE,0,60,1.0,0,2,1154.9,970.9,184.0,0.0,104,True,0,390.0
cluster_6,BLUE,ORANGE,0,60,1.0,0,0,946.0,1051.0,0.0,105.0,105,True,0,390.0
cluster_6,ORANGE,003,0,60,1.0,0,16,1113.7,1232.8,0.0,119.1,212,True,0,390.0
cluster_6,ORANGE,003,1,60,1.0,0,10,1203.6,1239.3,0.0,35.7,212,True,0,390.0
cluster_6,ORANGE,017,0,60,1.0,1,0,576.0,533.2,42.8,0.0,212,True,0,390.0
cluster_6,ORANGE,017,1,60,1.0,1,0,466.9,487.4,0.0,20.5,212,True,0,390.0
cluster_6,ORANGE,205,0,60,1.0,0,0,4305.5,4199.5,106.0,0.0,212,True,0,390.0
cluster_6,ORANGE,205,1,60,1.0,5,0,4014.6,3964.0,50.5,0.0,212,True,0,390.0
cluster_6,ORANGE,249,0,60,1.0,0,0,3135.8,3029.8,106.0,0.0,210,True,0,390.0
cluster_6,ORANGE,249,1,60,1.0,10,0,3672.8,3686.6,0.0,13.8,206,True,0,390.0
cluster_6,ORANGE,440,0,60,1.0,0,0,126.5,122.0,4.5,0.0,183,True,0,390.0
cluster_6,ORANGE,440,1,60,1.0,0,0,313.8,269.2,44.6,0.0,182,True,0,390.0
cluster_6,ORANGE,442,0,60,1.0,0,16,1611.3,1851.0,0.0,239.7,208,True,0,390.0
cluster_6,ORANGE,BLUE,0,60,1.0,0,1,2082.0,1988.5,93.5,0.0,212,True,0,390.0
cluster_6,ORANGE,BLUE,1,60,1.0,0,0,2640.5,2534.5,106.0,0.0,212,True,0,390.0
cluster_6,ORANGE,ORANGE,0,60,1.0,0,0,1112.5,1214.5,0.0,102.0,102,True,0,390.0
cluster_6,ORANGE,ORANGE,1,60,1.0,0,0,457.5,353.5,104.0,0.0,104,True,0,390.0
cluster_6,ORANGE,RED,0,60,1.0,1,0,1057.0,951.0,106.0,0.0,212,True,0,390.0
cluster_6,ORANGE,RED,1,60,1.0,0,0,2145.5,2039.5,106.0,0.0,212,True,0,390.0
cluster_6,RED,ORANGE,0,60,1.0,0,0,886.0,1092.0,0.0,206.0,207,True,0,390.0
cluster_666,236,ORANGE,0,60,1.0,4,0,27768.3,27407.4,360.9,0.0,261,True,0,390.0
cluster_666,247,ORANGE,0,60,1.0,0,3,40065.3,40313.3,0.0,248.0,399,True,0,390.0
cluster_666,ORANGE,236,0,60,1.0,0,4,592.4,674.4,0.0,82.0,43,True,0,390.0
cluster_666,ORANGE,236,1,60,1.0,0,0,353.9,335.5,18.4,0.0,43,True,0,390.0
cluster_666,ORANGE,247,0,60,1.0,0,0,455.0,436.4,18.6,0.0,44,True,0,390.0
cluster_666,ORANGE,247,1,60,1.0,0,0,511.8,490.9,20.9,0.0,44,True,0,390.0
cluster_666,ORANGE,ORANGE,0,60,1.0,0,1,346.0,367.0,0.0,21.0,21,True,0,390.0
cluster_666,ORANGE,ORANGE,1,60,1.0,0,1,580.0,579.0,1.0,0.0,21,True,0,390.0
cluster_666,ORANGE,RED,0,60,1.0,0,0,522.0,500.0,22.0,0.0,43,True,0,390.0
cluster_666,ORANGE,RED,1,60,1.0,0,21,186.0,594.0,0.0,408.0,44,True,0,390.0
cluster_666,ORANGE,SILVER,0,60,1.0,0,8,638.0,856.0,0.0,218.0,43,True,0,390.0
cluster_666,ORANGE,SILVER,1,60,1.0,0,0,938.0,916.0,22.0,0.0,44,True,0,390.0
cluster_666,RED,ORANGE,0,60,1.0,0,19,10981.5,11080.5,0.0,99.0,99,True,0,390.0
cluster_666,SILVER,ORANGE,0,60,1.0,0,8,4818.0,4868.0,0.0,50.0,50,True,0,390.0
cluster_667,017,ORANGE,0,60,1.0,5,0,6271.1,6773.1,0.0,502.0,612,True,0,390.0
cluster_667,413,ORANGE,0,60,1.0,0,0,418.0,470.0,0.0,52.0,52,True,0,390.0
cluster_667,417,ORANGE,0,60,1.0,0,0,396.0,451.0,0.0,55.0,56,True,0,390.0
cluster_667,419,ORANGE,0,60,1.0,0,0,274.0,328.0,0.0,54.0,54,True,0,390.0
cluster_667,ORANGE,017,0,60,1.0,0,0,556.0,503.0,53.0,0.0,106,True,0,390.0
cluster_667,ORANGE,017,1,60,1.0,1,0,371.3,327.6,43.6,0.0,106,True,0,390.0
cluster_667,ORANGE,413,0,60,1.0,0,0,6283.0,6240.0,43.0,0.0,86,True,0,390.0
cluster_667,ORANGE,417,0,60,1.0,0,0,5337.0,5293.0,44.0,0.0,87,True,0,390.0
cluster_667,ORANGE,419,0,60,1.0,0,0,5743.0,5700.0,43.0,0.0,86,True,0,390.0
cluster_667,ORANGE,ORANGE,0,60,1.0,0,0,767.5,817.5,0.0,50.0,50,True,0,390.0
cluster_667,ORANGE,ORANGE,1,60,1.0,0,48,126.5,1051.0,0.0,924.5,53,True,0,390.0
cluster_667,ORANGE,RED,0,60,1.0,0,0,798.0,745.0,53.0,0.0,106,True,0,390.0
cluster_667,ORANGE,RED,1,60,1.0,0,2,1013.0,1019.0,0.0,6.0,106,True,0,390.0
cluster_667,RED,ORANGE,0,60,1.0,0,0,745.5,849.5,0.0,104.0,104,True,0,390.0
cluster_717,020,ORANGE,0,60,1.0,6,0,1655.6,1623.6,32.0,0.0,208,True,0,390.0
cluster_717,027,ORANGE,0,60,1.0,0,3,1020.0,1123.0,0.0,103.0,103,True,0,390.0
cluster_717,ORANGE,020,0,60,1.0,1,0,768.5,727.8,40.6,0.0,106,True,0,390.0
cluster_717,ORANGE,020,1,60,1.0,0,0,1075.2,1045.8,29.3,0.0,106,True,0,390.0
cluster_717,ORANGE,027,0,60,1.0,0,0,1604.0,1551.0,53.0,0.0,106,True,0,390.0
cluster_717,ORANGE,027,1,60,1.0,0,4,780.0,815.0,0.0,35.0,106,True,0,390.0
cluster_717,ORANGE,ORANGE,0,60,1.0,0,0,99.0,150.0,0.0,51.0,51,True,0,390.0
cluster_717,ORANGE,ORANGE,1,60,1.0,0,0,781.5,729.5,52.0,0.0,52,True,0,390.0
cluster_717,ORANGE,RED,0,60,1.0,0,0,1016.0,963.0,53.0,0.0,106,True,0,390.0
cluster_717,ORANGE,RED,1,60,1.0,0,0,754.0,701.0,53.0,0.0,106,True,0,390.0
cluster_717,RED,ORANGE,0,60,1.0,0,0,986.0,1089.0,0.0,103.0,103,True,0,390.0
cluster_809,022,ORANGE,0,60,1.0,0,0,1115.0,1217.0,0.0,102.0,102,True,0,390.0
cluster_809,241,ORANGE,0,60,1.0,0,1,600.0,659.0,0.0,59.0,59,True,0,390.0
cluster_809,ORANGE,022,0,60,1.0,3,0,855.0,802.0,53.0,0.0,106,True,0,390.0
cluster_809,ORANGE,022,1,60,1.0,0,0,1326.0,1273.0,53.0,0.0,106,True,0,390.0
cluster_809,ORANGE,241,0,60,1.0,0,1,2108.5,2099.5,9.0,0.0,103,True,0,390.0
cluster_809,ORANGE,241,1,60,1.0,0,0,1616.0,1563.0,53.0,0.0,106,True,0,390.0
cluster_809,ORANGE,ORANGE,0,60,1.0,0,0,567.5,617.5,0.0,50.0,50,True,0,390.0
cluster_809,ORANGE,ORANGE,1,60,1.0,0,0,336.0,283.0,53.0,0.0,53,True,0,390.0
cluster_809,ORANGE,RED,0,60,1.0,0,0,586.0,533.0,53.0,0.0,106,True,0,390.0
cluster_809,ORANGE,RED,1,60,1.0,0,0,1225.0,1172.0,53.0,0.0,106,True,0,390.0
cluster_809,RED,ORANGE,0,60,1.0,0,0,537.5,641.5,0.0,104.0,104,True,0,390.0
cluster_810,238,ORANGE,0,60,1.0,0,1,6060.0,6078.0,0.0,18.0,58,True,0,390.0
cluster_810,243,ORANGE,0,60,1.0,0,5,5849.0,5905.0,0.0,56.0,56,True,0,390.0
cluster_810,244,ORANGE,0,60,1.0,0,2,5778.0,5834.0,0.0,56.0,56,True,0,390.0
cluster_810,ORANGE,238,0,60,1.0,0,0,672.0,650.0,22.0,0.0,44,True,0,390.0
cluster_810,ORANGE,238,1,60,1.0,0,1,685.0,760.0,0.0,75.0,44,True,0,390.0
cluster_810,ORANGE,243,0,60,1.0,0,6,670.0,841.0,0.0,171.0,44,True,0,390.0
cluster_810,ORANGE,243,1,60,1.0,0,0,690.0,668.0,22.0,0.0,44,True,0,390.0
cluster_810,ORANGE,244,0,60,1.0,0,0,718.5,696.5,22.0,0.0,43,True,0,390.0
cluster_810,ORANGE,244,1,60,1.0,0,2,693.5,732.5,0.0,39.0,41,True,0,390.0
cluster_810,ORANGE,ORANGE,0,60,1.0,0,0,937.5,958.5,0.0,21.0,21,True,0,390.0
cluster_810,ORANGE,ORANGE,1,60,1.0,0,0,208.5,187.5,21.0,0.0,21,True,0,390.0
cluster_810,ORANGE,RED,0,60,1.0,0,0,571.0,549.0,22.0,0.0,44,True,0,390.0
cluster_810,ORANGE,RED,1,60,1.0,1,0,573.0,551.0,22.0,0.0,44,True,0,390.0
cluster_810,RED,ORANGE,0,60,1.0,0,0,11039.5,11137.5,0.0,98.0,98,True,0,390.0
cluster_811,408,ORANGE,0,60,1.0,0,9,2799.0,2841.0,0.0,42.0,42,True,0,390.0
cluster_811,ORANGE,408,0,60,1.0,10,0,424.5,406.5,18.0,0.0,35,True,0,390.0
cluster_811,ORANGE,408,1,60,1.0,0,0,513.0,496.0,17.0,0.0,34,True,0,390.0
cluster_811,ORANGE,ORANGE,0,60,1.0,0,0,1023.0,1044.0,0.0,21.0,21,True,0,390.0
cluster_811,ORANGE,ORANGE,1,60,1.0,0,0,93.0,72.0,21.0,0.0,21,True,0,390.0
cluster_811,ORANGE,RED,0,60,1.0,0,0,279.0,257.0,22.0,0.0,43,True,0,390.0
cluster_811,ORANGE,RED,1,60,1.0,0,0,452.0,430.0,22.0,0.0,44,True,0,390.0
cluster_811,RED,ORANGE,0,60,1.0,0,0,10363.0,10462.0,0.0,99.0,99,True,0,390.0
cluster_828,232,ORANGE,0,60,1.0,3,0,5635.0,5633.0,2.0,0.0,58,True,0,390.0
cluster_828,245,ORANGE,0,60,1.0,0,0,5482.0,5538.0,0.0,56.0,56,True,0,390.0
cluster_828,883E,ORANGE,0,60,1.0,0,6,14167.0,14289.0,0.0,122.0,122,True,0,390.0
cluster_828,ORANGE,232,0,60,1.0,3,0,694.0,673.0,21.0,0.0,42,True,0,390.0
cluster_828,ORANGE,232,1,60,1.0,0,0,720.0,698.0,22.0,0.0,44,True,0,390.0
cluster_828,ORANGE,245,0,60,1.0,0,0,789.0,767.0,22.0,0.0,44,True,0,390.0
cluster_828,ORANGE,245,1,60,1.0,0,0,806.0,785.0,21.0,0.0,42,True,0,390.0
cluster_828,ORANGE,883E,0,60,1.0,0,6,175.0,247.0,0.0,72.0,36,True,0,390.0
cluster_828,ORANGE,883E,1,60,1.0,0,0,326.0,309.0,17.0,0.0,34,True,0,390.0
cluster_828,ORANGE,ORANGE,0,60,1.0,0,0,1128.0,1149.0,0.0,21.0,21,True,0,390.0
cluster_828,ORANGE,ORANGE,1,60,1.0,0,0,748.0,727.0,21.0,0.0,21,True,0,390.0
cluster_828,ORANGE,RED,0,60,1.0,0,0,384.0,362.0,22.0,0.0,43,True,0,390.0
cluster_828,ORANGE,RED,1,60,1.0,0,0,362.0,340.0,22.0,0.0,44,True,0,390.0
cluster_828,ORANGE,SILVER,0,60,1.0,0,8,470.0,688.0,0.0,218.0,44,True,0,390.0
cluster_828,ORANGE,SILVER,1,60,1.0,0,0,770.0,748.0,22.0,0.0,44,True,0,390.0
cluster_828,RED,ORANGE,0,60,1.0,0,0,10612.5,10711.5,0.0,99.0,99,True,0,390.0
cluster_828,SILVER,ORANGE,0,60,1.0,0,8,4650.0,4700.0,0.0,50.0,50,True,0,390.0
cluster_829,234,ORANGE,0,60,1.0,0,3,15775.0,15498.0,277.0,0.0,143,True,0,390.0
cluster_829,236,ORANGE,0,60,1.0,0,5,23787.4,23995.4,0.0,208.0,228,True,0,390.0
cluster_829,247,ORANGE,0,60,1.0,0,3,20150.0,20286.0,0.0,136.0,196,True,0,390.0
cluster_829,ORANGE,234,0,60,1.0,2,0,586.8,567.7,19.1,0.0,43,True,0,390.0
cluster_829,ORANGE,234,1,60,1.0,0,4,500.9,591.0,0.0,90.1,43,True,0,390.0
cluster_829,ORANGE,236,0,60,1.0,0,7,517.1,704.1,0.0,187.0,43,True,0,390.0
cluster_829,ORANGE,236,1,60,1.0,2,0,525.2,504.2,21.0,0.0,42,True,0,390.0
cluster_829,ORANGE,247,0,60,1.0,2,0,632.2,610.2,22.0,0.0,44,True,0,390.0
cluster_829,ORANGE,247,1,60,1.0,0,1,595.0,613.9,0.0,18.9,44,True,0,390.0
cluster_829,ORANGE,ORANGE,0,60,1.0,0,0,410.5,431.5,0.0,21.0,21,True,0,390.0
cluster_829,ORANGE,ORANGE,1,60,1.0,0,0,505.5,484.5,21.0,0.0,21,True,0,390.0
cluster_829,ORANGE,RED,0,60,1.0,0,0,226.5,204.5,22.0,0.0,43,True,0,390.0
cluster_829,ORANGE,RED,1,60,1.0,0,0,517.0,495.0,22.0,0.0,44,True,0,390.0
cluster_829,RED,ORANGE,0,60,1.0,0,0,10236.5,10335.5,0.0,99.0,99,True,0,390.0
cluster_876,GREEN,ORANGE,0,60,1.0,0,0,1291.5,1407.5,0.0,116.0,116,True,0,390.0
cluster_876,ORANGE,GREEN,0,60,1.0,0,0,1238.0,1182.0,56.0,0.0,114,True,0,390.0
cluster_876,ORANGE,GREEN,1,60,1.0,0,0,862.5,804.5,58.0,0.0,113,True,0,390.0
cluster_876,ORANGE,ORANGE,0,60,1.0,0,1,787.5,842.5,0.0,55.0,55,True,0,390.0
cluster_876,ORANGE,ORANGE,1,60,1.0,0,0,207.0,151.0,56.0,0.0,56,True,0,390.0
cluster_876,ORANGE,TRE,0,60,1.0,0,0,2586.5,2534.5,52.0,0.0,104,True,0,390.0
cluster_876,ORANGE,TRE,1,60,1.0,0,0,2640.0,2586.0,54.0,0.0,109,True,0,390.0
cluster_876,TRE,ORANGE,0,60,1.0,16,0,697.0,423.0,274.0,0.0,56,True,0,390.0
cluster_9,001,ORANGE,0,60,1.0,20,0,7119.1,7077.1,42.0,0.0,1154,True,0,390.0
cluster_9,003,ORANGE,0,60,1.0,29,0,10649.6,10264.6,385.0,0.0,1871,True,0,390.0
cluster_9,009,ORANGE,0,60,1.0,24,0,6397.3,6160.0,237.3,0.0,1144,True,0,390.0
cluster_9,013,ORANGE,0,60,1.0,0,8,6304.4,7138.4,0.0,834.1,1200,True,0,390.0
cluster_9,016,ORANGE,0,60,1.0,8,0,2436.9,2418.0,18.9,0.0,683,True,0,390.0
cluster_9,018,ORANGE,0,60,1.0,0,11,5385.7,5674.5,0.0,288.8,638,True,0,390.0
cluster_9,102,ORANGE,0,60,1.0,0,13,3280.0,3603.2,0.0,323.2,772,True,0,390.0
cluster_9,103,ORANGE,0,60,1.0,19,0,2896.9,2560.6,336.3,0.0,532,True,0,390.0
cluster_9,106,ORANGE,0,60,1.0,69,0,6114.6,5398.6,716.0,0.0,1012,True,0,390.0
cluster_9,109,ORANGE,0,60,1.0,0,39,5105.9,5257.4,0.0,151.4,789,True,0,390.0
cluster_9,128,ORANGE,0,60,1.0,29,0,6312.5,6137.5,175.0,0.0,990,True,0,390.0
cluster_9,145,ORANGE,0,60,1.0,0,7,4306.1,4371.5,0.0,65.4,836,True,0,390.0
cluster_9,147,ORANGE,0,60,1.0,0,20,6164.5,5997.5,167.0,0.0,828,True,0,390.0
cluster_9,205,ORANGE,0,60,1.0,0,8,1901.9,2099.9,0.0,198.0,372,True,0,390.0
cluster_9,207,ORANGE,0,60,1.0,19,0,4438.6,4303.9,134.7,0.0,724,True,0,390.0
cluster_9,214,ORANGE,0,60,1.0,5,0,2808.4,3013.8,0.0,205.4,643,True,0,390.0
cluster_9,224,ORANGE,0,60,1.0,23,0,2462.4,2142.4,320.0,0.0,460,True,0,390.0
cluster_9,230,ORANGE,0,60,1.0,5,0,3685.3,3534.3,151.0,0.0,551,True,0,390.0
cluster_9,237,ORANGE,0,60,1.0,9,0,4158.0,4176.0,0.0,18.0,687,True,0,390.0
cluster_9,239,ORANGE,0,60,1.0,0,11,3201.9,3534.9,0.0,333.0,533,True,0,390.0
cluster_9,249,ORANGE,0,60,1.0,0,6,2545.4,2507.2,38.2,0.0,384,True,0,390.0
cluster_9,306,ORANGE,0,60,1.0,0,18,3806.3,4238.3,0.0,432.0,668,True,0,390.0
cluster_9,308,ORANGE,0,60,1.0,13,0,5139.6,5187.6,0.0,48.0,1046,True,0,390.0
cluster_9,421,ORANGE,0,60,1.0,0,0,254.0,278.0,0.0,24.0,42,True,0,390.0
cluster_9,425,ORANGE,0,60,1.0,0,21,5035.2,5291.2,0.0,256.0,1032,True,0,390.0
cluster_9,620,ORANGE,0,60,1.0,0,0,854.0,962.0,0.0,108.0,110,True,0,390.0
cluster_9,BLUE,ORANGE,0,60,1.0,0,51,3768.5,4050.5,0.0,282.0,596,True,0,390.0
cluster_9,GREEN,ORANGE,0,60,1.0,55,0,2726.5,2337.5,389.0,0.0,467,True,0,390.0
cluster_9,ORANGE,001,0,60,1.0,0,0,1281.0,1267.2,13.8,0.0,452,True,0,390.0
cluster_9,ORANGE,001,1,60,1.0,0,1,1338.1,1318.0,20.1,0.0,455,True,0,390.0
cluster_9,ORANGE,003,0,60,1.0,3,0,593.2,551.8,41.4,0.0,455,True,0,390.0
cluster_9,ORANGE,003,1,60,1.0,0,0,800.1,798.1,2.0,0.0,449,True,0,390.0
cluster_9,ORANGE,009,0,60,1.0,2,0,1665.4,1585.7,79.7,0.0,448,True,0,390.0
cluster_9,ORANGE,009,1,60,1.0,0,0,1740.2,1647.5,92.7,0.0,451,True,0,390.0
cluster_9,ORANGE,013,0,60,1.0,31,0,2513.6,2376.7,136.9,0.0,449,True,0,390.0
cluster_9,ORANGE,013,1,60,1.0,0,0,2101.1,2065.2,35.9,0.0,448,True,0,390.0
cluster_9,ORANGE,016,0,60,1.0,0,24,2451.3,2702.8,0.0,251.5,450,True,0,390.0
cluster_9,ORANGE,016,1,60,1.0,0,24,2500.3,2809.9,0.0,309.6,448,True,0,390.0
cluster_9,ORANGE,018,0,60,1.0,0,2,2364.1,2256.3,107.9,0.0,449,True,0,390.0
cluster_9,ORANGE,018,1,60,1.0,2,0,2997.8,2966.6,31.2,0.0,451,True,0,390.0
cluster_9,ORANGE,102,0,60,1.0,15,0,2896.0,2695.9,200.1,0.0,448,True,0,390.0
cluster_9,ORANGE,102,1,60,1.0,6,0,3706.3,3827.2,0.0,120.9,444,True,0,390.0
cluster_9,ORANGE,103,0,60,1.0,14,0,2985.0,2878.8,106.2,0.0,443,True,0,390.0
cluster_9,ORANGE,103,1,60,1.0,0,9,3301.7,3421.9,0.0,120.2,444,True,0,390.0
cluster_9,ORANGE,106,0,60,1.0,0,5,3503.0,3570.2,0.0,67.2,451,True,0,390.0
cluster_9,ORANGE,106,1,60,1.0,0,14,3613.5,3785.3,0.0,171.8,448,True,0,390.0
cluster_9,ORANGE,109,0,60,1.0,0,2,3258.8,3176.3,82.5,0.0,452,True,0,390.0
cluster_9,ORANGE,109,1,60,1.0,0,3,4066.2,4116.5,0.0,50.2,444,True,0,390.0
cluster_9,ORANGE,128,0,60,1.0,0,1,3432.6,3540.1,0.0,107.5,453,True,0,390.0
cluster_9,ORANGE,128,1,60,1.0,9,0,4306.6,4212.4,94.2,0.0,449,True,0,390.0
cluster_9,ORANGE,145,0,60,1.0,3,0,3185.0,3084.4,100.6,0.0,452,True,0,390.0
cluster_9,ORANGE,145,1,60,1.0,4,0,3569.3,3626.3,0.0,57.0,444,True,0,390.0
cluster_9,ORANGE,147,0,60,1.0,3,0,2917.4,2852.4,65.0,0.0,452,True,0,390.0
cluster_9,ORANGE,147,1,60,1.0,0,7,2886.2,2964.6,0.0,78.3,444,True,0,390.0
cluster_9,ORANGE,205,0,60,1.0,0,11,6396.5,6575.2,0.0,178.7,452,True,0,390.0
cluster_9,ORANGE,205,1,60,1.0,0,14,6447.9,6709.1,0.0,261.2,446,True,0,390.0
cluster_9,ORANGE,207,0,60,1.0,0,0,6066.6,5975.6,90.9,0.0,443,True,0,390.0
cluster_9,ORANGE,207,1,60,1.0,3,0,7908.5,7716.8,191.7,0.0,440,True,0,390.0
cluster_9,ORANGE,214,0,60,1.0,2,0,4641.5,4672.3,0.0,30.8,447,True,0,390.0
cluster_9,ORANGE,214,1,60,1.0,16,0,5486.2,5385.0,101.2,0.0,441,True,0,390.0
cluster_9,ORANGE,224,0,60,1.0,0,0,3038.9,3016.9,22.0,0.0,446,True,0,390.0
cluster_9,ORANGE,224,1,60,1.0,6,0,8577.0,8648.0,0.0,71.0,436,True,0,390.0
cluster_9,ORANGE,230,0,60,1.0,0,9,5151.6,5310.4,0.0,158.9,444,True,0,390.0
cluster_9,ORANGE,230,1,60,1.0,6,0,5583.8,5561.2,22.6,0.0,444,True,0,390.0
cluster_9,ORANGE,237,0,60,1.0,0,0,5729.1,5652.8,76.4,0.0,440,True,0,390.0
cluster_9,ORANGE,237,1,60,1.0,7,0,4119.2,4046.9,72.3,0.0,443,True,0,390.0
cluster_9,ORANGE,239,0,60,1.0,0,4,5985.1,5916.3,68.8,0.0,433,True,0,390.0
cluster_9,ORANGE,239,1,60,1.0,6,0,6810.2,6606.6,203.6,0.0,438,True,0,390.0
cluster_9,ORANGE,249,0,60,1.0,0,2,6513.0,6406.8,106.2,0.0,443,True,0,390.0
cluster_9,ORANGE,249,1,60,1.0,2,0,5634.7,5540.0,94.8,0.0,440,True,0,390.0
cluster_9,ORANGE,306,0,60,1.0,0,0,13994.5,13900.5,93.9,0.0,319,True,0,390.0
cluster_9,ORANGE,306,1,60,1.0,0,1,14464.5,14360.4,104.0,0.0,314,True,0,390.0
cluster_9,ORANGE,308,0,60,1.0,0,0,22634.4,22559.4,75.0,0.0,332,True,0,390.0
cluster_9,ORANGE,308,1,60,1.0,1,0,17254.5,17209.4,45.1,0.0,350,True,0,390.0
cluster_9,ORANGE,421,0,60,1.0,9,0,15040.0,14880.0,160.0,0.0,320,True,0,390.0
cluster_9,ORANGE,421,1,60,1.0,0,0,14570.0,14410.0,160.0,0.0,320,True,0,390.0
cluster_9,ORANGE,425,0,60,1.0,0,12,1003.1,1130.1,0.0,126.9,341,True,0,390.0
cluster_9,ORANGE,425,1,60,1.0,0,1,718.0,650.0,68.0,0.0,358,True,0,390.0
cluster_9,ORANGE,620,0,60,1.0,0,50,3456.0,4266.0,0.0,810.0,422,True,0,390.0
cluster_9,ORANGE,620,1,60,1.0,0,1,4364.0,4174.0,190.0,0.0,423,True,0,390.0
cluster_9,ORANGE,BLUE,0,60,1.0,51,0,1874.0,1654.5,219.5,0.0,464,True,0,390.0
cluster_9,ORANGE,BLUE,1,60,1.0,0,0,2057.0,2052.5,4.5,0.0,454,True,0,390.0
cluster_9,ORANGE,GREEN,0,60,1.0,1,0,2338.0,2249.0,89.0,0.0,455,True,0,390.0
cluster_9,ORANGE,GREEN,1,60,1.0,0,53,1983.0,2646.0,0.0,663.0,454,True,0,390.0
cluster_9,ORANGE,ORANGE,0,60,1.0,0,1,1030.0,1250.0,0.0,220.0,220,True,0,390.0
cluster_9,ORANGE,ORANGE,1,60,1.0,0,0,1372.0,1158.0,214.0,0.0,220,True,0,390.0
cluster_9,ORANGE,RED,0,60,1.0,1,0,1926.5,1704.5,222.0,0.0,452,True,0,390.0
cluster_9,ORANGE,RED,1,60,1.0,2,0,1736.5,1528.5,208.0,0.0,452,True,0,390.0
cluster_9,ORANGE,TRE,0,60,1.0,9,0,9698.0,9490.0,208.0,0.0,416,True,0,390.0
cluster_9,ORANGE,TRE,1,60,1.0,0,0,9349.0,9133.0,216.0,0.0,436,True,0,390.0
cluster_9,RED,ORANGE,0,60,1.0,50,0,4308.0,3923.5,384.5,0.0,578,True,0,390.0
cluster_9,TRE,ORANGE,0,60,1.0,0,0,393.0,431.0,0.0,38.0,56,True,0,390.0
cluster_928,005,ORANGE,0,60,1.0,7,0,1584.0,1595.0,0.0,11.0,151,True,0,390.0
cluster_928,103,ORANGE,0,60,1.0,0,0,815.0,904.0,0.0,89.0,89,True,0,390.0
cluster_928,207,ORANGE,0,60,1.0,0,2,1118.3,1099.3,19.0,0.0,106,True,0,390.0
cluster_928,GREEN,ORANGE,0,60,1.0,0,0,1526.5,1642.5,0.0,116.0,116,True,0,390.0
cluster_928,ORANGE,005,0,60,1.0,1,0,1076.5,1018.5,58.0,0.0,115,True,0,390.0
cluster_928,ORANGE,005,1,60,1.0,6,0,910.5,852.5,58.0,0.0,115,True,0,390.0
cluster_928,ORANGE,103,0,60,1.0,0,0,1016.5,961.5,55.0,0.0,110,True,0,390.0
cluster_928,ORANGE,103,1,60,1.0,0,0,1699.5,1645.5,54.0,0.0,109,True,0,390.0
cluster_928,ORANGE,207,0,60,1.0,0,2,2514.8,2557.5,0.0,42.7,109,True,0,390.0
cluster_928,ORANGE,207,1,60,1.0,0,1,2563.9,2539.0,24.9,0.0,108,True,0,390.0
cluster_928,ORANGE,GREEN,0,60,1.0,0,0,458.0,402.0,56.0,0.0,114,True,0,390.0
cluster_928,ORANGE,GREEN,1,60,1.0,0,0,659.5,602.5,57.0,0.0,112,True,0,390.0
cluster_928,ORANGE,ORANGE,0,60,1.0,48,0,1051.5,122.5,929.0,0.0,56,True,0,390.0
cluster_928,ORANGE,ORANGE,1,60,1.0,48,0,894.5,838.5,56.0,0.0,56,True,0,390.0
cluster_929,306,ORANGE,0,60,1.0,0,0,397.0,439.0,0.0,42.0,42,True,0,390.0
cluster_929,GREEN,ORANGE,0,60,1.0,0,2,1002.5,1118.5,0.0,116.0,116,True,0,390.0
cluster_929,ORANGE,306,0,60,1.0,0,2,4229.0,4235.0,0.0,6.0,80,True,0,390.0
cluster_929,ORANGE,306,1,60,1.0,0,0,4192.5,4153.5,39.0,0.0,77,True,0,390.0
cluster_929,ORANGE,GREEN,0,60,1.0,0,0,910.0,854.0,56.0,0.0,114,True,0,390.0
cluster_929,ORANGE,GREEN,1,60,1.0,0,2,1126.5,1122.5,4.0,0.0,113,True,0,390.0
cluster_929,ORANGE,ORANGE,0,60,1.0,0,0,545.5,601.5,0.0,56.0,56,True,0,390.0
cluster_929,ORANGE,ORANGE,1,60,1.0,0,0,540.5,484.5,56.0,0.0,56,True,0,390.0
cluster_960,ORANGE,ORANGE,0,60,1.0,1,0,653.0,692.0,0.0,39.0,59,True,0,390.0
cluster_960,ORANGE,ORANGE,1,60,1.0,0,1,423.5,413.5,10.0,0.0,60,True,0,390.0
cluster_961,229,ORANGE,0,60,1.0,2,0,641.0,666.0,0.0,25.0,65,True,0,390.0
cluster_961,231,ORANGE,0,60,1.0,0,4,556.0,620.0,0.0,64.0,64,True,0,390.0
cluster_961,ORANGE,229,0,60,1.0,0,0,1900.0,1843.0,57.0,0.0,113,True,0,390.0
cluster_961,ORANGE,229,1,60,1.0,2,0,2532.0,2475.0,57.0,0.0,114,True,0,390.0
cluster_961,ORANGE,231,0,60,1.0,0,1,1958.0,1930.0,28.0,0.0,114,True,0,390.0
cluster_961,ORANGE,231,1,60,1.0,0,3,2379.0,2434.0,0.0,55.0,115,True,0,390.0
cluster_961,ORANGE,ORANGE,0,60,1.0,0,0,318.5,378.5,0.0,60.0,60,True,0,390.0
cluster_961,ORANGE,ORANGE,1,60,1.0,0,0,824.0,763.0,61.0,0.0,61,True,0,390.0
cluster_962,ORANGE,ORANGE,0,60,1.0,0,0,852.5,913.5,0.0,61.0,61,True,0,390.0
cluster_962,ORANGE,ORANGE,1,60,1.0,0,0,211.5,150.5,61.0,0.0,61,True,0,390.0
cluster_1,027,ORANGE,0,120,2.0,0,53,8827.9,10199.1,0.0,1371.2,774,True,0,330.0
cluster_1,ORANGE,027,0,120,2.0,0,1,784.7,704.0,80.7,0.0,106,True,0,330.0
cluster_1,ORANGE,027,1,120,2.0,1,0,510.4,482.1,28.3,0.0,106,True,0,330.0
cluster_1,ORANGE,ORANGE,0,120,2.0,0,2,303.0,405.0,0.0,102.0,51,True,0,330.0
cluster_1,ORANGE,ORANGE,1,120,2.0,0,2,573.5,548.0,25.5,0.0,52,True,0,330.0
cluster_1,ORANGE,RED,0,120,2.0,0,0,1228.0,1122.0,106.0,0.0,106,True,0,330.0
cluster_1,ORANGE,RED,1,120,2.0,0,48,563.0,1437.0,0.0,874.0,106,True,0,330.0
cluster_1,RED,ORANGE,0,120,2.0,0,48,1190.0,1396.0,0.0,206.0,103,True,0,330.0
cluster_1016,ORANGE,ORANGE,0,120,2.0,47,0,1028.0,201.0,827.0,0.0,59,True,0,330.0
cluster_1016,ORANGE,ORANGE,1,120,2.0,1,0,955.5,835.5,120.0,0.0,60,True,0,330.0
cluster_1017,227,ORANGE,0,120,2.0,0,1,837.7,1012.7,0.0,175.0,97,True,0,330.0
cluster_1017,ORANGE,227,0,120,2.0,0,1,1946.7,1892.3,54.3,0.0,113,True,0,330.0
cluster_1017,ORANGE,227,1,120,2.0,1,0,1973.5,1857.5,116.0,0.0,115,True,0,330.0
cluster_1017,ORANGE,ORANGE,0,120,2.0,1,0,758.0,851.0,0.0,93.0,59,True,0,330.0
cluster_1017,ORANGE,ORANGE,1,120,2.0,0,48,275.5,1117.5,0.0,842.0,60,True,0,330.0
cluster_1020,ORANGE,ORANGE,0,120,2.0,0,1,870.5,992.5,0.0,122.0,61,True,0,330.0
cluster_1020,ORANGE,ORANGE,1,120,2.0,0,0,1121.5,1017.5,104.0,0.0,61,True,0,330.0
cluster_1020,ORANGE,SILVER,0,120,2.0,0,0,2675.0,2557.0,118.0,0.0,118,True,0,330.0
cluster_1020,ORANGE,SILVER,1,120,2.0,2,0,2157.0,2041.0,116.0,0.0,117,True,0,330.0
cluster_1020,SILVER,ORANGE,0,120,2.0,3,0,580.0,616.0,0.0,36.0,60,True,0,330.0
cluster_1058,ORANGE,ORANGE,0,120,2.0,5,0,649.5,631.5,18.0,0.0,60,True,0,330.0
cluster_1058,ORANGE,ORANGE,1,120,2.0,4,0,567.0,465.5,101.5,0.0,61,True,0,330.0
cluster_1062,ORANGE,ORANGE,0,120,2.0,0,0,283.0,325.0,0.0,42.0,21,True,0,330.0
cluster_1062,ORANGE,ORANGE,1,120,2.0,0,0,643.0,601.0,42.0,0.0,21,True,0,330.0
cluster_1062,ORANGE,RED,0,120,2.0,0,0,459.0,415.0,44.0,0.0,43,True,0,330.0
cluster_1062,ORANGE,RED,1,120,2.0,0,0,252.0,208.0,44.0,0.0,44,True,0,330.0
cluster_1062,RED,ORANGE,0,120,2.0,0,0,10832.0,11030.0,0.0,198.0,99,True,0,330.0
cluster_107,207,ORANGE,0,120,2.0,0,22,3906.8,4096.8,0.0,190.0,345,True,0,330.0
cluster_107,213,ORANGE,0,120,2.0,21,0,4582.1,4237.1,345.0,0.0,390,True,0,330.0
cluster_107,GREEN,ORANGE,0,120,2.0,0,1,1041.5,1271.5,0.0,230.0,115,True,0,330.0
cluster_107,ORANGE,207,0,120,2.0,2,0,2040.1,1955.2,84.9,0.0,110,True,0,330.0
cluster_107,ORANGE,207,1,120,2.0,5,0,2317.0,2216.6,100.3,0.0,109,True,0,330.0
cluster_107,ORANGE,213,0,120,2.0,1,0,2116.3,2006.3,110.0,0.0,110,True,0,330.0
cluster_107,ORANGE,213,1,120,2.0,2,0,2128.9,2085.4,43.6,0.0,114,True,0,330.0
cluster_107,ORANGE,GREEN,0,120,2.0,0,0,918.0,806.0,112.0,0.0,114,True,0,330.0
cluster_107,ORANGE,GREEN,1,120,2.0,0,1,1052.5,963.5,89.0,0.0,111,True,0,330.0
cluster_107,ORANGE,ORANGE,0,120,2.0,2,0,586.5,623.5,0.0,37.0,56,True,0,330.0
cluster_107,ORANGE,ORANGE,1,120,2.0,3,0,494.5,382.5,112.0,0.0,56,True,0,330.0
cluster_14,001,ORANGE,0,120,2.0,1,0,491.1,477.1,14.0,0.0,39,True,0,330.0
cluster_14,009,ORANGE,0,120,2.0,2,0,1042.8,1046.8,0.0,4.0,61,True,0,330.0
cluster_14,018,ORANGE,0,120,2.0,0,0,1182.4,1142.4,40.0,0.0,76,True,0,330.0
cluster_14,023,ORANGE,0,120,2.0,4,0,713.2,640.0,73.2,0.0,45,True,0,330.0
cluster_14,214,ORANGE,0,120,2.0,0,0,178.7,214.7,0.0,36.0,18,True,0,330.0
cluster_14,249,ORANGE,0,120,2.0,0,4,316.6,382.6,0.0,66.0,33,True,0,330.0
cluster_14,BLUE,ORANGE,0,120,2.0,0,0,37.0,49.0,0.0,12.0,6,True,0,330.0
cluster_14,GREEN,ORANGE,0,120,2.0,0,1,254.0,264.5,0.0,10.5,18,True,0,330.0
cluster_14,ORANGE,001,0,120,2.0,0,0,133.8,121.8,12.0,0.0,12,True,0,330.0
cluster_14,ORANGE,001,1,120,2.0,0,1,217.0,230.7,0.0,13.6,12,True,0,330.0
cluster_14,ORANGE,009,0,120,2.0,0,0,60.0,72.0,0.0,12.0,12,True,0,330.0
cluster_14,ORANGE,009,1,120,2.0,1,0,78.0,68.8,9.2,0.0,12,True,0,330.0
cluster_14,ORANGE,018,0,120,2.0,1,0,110.0,94.0,16.0,0.0,12,True,0,330.0
cluster_14,ORANGE,018,1,120,2.0,0,0,71.7,65.2,6.5,0.0,12,True,0,330.0
cluster_14,ORANGE,023,0,120,2.0,1,0,186.2,166.2,20.0,0.0,16,True,0,330.0
cluster_14,ORANGE,023,1,120,2.0,0,0,101.5,114.7,0.0,13.2,14,True,0,330.0
cluster_14,ORANGE,214,0,120,2.0,0,0,255.5,243.5,12.0,0.0,10,True,0,330.0
cluster_14,ORANGE,214,1,120,2.0,0,0,170.3,158.3,12.0,0.0,8,True,0,330.0
cluster_14,ORANGE,249,0,120,2.0,0,0,123.4,119.0,4.4,0.0,8,True,0,330.0
cluster_14,ORANGE,249,1,120,2.0,0,0,157.9,145.9,12.0,0.0,8,True,0,330.0
cluster_14,ORANGE,BLUE,0,120,2.0,0,0,68.0,60.0,8.0,0.0,4,True,0,330.0
cluster_14,ORANGE,GREEN,0,120,2.0,0,0,121.0,111.0,10.0,0.0,12,True,0,330.0
cluster_14,ORANGE,GREEN,1,120,2.0,0,0,149.5,159.5,0.0,10.0,14,True,0,330.0
cluster_14,ORANGE,RED,0,120,2.0,0,0,0.0,1.0,0.0,1.0,0,True,0,330.0
cluster_14,RED,ORANGE,0,120,2.0,0,1,44.0,48.0,0.0,4.0,2,True,0,330.0
cluster_168,020,ORANGE,0,120,2.0,92,0,7902.8,6491.8,1411.0,0.0,760,True,0,330.0
cluster_168,213,ORANGE,0,120,2.0,9,0,1113.1,1013.1,100.0,0.0,130,True,0,330.0
cluster_168,233,ORANGE,0,120,2.0,0,63,4599.2,4863.2,0.0,264.0,416,True,0,330.0
cluster_168,GREEN,ORANGE,0,120,2.0,0,50,1618.5,1860.5,0.0,242.0,121,True,0,330.0
cluster_168,ORANGE,020,0,120,2.0,34,0,871.5,797.9,73.6,0.0,118,True,0,330.0
cluster_168,ORANGE,020,1,120,2.0,5,0,740.1,711.2,28.9,0.0,119,True,0,330.0
cluster_168,ORANGE,213,0,120,2.0,6,0,2541.9,2427.9,114.0,0.0,114,True,0,330.0
cluster_168,ORANGE,213,1,120,2.0,5,0,2142.5,2209.0,0.0,66.5,121,True,0,330.0
cluster_168,ORANGE,233,0,120,2.0,0,21,1561.4,2206.5,0.0,645.1,117,True,0,330.0
cluster_168,ORANGE,233,1,120,2.0,0,1,1863.0,1846.5,16.5,0.0,119,True,0,330.0
cluster_168,ORANGE,GREEN,0,120,2.0,0,2,817.0,738.0,79.0,0.0,125,True,0,330.0
cluster_168,ORANGE,GREEN,1,120,2.0,0,48,522.0,1369.5,0.0,847.5,117,True,0,330.0
cluster_168,ORANGE,ORANGE,0,120,2.0,1,0,233.5,321.5,0.0,88.0,59,True,0,330.0
cluster_168,ORANGE,ORANGE,1,120,2.0,0,0,790.0,670.0,120.0,0.0,60,True,0,330.0
cluster_22,023,ORANGE,0,120,2.0,0,78,16559.0,16238.9,320.1,0.0,1248,True,0,330.0
cluster_22,103,ORANGE,0,120,2.0,45,0,7401.1,5823.3,1577.8,0.0,610,True,0,330.0
cluster_22,207,ORANGE,0,120,2.0,14,0,7170.3,6810.3,360.0,0.0,720,True,0,330.0
cluster_22,237,ORANGE,0,120,2.0,0,27,4709.3,5559.3,0.0,850.0,560,True,0,330.0
cluster_22,425,ORANGE,0,120,2.0,0,2,8373.7,8071.7,302.0,0.0,849,True,0,330.0
cluster_22,BLUE,ORANGE,0,120,2.0,0,1,537.5,745.5,0.0,208.0,104,True,0,330.0
cluster_22,ORANGE,023,0,120,2.0,0,0,64.0,68.5,0.0,4.4,106,True,0,330.0
cluster_22,ORANGE,023,1,120,2.0,0,0,178.0,168.4,9.6,0.0,106,True,0,330.0
cluster_22,ORANGE,103,0,120,2.0,6,0,879.2,1052.4,0.0,173.3,106,True,0,330.0
cluster_22,ORANGE,103,1,120,2.0,0,2,856.8,831.0,25.8,0.0,106,True,0,330.0
cluster_22,ORANGE,207,0,120,2.0,0,5,1595.4,1831.2,0.0,235.9,106,True,0,330.0
cluster_22,ORANGE,207,1,120,2.0,7,0,1804.8,1764.0,40.8,0.0,105,True,0,330.0
cluster_22,ORANGE,237,0,120,2.0,0,1,1454.5,1400.5,54.0,0.0,105,True,0,330.0
cluster_22,ORANGE,237,1,120,2.0,1,0,1613.6,1525.7,87.9,0.0,106,True,0,330.0
cluster_22,ORANGE,425,0,120,2.0,0,2,234.8,259.6,0.0,24.8,89,True,0,330.0
cluster_22,ORANGE,425,1,120,2.0,1,0,319.5,307.8,11.8,0.0,89,True,0,330.0
cluster_22,ORANGE,BLUE,0,120,2.0,0,1,1551.0,1457.5,93.5,0.0,106,True,0,330.0
cluster_22,ORANGE,BLUE,1,120,2.0,0,0,1264.0,1158.0,106.0,0.0,106,True,0,330.0
cluster_22,ORANGE,ORANGE,0,120,2.0,0,0,77.5,177.5,0.0,100.0,50,True,0,330.0
cluster_22,ORANGE,ORANGE,1,120,2.0,0,0,767.0,665.0,102.0,0.0,51,True,0,330.0
cluster_22,ORANGE,RED,0,120,2.0,0,0,1056.0,950.0,106.0,0.0,106,True,0,330.0
cluster_22,ORANGE,RED,1,120,2.0,0,0,723.0,617.0,106.0,0.0,106,True,0,330.0
cluster_22,RED,ORANGE,0,120,2.0,0,0,1005.0,1211.0,0.0,206.0,103,True,0,330.0
cluster_23,001,ORANGE,0,120,2.0,0,21,21656.0,22083.6,0.0,427.6,2030,True,0,330.0
cluster_23,023,ORANGE,0,120,2.0,18,0,5790.7,7177.7,0.0,1387.0,936,True,0,330.0
cluster_23,057,ORANGE,0,120,2.0,0,2,3514.6,4261.2,0.0,746.7,457,True,0,330.0
cluster_23,101,ORANGE,0,120,2.0,0,27,3558.0,4116.0,0.0,558.0,369,True,0,330.0
cluster_23,122,ORANGE,0,120,2.0,0,66,4303.4,5077.4,0.0,774.0,387,True,0,330.0
cluster_23,213,ORANGE,0,120,2.0,0,10,2583.0,2821.0,0.0,238.0,259,True,0,330.0
cluster_23,219,ORANGE,0,120,2.0,0,40,3190.4,3640.4,0.0,450.0,280,True,0,330.0
cluster_23,230,ORANGE,0,120,2.0,10,0,5205.4,5335.4,0.0,130.0,520,True,0,330.0
cluster_23,306,ORANGE,0,120,2.0,0,2,402.0,466.0,0.0,64.0,42,True,0,330.0
cluster_23,422,ORANGE,0,120,2.0,40,0,2520.0,2280.0,240.0,0.0,280,True,0,330.0
cluster_23,423,ORANGE,0,120,2.0,0,0,486.0,594.0,0.0,108.0,54,True,0,330.0
cluster_23,GREEN,ORANGE,0,120,2.0,0,49,1712.5,1944.5,0.0,232.0,116,True,0,330.0
cluster_23,ORANGE,001,0,120,2.0,0,0,289.8,308.5,0.0,18.7,113,True,0,330.0
cluster_23,ORANGE,001,1,120,2.0,0,0,347.6,336.0,11.6,0.0,114,True,0,330.0
cluster_23,ORANGE,023,0,120,2.0,0,0,609.4,495.0,114.4,0.0,115,True,0,330.0
cluster_23,ORANGE,023,1,120,2.0,10,0,977.1,862.5,114.6,0.0,114,True,0,330.0
cluster_23,ORANGE,057,0,120,2.0,0,4,1159.8,1145.0,14.8,0.0,114,True,0,330.0
cluster_23,ORANGE,057,1,120,2.0,0,0,1243.0,1129.0,114.0,0.0,113,True,0,330.0
cluster_23,ORANGE,101,0,120,2.0,0,6,1119.8,1189.9,0.0,70.1,114,True,0,330.0
cluster_23,ORANGE,101,1,120,2.0,0,9,1252.2,1396.5,0.0,144.2,111,True,0,330.0
cluster_23,ORANGE,122,0,120,2.0,0,11,682.6,873.0,0.0,190.5,114,True,0,330.0
cluster_23,ORANGE,213,0,120,2.0,0,2,2076.4,2059.1,17.3,0.0,110,True,0,330.0
cluster_23,ORANGE,213,1,120,2.0,0,8,1560.7,1883.1,0.0,322.5,114,True,0,330.0
cluster_23,ORANGE,219,0,120,2.0,0,10,2019.9,2503.5,0.0,483.6,113,True,0,330.0
cluster_23,ORANGE,219,1,120,2.0,0,2,2623.2,2573.6,49.6,0.0,111,True,0,330.0
cluster_23,ORANGE,230,0,120,2.0,6,0,1471.9,1424.6,47.3,0.0,112,True,0,330.0
cluster_23,ORANGE,230,1,120,2.0,0,0,1577.0,1485.4,91.5,0.0,110,True,0,330.0
cluster_23,ORANGE,306,0,120,2.0,0,2,3995.0,3957.0,38.0,0.0,81,True,0,330.0
cluster_23,ORANGE,306,1,120,2.0,1,0,3966.0,3888.0,78.0,0.0,78,True,0,330.0
cluster_23,ORANGE,422,0,120,2.0,0,0,234.0,154.0,80.0,0.0,79,True,0,330.0
cluster_23,ORANGE,423,0,120,2.0,0,0,696.0,616.0,80.0,0.0,80,True,0,330.0
cluster_23,ORANGE,GREEN,0,120,2.0,0,0,690.0,578.0,112.0,0.0,114,True,0,330.0
cluster_23,ORANGE,GREEN,1,120,2.0,0,49,431.5,1297.5,0.0,866.0,112,True,0,330.0
cluster_23,ORANGE,ORANGE,0,120,2.0,1,0,290.5,377.5,0.0,87.0,56,True,0,330.0
cluster_23,ORANGE,ORANGE,1,120,2.0,1,0,700.5,588.5,112.0,0.0,56,True,0,330.0
cluster_23,ORANGE,TRE,0,120,2.0,0,0,2244.5,2142.5,102.0,0.0,103,True,0,330.0
cluster_23,ORANGE,TRE,1,120,2.0,0,0,2332.5,2224.5,108.0,0.0,109,True,0,330.0
cluster_23,TRE,ORANGE,0,120,2.0,0,0,417.0,529.0,0.0,112.0,56,True,0,330.0
cluster_29,018,ORANGE,0,120,2.0,0,6,483.3,531.3,0.0,48.0,24,True,0,330.0
cluster_29,023,ORANGE,0,120,2.0,3,0,387.8,330.8,57.0,0.0,24,True,0,330.0
cluster_29,214,ORANGE,0,120,2.0,0,0,400.9,452.9,0.0,52.0,26,True,0,330.0
cluster_29,BLUE,ORANGE,0,120,2.0,0,0,21.5,27.5,0.0,6.0,3,True,0,330.0
cluster_29,GREEN,ORANGE,0,120,2.0,0,0,155.5,171.5,0.0,16.0,8,True,0,330.0
cluster_29,ORANGE,018,0,120,2.0,0,1,33.5,56.5,0.0,23.0,6,True,0,330.0
cluster_29,ORANGE,018,1,120,2.0,0,0,36.5,31.2,5.3,0.0,6,True,0,330.0
cluster_29,ORANGE,023,0,120,2.0,0,0,97.6,87.6,10.0,0.0,8,True,0,330.0
cluster_29,ORANGE,023,1,120,2.0,0,0,70.0,64.0,6.0,0.0,6,True,0,330.0
cluster_29,ORANGE,214,0,120,2.0,0,0,101.3,95.3,6.0,0.0,5,True,0,330.0
cluster_29,ORANGE,214,1,120,2.0,0,0,54.4,48.4,6.0,0.0,4,True,0,330.0
cluster_29,ORANGE,BLUE,0,120,2.0,0,0,36.0,32.0,4.0,0.0,2,True,0,330.0
cluster_29,ORANGE,GREEN,0,120,2.0,0,0,96.5,90.5,6.0,0.0,6,True,0,330.0
cluster_29,ORANGE,GREEN,1,120,2.0,0,0,75.5,65.5,10.0,0.0,7,True,0,330.0
cluster_29,RED,ORANGE,0,120,2.0,0,0,23.0,25.0,0.0,2.0,1,True,0,330.0
cluster_527,200,ORANGE,0,120,2.0,19,0,40294.0,37352.0,2942.0,0.0,364,True,0,330.0
cluster_527,202,ORANGE,0,120,2.0,0,10,29468.6,29888.3,0.0,419.8,289,True,0,330.0
cluster_527,250,ORANGE,0,120,2.0,0,9,40967.0,40531.0,436.0,0.0,392,True,0,330.0
cluster_527,ORANGE,200,0,120,2.0,0,3,549.5,590.5,0.0,41.0,44,True,0,330.0
cluster_527,ORANGE,200,1,120,2.0,1,0,503.6,536.0,0.0,32.3,44,True,0,330.0
cluster_527,ORANGE,202,0,120,2.0,4,0,540.5,500.2,40.3,0.0,42,True,0,330.0
cluster_527,ORANGE,202,1,120,2.0,0,0,512.4,483.6,28.8,0.0,42,True,0,330.0
cluster_527,ORANGE,250,0,120,2.0,0,1,506.2,494.2,12.0,0.0,44,True,0,330.0
cluster_527,ORANGE,250,1,120,2.0,0,0,441.3,430.8,10.5,0.0,44,True,0,330.0
cluster_527,ORANGE,ORANGE,0,120,2.0,0,0,811.5,853.5,0.0,42.0,21,True,0,330.0
cluster_527,ORANGE,ORANGE,1,120,2.0,0,0,314.5,272.5,42.0,0.0,21,True,0,330.0
cluster_527,ORANGE,RED,0,120,2.0,0,0,439.0,395.0,44.0,0.0,44,True,0,330.0
cluster_527,ORANGE,RED,1,120,2.0,0,0,304.0,260.0,44.0,0.0,44,True,0,330.0
cluster_527,RED,ORANGE,0,120,2.0,0,0,10745.5,10941.5,0.0,196.0,98,True,0,330.0
cluster_6,003,ORANGE,0,120,2.0,44,0,4717.4,4447.4,270.0,0.0,536,True,0,330.0
cluster_6,017,ORANGE,0,120,2.0,11,0,12076.4,12618.2,0.0,541.8,1495,True,0,330.0
cluster_6,205,ORANGE,0,120,2.0,25,0,860.0,533.9,326.1,0.0,87,True,0,330.0
cluster_6,249,ORANGE,0,120,2.0,0,5,1285.0,1487.0,0.0,202.0,174,True,0,330.0
cluster_6,440,ORANGE,0,120,2.0,0,2,18458.0,18916.0,0.0,458.0,2304,True,0,330.0
cluster_6,442,ORANGE,0,120,2.0,0,2,1154.9,1074.9,80.0,0.0,104,True,0,330.0
cluster_6,BLUE,ORANGE,0,120,2.0,0,0,946.0,1156.0,0.0,210.0,105,True,0,330.0
cluster_6,ORANGE,003,0,120,2.0,0,1,1113.7,1143.8,0.0,30.1,212,True,0,330.0
cluster_6,ORANGE,003,1,120,2.0,0,4,1203.6,1234.9,0.0,31.3,212,True,0,330.0
cluster_6,ORANGE,017,0,120,2.0,1,0,576.0,498.6,77.4,0.0,212,True,0,330.0
cluster_6,ORANGE,017,1,120,2.0,1,0,466.9,450.3,16.6,0.0,212,True,0,330.0
cluster_6,ORANGE,205,0,120,2.0,16,0,4305.5,4093.5,212.0,0.0,212,True,0,330.0
cluster_6,ORANGE,205,1,120,2.0,6,0,4014.6,3862.1,152.5,0.0,212,True,0,330.0
cluster_6,ORANGE,249,0,120,2.0,0,0,3135.8,2947.7,188.2,0.0,210,True,0,330.0
cluster_6,ORANGE,249,1,120,2.0,11,0,3672.8,3591.8,80.9,0.0,206,True,0,330.0
cluster_6,ORANGE,440,0,120,2.0,0,0,126.5,128.8,0.0,2.3,183,True,0,330.0
cluster_6,ORANGE,440,1,120,2.0,0,0,313.8,257.7,56.2,0.0,182,True,0,330.0
cluster_6,ORANGE,442,0,120,2.0,0,0,1611.3,1873.0,0.0,261.7,208,True,0,330.0
cluster_6,ORANGE,BLUE,0,120,2.0,0,0,2082.0,1882.5,199.5,0.0,212,True,0,330.0
cluster_6,ORANGE,BLUE,1,120,2.0,0,48,2640.5,3381.5,0.0,741.0,212,True,0,330.0
cluster_6,ORANGE,ORANGE,0,120,2.0,0,0,1112.5,1316.5,0.0,204.0,102,True,0,330.0
cluster_6,ORANGE,ORANGE,1,120,2.0,0,0,457.5,372.0,85.5,0.0,104,True,0,330.0
cluster_6,ORANGE,RED,0,120,2.0,1,0,1057.0,845.0,212.0,0.0,212,True,0,330.0
cluster_6,ORANGE,RED,1,120,2.0,0,0,2145.5,1938.5,207.0,0.0,212,True,0,330.0
cluster_6,RED,ORANGE,0,120,2.0,0,0,886.0,1296.0,0.0,410.0,207,True,0,330.0
cluster_666,236,ORANGE,0,120,2.0,12,0,27768.3,27064.1,704.2,0.0,261,True,0,330.0
cluster_666,247,ORANGE,0,120,2.0,0,1,40065.3,40500.3,0.0,435.0,399,True,0,330.0
cluster_666,ORANGE,236,0,120,2.0,0,3,592.4,652.4,0.0,60.0,43,True,0,330.0
cluster_666,ORANGE,236,1,120,2.0,0,0,353.9,315.9,38.0,0.0,43,True,0,330.0
cluster_666,ORANGE,247,0,120,2.0,0,1,455.0,448.6,6.4,0.0,44,True,0,330.0
cluster_666,ORANGE,247,1,120,2.0,0,0,511.8,473.6,38.2,0.0,44,True,0,330.0
cluster_666,ORANGE,ORANGE,0,120,2.0,0,1,346.0,388.0,0.0,42.0,21,True,0,330.0
cluster_666,ORANGE,ORANGE,1,120,2.0,0,1,580.0,558.0,22.0,0.0,21,True,0,330.0
cluster_666,ORANGE,RED,0,120,2.0,0,0,522.0,478.0,44.0,0.0,43,True,0,330.0
cluster_666,ORANGE,RED,1,120,2.0,0,21,186.0,572.0,0.0,386.0,44,True,0,330.0
cluster_666,ORANGE,SILVER,0,120,2.0,0,8,638.0,834.0,0.0,196.0,43,True,0,330.0
cluster_666,ORANGE,SILVER,1,120,2.0,7,0,938.0,894.0,44.0,0.0,44,True,0,330.0
cluster_666,RED,ORANGE,0,120,2.0,0,19,10981.5,11179.5,0.0,198.0,99,True,0,330.0
cluster_666,SILVER,ORANGE,0,120,2.0,0,2,4818.0,4798.0,20.0,0.0,50,True,0,330.0
cluster_667,017,ORANGE,0,120,2.0,0,10,6271.1,7215.1,0.0,944.0,612,True,0,330.0
cluster_667,413,ORANGE,0,120,2.0,10,0,418.0,312.0,106.0,0.0,52,True,0,330.0
cluster_667,417,ORANGE,0,120,2.0,0,0,396.0,506.0,0.0,110.0,56,True,0,330.0
cluster_667,419,ORANGE,0,120,2.0,0,0,274.0,382.0,0.0,108.0,54,True,0,330.0
cluster_667,ORANGE,017,0,120,2.0,2,0,556.0,450.0,106.0,0.0,106,True,0,330.0
cluster_667,ORANGE,017,1,120,2.0,1,0,371.3,298.0,73.3,0.0,106,True,0,330.0
cluster_667,ORANGE,413,0,120,2.0,2,0,6283.0,6197.0,86.0,0.0,86,True,0,330.0
cluster_667,ORANGE,417,0,120,2.0,0,0,5337.0,5249.0,88.0,0.0,87,True,0,330.0
cluster_667,ORANGE,419,0,120,2.0,0,0,5743.0,5657.0,86.0,0.0,86,True,0,330.0
cluster_667,ORANGE,ORANGE,0,120,2.0,0,46,767.5,847.5,0.0,80.0,50,True,0,330.0
cluster_667,ORANGE,ORANGE,1,120,2.0,0,48,126.5,998.0,0.0,871.5,53,True,0,330.0
cluster_667,ORANGE,RED,0,120,2.0,0,0,798.0,692.0,106.0,0.0,106,True,0,330.0
cluster_667,ORANGE,RED,1,120,2.0,0,2,1013.0,966.0,47.0,0.0,106,True,0,330.0
cluster_667,RED,ORANGE,0,120,2.0,0,3,745.5,953.5,0.0,208.0,104,True,0,330.0
cluster_717,020,ORANGE,0,120,2.0,0,2,1655.6,1831.6,0.0,176.0,208,True,0,330.0
cluster_717,027,ORANGE,0,120,2.0,25,0,1020.0,646.0,374.0,0.0,103,True,0,330.0
cluster_717,ORANGE,020,0,120,2.0,0,2,768.5,732.4,36.1,0.0,106,True,0,330.0
cluster_717,ORANGE,020,1,120,2.0,1,0,1075.2,992.9,82.3,0.0,106,True,0,330.0
cluster_717,ORANGE,027,0,120,2.0,0,0,1604.0,1498.0,106.0,0.0,106,True,0,330.0
cluster_717,ORANGE,027,1,120,2.0,24,0,780.0,781.0,0.0,1.0,106,True,0,330.0
cluster_717,ORANGE,ORANGE,0,120,2.0,0,0,99.0,201.0,0.0,102.0,51,True,0,330.0
cluster_717,ORANGE,ORANGE,1,120,2.0,0,0,781.5,677.5,104.0,0.0,52,True,0,330.0
cluster_717,ORANGE,RED,0,120,2.0,0,0,1016.0,910.0,106.0,0.0,106,True,0,330.0
cluster_717,ORANGE,RED,1,120,2.0,0,0,754.0,648.0,106.0,0.0,106,True,0,330.0
cluster_717,RED,ORANGE,0,120,2.0,0,0,986.0,1192.0,0.0,206.0,103,True,0,330.0
cluster_809,022,ORANGE,0,120,2.0,6,0,1115.0,1179.0,0.0,64.0,102,True,0,330.0
cluster_809,241,ORANGE,0,120,2.0,7,0,600.0,548.0,52.0,0.0,59,True,0,330.0
cluster_809,ORANGE,022,0,120,2.0,3,0,855.0,749.0,106.0,0.0,106,True,0,330.0
cluster_809,ORANGE,022,1,120,2.0,14,0,1326.0,1357.0,0.0,31.0,106,True,0,330.0
cluster_809,ORANGE,241,0,120,2.0,0,1,2108.5,2048.5,60.0,0.0,103,True,0,330.0
cluster_809,ORANGE,241,1,120,2.0,8,0,1616.0,1510.0,106.0,0.0,106,True,0,330.0
cluster_809,ORANGE,ORANGE,0,120,2.0,0,0,567.5,667.5,0.0,100.0,50,True,0,330.0
cluster_809,ORANGE,ORANGE,1,120,2.0,0,0,336.0,230.0,106.0,0.0,53,True,0,330.0
cluster_809,ORANGE,RED,0,120,2.0,0,0,586.0,480.0,106.0,0.0,106,True,0,330.0
cluster_809,ORANGE,RED,1,120,2.0,0,0,1225.0,1119.0,106.0,0.0,106,True,0,330.0
cluster_809,RED,ORANGE,0,120,2.0,0,0,537.5,745.5,0.0,208.0,104,True,0,330.0
cluster_810,238,ORANGE,0,120,2.0,2,0,6060.0,6076.0,0.0,16.0,58,True,0,330.0
cluster_810,243,ORANGE,0,120,2.0,0,5,5849.0,5961.0,0.0,112.0,56,True,0,330.0
cluster_810,244,ORANGE,0,120,2.0,0,2,5778.0,5850.0,0.0,72.0,56,True,0,330.0
cluster_810,ORANGE,238,0,120,2.0,0,0,672.0,628.0,44.0,0.0,44,True,0,330.0
cluster_810,ORANGE,238,1,120,2.0,1,0,685.0,778.0,0.0,93.0,44,True,0,330.0
cluster_810,ORANGE,243,0,120,2.0,0,6,670.0,819.0,0.0,149.0,44,True,0,330.0
cluster_810,ORANGE,243,1,120,2.0,0,0,690.0,646.0,44.0,0.0,44,True,0,330.0
cluster_810,ORANGE,244,0,120,2.0,2,0,718.5,674.5,44.0,0.0,43,True,0,330.0
cluster_810,ORANGE,244,1,120,2.0,0,4,693.5,774.5,0.0,81.0,41,True,0,330.0
cluster_810,ORANGE,ORANGE,0,120,2.0,0,0,937.5,979.5,0.0,42.0,21,True,0,330.0
cluster_810,ORANGE,ORANGE,1,120,2.0,1,0,208.5,166.5,42.0,0.0,21,True,0,330.0
cluster_810,ORANGE,RED,0,120,2.0,0,0,571.0,527.0,44.0,0.0,44,True,0,330.0
cluster_810,ORANGE,RED,1,120,2.0,20,0,573.0,529.0,44.0,0.0,44,True,0,330.0
cluster_810,RED,ORANGE,0,120,2.0,0,0,11039.5,11236.0,0.0,196.5,98,True,0,330.0
cluster_811,408,ORANGE,0,120,2.0,1,0,2799.0,2683.0,116.0,0.0,42,True,0,330.0
cluster_811,ORANGE,408,0,120,2.0,10,0,424.5,388.5,36.0,0.0,35,True,0,330.0
cluster_811,ORANGE,408,1,120,2.0,0,0,513.0,479.0,34.0,0.0,34,True,0,330.0
cluster_811,ORANGE,ORANGE,0,120,2.0,0,0,1023.0,1065.0,0.0,42.0,21,True,0,330.0
cluster_811,ORANGE,ORANGE,1,120,2.0,0,0,93.0,51.0,42.0,0.0,21,True,0,330.0
cluster_811,ORANGE,RED,0,120,2.0,0,0,279.0,235.0,44.0,0.0,43,True,0,330.0
cluster_811,ORANGE,RED,1,120,2.0,0,0,452.0,408.0,44.0,0.0,44,True,0,330.0
cluster_811,RED,ORANGE,0,120,2.0,0,0,10363.0,10561.0,0.0,198.0,99,True,0,330.0
cluster_828,232,ORANGE,0,120,2.0,2,0,5635.0,5691.0,0.0,56.0,58,True,0,330.0
cluster_828,245,ORANGE,0,120,2.0,1,0,5482.0,5374.0,108.0,0.0,56,True,0,330.0
cluster_828,883E,ORANGE,0,120,2.0,0,6,14167.0,14411.0,0.0,244.0,122,True,0,330.0
cluster_828,ORANGE,232,0,120,2.0,2,0,694.0,682.0,12.0,0.0,42,True,0,330.0
cluster_828,ORANGE,232,1,120,2.0,0,0,720.0,676.0,44.0,0.0,44,True,0,330.0
cluster_828,ORANGE,245,0,120,2.0,1,0,789.0,745.0,44.0,0.0,44,True,0,330.0
cluster_828,ORANGE,245,1,120,2.0,0,0,806.0,764.0,42.0,0.0,42,True,0,330.0
cluster_828,ORANGE,883E,0,120,2.0,0,6,175.0,229.0,0.0,54.0,36,True,0,330.0
cluster_828,ORANGE,883E,1,120,2.0,0,0,326.0,292.0,34.0,0.0,34,True,0,330.0
cluster_828,ORANGE,ORANGE,0,120,2.0,18,0,1128.0,220.0,908.0,0.0,21,True,0,330.0
cluster_828,ORANGE,ORANGE,1,120,2.0,19,0,748.0,706.0,42.0,0.0,21,True,0,330.0
cluster_828,ORANGE,RED,0,120,2.0,0,0,384.0,340.0,44.0,0.0,43,True,0,330.0
cluster_828,ORANGE,RED,1,120,2.0,1,0,362.0,318.0,44.0,0.0,44,True,0,330.0
cluster_828,ORANGE,SILVER,0,120,2.0,0,8,470.0,666.0,0.0,196.0,44,True,0,330.0
cluster_828,ORANGE,SILVER,1,120,2.0,0,0,770.0,726.0,44.0,0.0,44,True,0,330.0
cluster_828,RED,ORANGE,0,120,2.0,1,0,10612.5,10780.5,0.0,168.0,99,True,0,330.0
cluster_828,SILVER,ORANGE,0,120,2.0,0,8,4650.0,4750.0,0.0,100.0,50,True,0,330.0
cluster_829,234,ORANGE,0,120,2.0,0,7,15775.0,15211.0,564.0,0.0,143,True,0,330.0
cluster_829,236,ORANGE,0,120,2.0,0,15,23787.4,24183.4,0.0,396.0,228,True,0,330.0
cluster_829,247,ORANGE,0,120,2.0,0,9,20150.0,20432.0,0.0,282.0,196,True,0,330.0
cluster_829,ORANGE,234,0,120,2.0,1,0,586.8,604.0,0.0,17.2,43,True,0,330.0
cluster_829,ORANGE,234,1,120,2.0,0,4,500.9,569.0,0.0,68.1,43,True,0,330.0
cluster_829,ORANGE,236,0,120,2.0,0,7,517.1,682.1,0.0,165.0,43,True,0,330.0
cluster_829,ORANGE,236,1,120,2.0,2,0,525.2,483.2,42.0,0.0,42,True,0,330.0
cluster_829,ORANGE,247,0,120,2.0,3,0,632.2,588.9,43.3,0.0,44,True,0,330.0
cluster_829,ORANGE,247,1,120,2.0,0,7,595.0,770.0,0.0,175.0,44,True,0,330.0
cluster_829,ORANGE,ORANGE,0,120,2.0,0,0,410.5,452.5,0.0,42.0,21,True,0,330.0
cluster_829,ORANGE,ORANGE,1,120,2.0,0,0,505.5,463.5,42.0,0.0,21,True,0,330.0
cluster_829,ORANGE,RED,0,120,2.0,0,0,226.5,182.5,44.0,0.0,43,True,0,330.0
cluster_829,ORANGE,RED,1,120,2.0,0,0,517.0,473.0,44.0,0.0,44,True,0,330.0
cluster_829,RED,ORANGE,0,120,2.0,0,0,10236.5,10434.5,0.0,198.0,99,True,0,330.0
cluster_876,GREEN,ORANGE,0,120,2.0,0,1,1291.5,1523.5,0.0,232.0,116,True,0,330.0
cluster_876,ORANGE,GREEN,0,120,2.0,0,0,1238.0,1126.0,112.0,0.0,114,True,0,330.0
cluster_876,ORANGE,GREEN,1,120,2.0,0,1,862.5,769.5,93.0,0.0,113,True,0,330.0
cluster_876,ORANGE,ORANGE,0,120,2.0,0,1,787.5,897.5,0.0,110.0,55,True,0,330.0
cluster_876,ORANGE,ORANGE,1,120,2.0,0,0,207.0,95.0,112.0,0.0,56,True,0,330.0
cluster_876,ORANGE,TRE,0,120,2.0,0,0,2586.5,2482.5,104.0,0.0,104,True,0,330.0
cluster_876,ORANGE,TRE,1,120,2.0,0,0,2640.0,2532.0,108.0,0.0,109,True,0,330.0
cluster_876,TRE,ORANGE,0,120,2.0,16,0,697.0,479.0,218.0,0.0,56,True,0,330.0
cluster_9,001,ORANGE,0,120,2.0,68,0,7119.1,6762.1,357.0,0.0,1154,True,0,330.0
cluster_9,003,ORANGE,0,120,2.0,46,0,10649.6,10249.3,400.4,0.0,1871,True,0,330.0
cluster_9,009,ORANGE,0,120,2.0,11,0,6397.3,6079.2,318.2,0.0,1144,True,0,330.0
cluster_9,013,ORANGE,0,120,2.0,37,0,6304.4,7315.6,0.0,1011.3,1200,True,0,330.0
cluster_9,016,ORANGE,0,120,2.0,3,0,2436.9,2428.1,8.9,0.0,683,True,0,330.0
cluster_9,018,ORANGE,0,120,2.0,6,0,5385.7,5306.0,79.7,0.0,638,True,0,330.0
cluster_9,102,ORANGE,0,120,2.0,0,4,3280.0,3489.2,0.0,209.3,772,True,0,330.0
cluster_9,103,ORANGE,0,120,2.0,17,0,2896.9,2495.0,401.9,0.0,532,True,0,330.0
cluster_9,106,ORANGE,0,120,2.0,142,0,6114.6,4770.6,1344.0,0.0,1012,True,0,330.0
cluster_9,109,ORANGE,0,120,2.0,0,41,5105.9,5405.6,0.0,299.7,789,True,0,330.0
cluster_9,128,ORANGE,0,120,2.0,72,0,6312.5,5767.5,545.0,0.0,990,True,0,330.0
cluster_9,145,ORANGE,0,120,2.0,4,0,4306.1,4382.8,0.0,76.6,836,True,0,330.0
cluster_9,147,ORANGE,0,120,2.0,0,19,6164.5,5828.5,336.0,0.0,828,True,0,330.0
cluster_9,205,ORANGE,0,120,2.0,0,2,1901.9,2022.9,0.0,121.0,372,True,0,330.0
cluster_9,207,ORANGE,0,120,2.0,32,0,4438.6,4243.6,195.0,0.0,724,True,0,330.0
cluster_9,214,ORANGE,0,120,2.0,7,0,2808.4,3024.8,0.0,216.4,643,True,0,330.0
cluster_9,224,ORANGE,0,120,2.0,40,0,2462.4,2101.4,361.0,0.0,460,True,0,330.0
cluster_9,230,ORANGE,0,120,2.0,35,0,3685.3,3266.3,419.0,0.0,551,True,0,330.0
cluster_9,237,ORANGE,0,120,2.0,9,0,4158.0,4331.0,0.0,173.0,687,True,0,330.0
cluster_9,239,ORANGE,0,120,2.0,0,45,3201.9,3844.9,0.0,643.0,533,True,0,330.0
cluster_9,249,ORANGE,0,120,2.0,17,0,2545.4,2217.8,327.6,0.0,384,True,0,330.0
cluster_9,306,ORANGE,0,120,2.0,0,33,3806.3,4630.3,0.0,824.0,668,True,0,330.0
cluster_9,308,ORANGE,0,120,2.0,35,0,5139.6,4939.6,200.0,0.0,1046,True,0,330.0
cluster_9,421,ORANGE,0,120,2.0,0,0,254.0,320.0,0.0,66.0,42,True,0,330.0
cluster_9,425,ORANGE,0,120,2.0,0,10,5035.2,5199.2,0.0,164.0,1032,True,0,330.0
cluster_9,620,ORANGE,0,120,2.0,52,0,854.0,290.0,564.0,0.0,110,True,0,330.0
cluster_9,BLUE,ORANGE,0,120,2.0,2,0,3768.5,3856.5,0.0,88.0,596,True,0,330.0
cluster_9,GREEN,ORANGE,0,120,2.0,2,0,2726.5,2432.5,294.0,0.0,467,True,0,330.0
cluster_9,ORANGE,001,0,120,2.0,0,0,1281.0,1258.9,22.1,0.0,452,True,0,330.0
cluster_9,ORANGE,001,1,120,2.0,0,0,1338.1,1296.5,41.7,0.0,455,True,0,330.0
cluster_9,ORANGE,003,0,120,2.0,0,0,593.2,593.7,0.0,0.5,455,True,0,330.0
cluster_9,ORANGE,003,1,120,2.0,0,2,800.1,861.7,0.0,61.6,449,True,0,330.0
cluster_9,ORANGE,009,0,120,2.0,3,0,1665.4,1581.2,84.1,0.0,448,True,0,330.0
cluster_9,ORANGE,009,1,120,2.0,1,0,1740.2,1643.4,96.8,0.0,451,True,0,330.0
cluster_9,ORANGE,013,0,120,2.0,19,0,2513.6,2376.1,137.5,0.0,449,True,0,330.0
cluster_9,ORANGE,013,1,120,2.0,0,2,2101.1,1931.6,169.6,0.0,448,True,0,330.0
cluster_9,ORANGE,016,0,120,2.0,10,0,2451.3,2562.2,0.0,110.9,450,True,0,330.0
cluster_9,ORANGE,016,1,120,2.0,16,0,2500.3,2589.0,0.0,88.7,448,True,0,330.0
cluster_9,ORANGE,018,0,120,2.0,0,6,2364.1,2256.4,107.7,0.0,449,True,0,330.0
cluster_9,ORANGE,018,1,120,2.0,1,0,2997.8,2837.6,160.3,0.0,451,True,0,330.0
cluster_9,ORANGE,102,0,120,2.0,4,0,2896.0,2935.5,0.0,39.5,448,True,0,330.0
cluster_9,ORANGE,102,1,120,2.0,4,0,3706.3,3834.3,0.0,128.0,444,True,0,330.0
cluster_9,ORANGE,103,0,120,2.0,3,0,2985.0,3076.9,0.0,91.9,443,True,0,330.0
cluster_9,ORANGE,103,1,120,2.0,0,9,3301.7,3547.1,0.0,245.5,444,True,0,330.0
cluster_9,ORANGE,106,0,120,2.0,0,13,3503.0,3735.8,0.0,232.8,451,True,0,330.0
cluster_9,ORANGE,106,1,120,2.0,0,8,3613.5,3896.1,0.0,282.6,448,True,0,330.0
cluster_9,ORANGE,109,0,120,2.0,1,0,3258.8,3069.5,189.3,0.0,452,True,0,330.0
cluster_9,ORANGE,109,1,120,2.0,0,0,4066.2,4101.5,0.0,35.3,444,True,0,330.0
cluster_9,ORANGE,128,0,120,2.0,6,0,3432.6,3436.7,0.0,4.1,453,True,0,330.0
cluster_9,ORANGE,128,1,120,2.0,1,0,4306.6,4373.4,0.0,66.9,449,True,0,330.0
cluster_9,ORANGE,145,0,120,2.0,0,10,3185.0,3228.9,0.0,43.9,452,True,0,330.0
cluster_9,ORANGE,145,1,120,2.0,4,0,3569.3,3704.2,0.0,135.0,444,True,0,330.0
cluster_9,ORANGE,147,0,120,2.0,0,5,2917.4,2938.4,0.0,21.0,452,True,0,330.0
cluster_9,ORANGE,147,1,120,2.0,0,2,2886.2,2864.1,22.1,0.0,444,True,0,330.0
cluster_9,ORANGE,205,0,120,2.0,0,0,6396.5,6425.9,0.0,29.4,452,True,0,330.0
cluster_9,ORANGE,205,1,120,2.0,1,0,6447.9,6500.5,0.0,52.6,446,True,0,330.0
cluster_9,ORANGE,207,0,120,2.0,0,1,6066.6,5876.7,189.8,0.0,443,True,0,330.0
cluster_9,ORANGE,207,1,120,2.0,0,7,7908.5,7874.5,34.0,0.0,440,True,0,330.0
cluster_9,ORANGE,214,0,120,2.0,4,0,4641.5,4786.0,0.0,144.6,447,True,0,330.0
cluster_9,ORANGE,214,1,120,2.0,13,0,5486.2,5327.1,159.2,0.0,441,True,0,330.0
cluster_9,ORANGE,224,0,120,2.0,0,4,3038.9,3081.8,0.0,42.9,446,True,0,330.0
cluster_9,ORANGE,224,1,120,2.0,0,3,8577.0,8976.0,0.0,399.0,436,True,0,330.0
cluster_9,ORANGE,230,0,120,2.0,0,0,5151.6,5168.6,0.0,17.0,444,True,0,330.0
cluster_9,ORANGE,230,1,120,2.0,0,3,5583.8,5880.5,0.0,296.7,444,True,0,330.0
cluster_9,ORANGE,237,0,120,2.0,0,0,5729.1,5565.6,163.5,0.0,440,True,0,330.0
cluster_9,ORANGE,237,1,120,2.0,0,1,4119.2,4193.6,0.0,74.5,443,True,0,330.0
cluster_9,ORANGE,239,0,120,2.0,0,6,5985.1,5860.9,124.1,0.0,433,True,0,330.0
cluster_9,ORANGE,239,1,120,2.0,0,0,6810.2,6569.9,240.3,0.0,438,True,0,330.0
cluster_9,ORANGE,249,0,120,2.0,4,0,6513.0,6192.0,321.0,0.0,443,True,0,330.0
cluster_9,ORANGE,249,1,120,2.0,0,12,5634.7,5897.2,0.0,262.5,440,True,0,330.0
cluster_9,ORANGE,306,0,120,2.0,2,0,13994.5,13786.8,207.7,0.0,319,True,0,330.0
cluster_9,ORANGE,306,1,120,2.0,0,1,14464.5,14303.4,161.0,0.0,314,True,0,330.0
cluster_9,ORANGE,308,0,120,2.0,0,0,22634.4,22500.1,134.2,0.0,332,True,0,330.0
cluster_9,ORANGE,308,1,120,2.0,0,0,17254.5,17136.9,117.5,0.0,350,True,0,330.0
cluster_9,ORANGE,421,0,120,2.0,9,0,15040.0,14720.0,320.0,0.0,320,True,0,330.0
cluster_9,ORANGE,421,1,120,2.0,0,11,14570.0,14790.0,0.0,220.0,320,True,0,330.0
cluster_9,ORANGE,425,0,120,2.0,0,12,1003.1,1070.8,0.0,67.7,341,True,0,330.0
cluster_9,ORANGE,425,1,120,2.0,0,0,718.0,619.6,98.4,0.0,358,True,0,330.0
cluster_9,ORANGE,620,0,120,2.0,1,0,3456.0,4056.0,0.0,600.0,422,True,0,330.0
cluster_9,ORANGE,620,1,120,2.0,0,0,4364.0,3964.0,400.0,0.0,423,True,0,330.0
cluster_9,ORANGE,BLUE,0,120,2.0,51,0,1874.0,1429.5,444.5,0.0,464,True,0,330.0
cluster_9,ORANGE,BLUE,1,120,2.0,0,0,2057.0,1837.0,220.0,0.0,454,True,0,330.0
cluster_9,ORANGE,GREEN,0,120,2.0,1,0,2338.0,2241.0,97.0,0.0,455,True,0,330.0
cluster_9,ORANGE,GREEN,1,120,2.0,0,2,1983.0,2467.0,0.0,484.0,454,True,0,330.0
cluster_9,ORANGE,ORANGE,0,120,2.0,0,1,1030.0,1451.0,0.0,421.0,220,True,0,330.0
cluster_9,ORANGE,ORANGE,1,120,2.0,0,0,1372.0,938.0,434.0,0.0,220,True,0,330.0
cluster_9,ORANGE,RED,0,120,2.0,0,0,1926.5,1658.0,268.5,0.0,452,True,0,330.0
cluster_9,ORANGE,RED,1,120,2.0,0,48,1736.5,2260.5,0.0,524.0,452,True,0,330.0
cluster_9,ORANGE,TRE,0,120,2.0,9,0,9698.0,9282.0,416.0,0.0,416,True,0,330.0
cluster_9,ORANGE,TRE,1,120,2.0,0,18,9349.0,9724.0,0.0,375.0,436,True,0,330.0
cluster_9,RED,ORANGE,0,120,2.0,50,0,4308.0,4430.5,0.0,122.5,578,True,0,330.0
cluster_9,TRE,ORANGE,0,120,2.0,0,0,393.0,487.0,0.0,94.0,56,True,0,330.0
cluster_928,005,ORANGE,0,120,2.0,13,0,1584.0,1396.0,188.0,0.0,151,True,0,330.0
cluster_928,103,ORANGE,0,120,2.0,0,11,815.0,993.0,0.0,178.0,89,True,0,330.0
cluster_928,207,ORANGE,0,120,2.0,0,2,1118.3,1125.3,0.0,7.0,106,True,0,330.0
cluster_928,GREEN,ORANGE,0,120,2.0,0,0,1526.5,1758.5,0.0,232.0,116,True,0,330.0
cluster_928,ORANGE,005,0,120,2.0,17,0,1076.5,960.5,116.0,0.0,115,True,0,330.0
cluster_928,ORANGE,005,1,120,2.0,0,4,910.5,961.5,0.0,51.0,115,True,0,330.0
cluster_928,ORANGE,103,0,120,2.0,0,10,1016.5,1199.5,0.0,183.0,110,True,0,330.0
cluster_928,ORANGE,103,1,120,2.0,0,1,1699.5,1624.5,75.0,0.0,109,True,0,330.0
cluster_928,ORANGE,207,0,120,2.0,0,3,2514.8,2531.4,0.0,16.6,109,True,0,330.0
cluster_928,ORANGE,207,1,120,2.0,0,2,2563.9,2521.2,42.7,0.0,108,True,0,330.0
cluster_928,ORANGE,GREEN,0,120,2.0,0,0,458.0,346.0,112.0,0.0,114,True,0,330.0
cluster_928,ORANGE,GREEN,1,120,2.0,0,0,659.5,545.5,114.0,0.0,112,True,0,330.0
cluster_928,ORANGE,ORANGE,0,120,2.0,48,0,1051.5,178.5,873.0,0.0,56,True,0,330.0
cluster_928,ORANGE,ORANGE,1,120,2.0,48,0,894.5,782.5,112.0,0.0,56,True,0,330.0
cluster_929,306,ORANGE,0,120,2.0,0,2,397.0,481.0,0.0,84.0,42,True,0,330.0
cluster_929,GREEN,ORANGE,0,120,2.0,0,2,1002.5,1234.5,0.0,232.0,116,True,0,330.0
cluster_929,ORANGE,306,0,120,2.0,0,1,4229.0,4195.0,34.0,0.0,80,True,0,330.0
cluster_929,ORANGE,306,1,120,2.0,1,0,4192.5,4114.5,78.0,0.0,77,True,0,330.0
cluster_929,ORANGE,GREEN,0,120,2.0,0,0,910.0,798.0,112.0,0.0,114,True,0,330.0
cluster_929,ORANGE,GREEN,1,120,2.0,0,2,1126.5,1064.5,62.0,0.0,113,True,0,330.0
cluster_929,ORANGE,ORANGE,0,120,2.0,4,0,545.5,567.5,0.0,22.0,56,True,0,330.0
cluster_929,ORANGE,ORANGE,1,120,2.0,4,0,540.5,428.5,112.0,0.0,56,True,0,330.0
cluster_960,ORANGE,ORANGE,0,120,2.0,0,0,653.0,734.0,0.0,81.0,59,True,0,330.0
cluster_960,ORANGE,ORANGE,1,120,2.0,0,2,423.5,423.0,0.5,0.0,60,True,0,330.0
cluster_961,229,ORANGE,0,120,2.0,6,0,641.0,620.0,21.0,0.0,65,True,0,330.0
cluster_961,231,ORANGE,0,120,2.0,0,9,556.0,667.0,0.0,111.0,64,True,0,330.0
cluster_961,ORANGE,229,0,120,2.0,0,0,1900.0,1786.0,114.0,0.0,113,True,0,330.0
cluster_961,ORANGE,229,1,120,2.0,5,0,2532.0,2418.0,114.0,0.0,114,True,0,330.0
cluster_961,ORANGE,231,0,120,2.0,0,6,1958.0,2083.0,0.0,125.0,114,True,0,330.0
cluster_961,ORANGE,231,1,120,2.0,0,3,2379.0,2376.0,3.0,0.0,115,True,0,330.0
cluster_961,ORANGE,ORANGE,0,120,2.0,1,0,318.5,409.5,0.0,91.0,60,True,0,330.0
cluster_961,ORANGE,ORANGE,1,120,2.0,1,0,824.0,702.0,122.0,0.0,61,True,0,330.0
cluster_962,ORANGE,ORANGE,0,120,2.0,0,46,852.5,974.5,0.0,122.0,61,True,0,330.0
cluster_962,ORANGE,ORANGE,1,120,2.0,0,46,211.5,1011.5,0.0,800.0,61,True,0,330.0
cluster_1,027,ORANGE,0,180,3.0,0,84,8827.9,10916.3,0.0,2088.4,774,True,0,270.0
cluster_1,ORANGE,027,0,180,3.0,0,0,784.7,651.0,133.7,0.0,106,True,0,270.0
cluster_1,ORANGE,027,1,180,3.0,1,0,510.4,455.1,55.3,0.0,106,True,0,270.0
cluster_1,ORANGE,ORANGE,0,180,3.0,0,2,303.0,456.0,0.0,153.0,51,True,0,270.0
cluster_1,ORANGE,ORANGE,1,180,3.0,0,2,573.5,495.0,78.5,0.0,52,True,0,270.0
cluster_1,ORANGE,RED,0,180,3.0,0,0,1228.0,1069.0,159.0,0.0,106,True,0,270.0
cluster_1,ORANGE,RED,1,180,3.0,0,47,563.0,1384.0,0.0,821.0,106,True,0,270.0
cluster_1,RED,ORANGE,0,180,3.0,0,48,1190.0,1499.0,0.0,309.0,103,True,0,270.0
cluster_1016,ORANGE,ORANGE,0,180,3.0,48,0,1028.0,240.0,788.0,0.0,59,True,0,270.0
cluster_1016,ORANGE,ORANGE,1,180,3.0,1,0,955.5,775.5,180.0,0.0,60,True,0,270.0
cluster_1017,227,ORANGE,0,180,3.0,8,0,837.7,929.7,0.0,92.0,97,True,0,270.0
cluster_1017,ORANGE,227,0,180,3.0,3,0,1946.7,1835.3,111.3,0.0,113,True,0,270.0
cluster_1017,ORANGE,227,1,180,3.0,2,0,1973.5,1799.5,174.0,0.0,115,True,0,270.0
cluster_1017,ORANGE,ORANGE,0,180,3.0,0,46,758.0,910.0,0.0,152.0,59,True,0,270.0
cluster_1017,ORANGE,ORANGE,1,180,3.0,0,48,275.5,1057.5,0.0,782.0,60,True,0,270.0
cluster_1020,ORANGE,ORANGE,0,180,3.0,45,0,870.5,114.5,756.0,0.0,61,True,0,270.0
cluster_1020,ORANGE,ORANGE,1,180,3.0,46,0,1121.5,956.5,165.0,0.0,61,True,0,270.0
cluster_1020,ORANGE,SILVER,0,180,3.0,0,0,2675.0,2498.0,177.0,0.0,118,True,0,270.0
cluster_1020,ORANGE,SILVER,1,180,3.0,2,0,2157.0,1983.0,174.0,0.0,117,True,0,270.0
cluster_1020,SILVER,ORANGE,0,180,3.0,3,0,580.0,676.0,0.0,96.0,60,True,0,270.0
cluster_1058,ORANGE,ORANGE,0,180,3.0,4,0,649.5,670.5,0.0,21.0,60,True,0,270.0
cluster_1058,ORANGE,ORANGE,1,180,3.0,4,0,567.0,425.5,141.5,0.0,61,True,0,270.0
cluster_1062,ORANGE,ORANGE,0,180,3.0,0,0,283.0,346.0,0.0,63.0,21,True,0,270.0
cluster_1062,ORANGE,ORANGE,1,180,3.0,0,0,643.0,580.0,63.0,0.0,21,True,0,270.0
cluster_1062,ORANGE,RED,0,180,3.0,0,0,459.0,393.0,66.0,0.0,43,True,0,270.0
cluster_1062,ORANGE,RED,1,180,3.0,0,0,252.0,186.0,66.0,0.0,44,True,0,270.0
cluster_1062,RED,ORANGE,0,180,3.0,0,0,10832.0,11129.0,0.0,297.0,99,True,0,270.0
cluster_107,207,ORANGE,0,180,3.0,0,24,3906.8,4151.8,0.0,245.0,345,True,0,270.0
cluster_107,213,ORANGE,0,180,3.0,33,0,4582.1,4147.1,435.0,0.0,390,True,0,270.0
cluster_107,GREEN,ORANGE,0,180,3.0,0,1,1041.5,1386.5,0.0,345.0,115,True,0,270.0
cluster_107,ORANGE,207,0,180,3.0,0,6,2040.1,2265.2,0.0,225.1,110,True,0,270.0
cluster_107,ORANGE,207,1,180,3.0,5,0,2317.0,2226.9,90.0,0.0,109,True,0,270.0
cluster_107,ORANGE,213,0,180,3.0,6,0,2116.3,1951.3,165.0,0.0,110,True,0,270.0
cluster_107,ORANGE,213,1,180,3.0,8,0,2128.9,2062.2,66.7,0.0,114,True,0,270.0
cluster_107,ORANGE,GREEN,0,180,3.0,0,53,918.0,1850.0,0.0,932.0,114,True,0,270.0
cluster_107,ORANGE,GREEN,1,180,3.0,0,1,1052.5,907.5,145.0,0.0,111,True,0,270.0
cluster_107,ORANGE,ORANGE,0,180,3.0,2,0,586.5,679.5,0.0,93.0,56,True,0,270.0
cluster_107,ORANGE,ORANGE,1,180,3.0,3,0,494.5,326.5,168.0,0.0,56,True,0,270.0
cluster_14,001,ORANGE,0,180,3.0,2,0,491.1,471.1,20.0,0.0,39,True,0,270.0
cluster_14,009,ORANGE,0,180,3.0,3,0,1042.8,1063.8,0.0,21.0,61,True,0,270.0
cluster_14,018,ORANGE,0,180,3.0,1,0,1182.4,1160.7,21.8,0.0,76,True,0,270.0
cluster_14,023,ORANGE,0,180,3.0,3,0,713.2,654.4,58.8,0.0,45,True,0,270.0
cluster_14,214,ORANGE,0,180,3.0,0,0,178.7,232.7,0.0,54.0,18,True,0,270.0
cluster_14,249,ORANGE,0,180,3.0,0,6,316.6,415.6,0.0,99.0,33,True,0,270.0
cluster_14,BLUE,ORANGE,0,180,3.0,0,0,37.0,55.0,0.0,18.0,6,True,0,270.0
cluster_14,GREEN,ORANGE,0,180,3.0,0,1,254.0,281.5,0.0,27.5,18,True,0,270.0
cluster_14,ORANGE,001,0,180,3.0,0,0,133.8,115.8,18.0,0.0,12,True,0,270.0
cluster_14,ORANGE,001,1,180,3.0,0,0,217.0,224.7,0.0,7.6,12,True,0,270.0
cluster_14,ORANGE,009,0,180,3.0,0,0,60.0,68.6,0.0,8.7,12,True,0,270.0
cluster_14,ORANGE,009,1,180,3.0,2,0,78.0,64.4,13.6,0.0,12,True,0,270.0
cluster_14,ORANGE,018,0,180,3.0,2,0,110.0,86.0,24.0,0.0,12,True,0,270.0
cluster_14,ORANGE,018,1,180,3.0,0,0,71.7,63.4,8.3,0.0,12,True,0,270.0
cluster_14,ORANGE,023,0,180,3.0,2,0,186.2,156.2,30.0,0.0,16,True,0,270.0
cluster_14,ORANGE,023,1,180,3.0,0,0,101.5,108.8,0.0,7.3,14,True,0,270.0
cluster_14,ORANGE,214,0,180,3.0,0,0,255.5,237.5,18.0,0.0,10,True,0,270.0
cluster_14,ORANGE,214,1,180,3.0,0,0,170.3,152.3,18.0,0.0,8,True,0,270.0
cluster_14,ORANGE,249,0,180,3.0,0,0,123.4,117.7,5.7,0.0,8,True,0,270.0
cluster_14,ORANGE,249,1,180,3.0,0,0,157.9,139.9,18.0,0.0,8,True,0,270.0
cluster_14,ORANGE,BLUE,0,180,3.0,0,0,68.0,56.0,12.0,0.0,4,True,0,270.0
cluster_14,ORANGE,GREEN,0,180,3.0,0,0,121.0,105.0,16.0,0.0,12,True,0,270.0
cluster_14,ORANGE,GREEN,1,180,3.0,0,0,149.5,152.0,0.0,2.5,14,True,0,270.0
cluster_14,RED,ORANGE,0,180,3.0,0,1,44.0,50.0,0.0,6.0,2,True,0,270.0
cluster_168,020,ORANGE,0,180,3.0,79,0,7902.8,6927.8,975.0,0.0,760,True,0,270.0
cluster_168,213,ORANGE,0,180,3.0,6,0,1113.1,1113.1,0.0,0.0,130,True,0,270.0
cluster_168,233,ORANGE,0,180,3.0,0,87,4599.2,5147.2,0.0,548.0,416,True,0,270.0
cluster_168,GREEN,ORANGE,0,180,3.0,0,50,1618.5,1981.5,0.0,363.0,121,True,0,270.0
cluster_168,ORANGE,020,0,180,3.0,34,0,871.5,738.9,132.6,0.0,118,True,0,270.0
cluster_168,ORANGE,020,1,180,3.0,6,0,740.1,674.2,65.9,0.0,119,True,0,270.0
cluster_168,ORANGE,213,0,180,3.0,6,0,2541.9,2374.0,167.9,0.0,114,True,0,270.0
cluster_168,ORANGE,213,1,180,3.0,3,0,2142.5,2234.0,0.0,91.5,121,True,0,270.0
cluster_168,ORANGE,233,0,180,3.0,0,21,1561.4,2147.5,0.0,586.1,117,True,0,270.0
cluster_168,ORANGE,233,1,180,3.0,0,2,1863.0,1832.5,30.5,0.0,119,True,0,270.0
cluster_168,ORANGE,GREEN,0,180,3.0,0,54,817.0,1753.0,0.0,936.0,125,True,0,270.0
cluster_168,ORANGE,GREEN,1,180,3.0,0,48,522.0,1310.5,0.0,788.5,117,True,0,270.0
cluster_168,ORANGE,ORANGE,0,180,3.0,1,0,233.5,380.5,0.0,147.0,59,True,0,270.0
cluster_168,ORANGE,ORANGE,1,180,3.0,0,0,790.0,610.0,180.0,0.0,60,True,0,270.0
cluster_22,023,ORANGE,0,180,3.0,0,28,16559.0,14411.7,2147.2,0.0,1248,True,0,270.0
cluster_22,103,ORANGE,0,180,3.0,58,0,7401.1,5535.8,1865.3,0.0,610,True,0,270.0
cluster_22,207,ORANGE,0,180,3.0,10,0,7170.3,6970.3,200.0,0.0,720,True,0,270.0
cluster_22,237,ORANGE,0,180,3.0,0,48,4709.3,5939.3,0.0,1230.0,560,True,0,270.0
cluster_22,425,ORANGE,0,180,3.0,0,6,8373.7,8260.7,113.0,0.0,849,True,0,270.0
cluster_22,BLUE,ORANGE,0,180,3.0,0,1,537.5,849.5,0.0,312.0,104,True,0,270.0
cluster_22,ORANGE,023,0,180,3.0,0,0,64.0,67.2,0.0,3.2,106,True,0,270.0
cluster_22,ORANGE,023,1,180,3.0,0,0,178.0,177.1,0.9,0.0,106,True,0,270.0
cluster_22,ORANGE,103,0,180,3.0,6,0,879.2,999.4,0.0,120.3,106,True,0,270.0
cluster_22,ORANGE,103,1,180,3.0,0,3,856.8,956.4,0.0,99.6,106,True,0,270.0
cluster_22,ORANGE,207,0,180,3.0,0,6,1595.4,1814.7,0.0,219.3,106,True,0,270.0
cluster_22,ORANGE,207,1,180,3.0,8,0,1804.8,1717.7,87.1,0.0,105,True,0,270.0
cluster_22,ORANGE,237,0,180,3.0,0,1,1454.5,1360.5,94.0,0.0,105,True,0,270.0
cluster_22,ORANGE,237,1,180,3.0,0,0,1613.6,1512.0,101.5,0.0,106,True,0,270.0
cluster_22,ORANGE,425,0,180,3.0,0,8,234.8,324.8,0.0,90.1,89,True,0,270.0
cluster_22,ORANGE,425,1,180,3.0,1,0,319.5,281.7,37.9,0.0,89,True,0,270.0
cluster_22,ORANGE,BLUE,0,180,3.0,0,1,1551.0,1404.5,146.5,0.0,106,True,0,270.0
cluster_22,ORANGE,BLUE,1,180,3.0,1,0,1264.0,1122.0,142.0,0.0,106,True,0,270.0
cluster_22,ORANGE,ORANGE,0,180,3.0,0,0,77.5,227.5,0.0,150.0,50,True,0,270.0
cluster_22,ORANGE,ORANGE,1,180,3.0,0,0,767.0,614.0,153.0,0.0,51,True,0,270.0
cluster_22,ORANGE,RED,0,180,3.0,0,0,1056.0,897.0,159.0,0.0,106,True,0,270.0
cluster_22,ORANGE,RED,1,180,3.0,0,1,723.0,586.0,137.0,0.0,106,True,0,270.0
cluster_22,RED,ORANGE,0,180,3.0,0,0,1005.0,1314.0,0.0,309.0,103,True,0,270.0
cluster_23,001,ORANGE,0,180,3.0,0,29,21656.0,21850.1,0.0,194.1,2030,True,0,270.0
cluster_23,023,ORANGE,0,180,3.0,18,0,5790.7,8023.7,0.0,2233.0,936,True,0,270.0
cluster_23,057,ORANGE,0,180,3.0,0,16,3514.6,4565.1,0.0,1050.5,457,True,0,270.0
cluster_23,101,ORANGE,0,180,3.0,0,32,3558.0,4065.0,0.0,507.0,369,True,0,270.0
cluster_23,122,ORANGE,0,180,3.0,0,87,4303.4,4754.1,0.0,450.7,387,True,0,270.0
cluster_23,213,ORANGE,0,180,3.0,0,2,2583.0,2660.0,0.0,77.0,259,True,0,270.0
cluster_23,219,ORANGE,0,180,3.0,0,54,3190.4,3510.4,0.0,320.0,280,True,0,270.0
cluster_23,230,ORANGE,0,180,3.0,18,0,5205.4,5300.2,0.0,94.8,520,True,0,270.0
cluster_23,306,ORANGE,0,180,3.0,0,4,402.0,508.0,0.0,106.0,42,True,0,270.0
cluster_23,422,ORANGE,0,180,3.0,40,0,2520.0,2560.0,0.0,40.0,280,True,0,270.0
cluster_23,423,ORANGE,0,180,3.0,14,0,486.0,368.0,118.0,0.0,54,True,0,270.0
cluster_23,GREEN,ORANGE,0,180,3.0,0,49,1712.5,2060.5,0.0,348.0,116,True,0,270.0
cluster_23,ORANGE,001,0,180,3.0,0,0,289.8,300.6,0.0,10.8,113,True,0,270.0
cluster_23,ORANGE,001,1,180,3.0,0,0,347.6,356.7,0.0,9.1,114,True,0,270.0
cluster_23,ORANGE,023,0,180,3.0,0,0,609.4,439.1,170.2,0.0,115,True,0,270.0
cluster_23,ORANGE,023,1,180,3.0,9,0,977.1,819.2,157.9,0.0,114,True,0,270.0
cluster_23,ORANGE,057,0,180,3.0,0,1,1159.8,1089.6,70.2,0.0,114,True,0,270.0
cluster_23,ORANGE,057,1,180,3.0,0,0,1243.0,1072.0,171.0,0.0,113,True,0,270.0
cluster_23,ORANGE,101,0,180,3.0,0,11,1119.8,1269.7,0.0,149.9,114,True,0,270.0
cluster_23,ORANGE,101,1,180,3.0,0,9,1252.2,1341.5,0.0,89.2,111,True,0,270.0
cluster_23,ORANGE,122,0,180,3.0,0,13,682.6,863.4,0.0,180.8,114,True,0,270.0
cluster_23,ORANGE,213,0,180,3.0,0,7,2076.4,2137.5,0.0,61.1,110,True,0,270.0
cluster_23,ORANGE,213,1,180,3.0,0,8,1560.7,1832.8,0.0,272.1,114,True,0,270.0
cluster_23,ORANGE,219,0,180,3.0,0,16,2019.9,2608.5,0.0,588.6,113,True,0,270.0
cluster_23,ORANGE,219,1,180,3.0,0,1,2623.2,2523.5,99.8,0.0,111,True,0,270.0
cluster_23,ORANGE,230,0,180,3.0,7,0,1471.9,1373.0,99.0,0.0,112,True,0,270.0
cluster_23,ORANGE,230,1,180,3.0,0,1,1577.0,1460.4,116.5,0.0,110,True,0,270.0
cluster_23,ORANGE,306,0,180,3.0,0,4,3995.0,3962.0,33.0,0.0,81,True,0,270.0
cluster_23,ORANGE,306,1,180,3.0,1,0,3966.0,3849.0,117.0,0.0,78,True,0,270.0
cluster_23,ORANGE,422,0,180,3.0,0,0,234.0,114.0,120.0,0.0,79,True,0,270.0
cluster_23,ORANGE,423,0,180,3.0,0,0,696.0,576.0,120.0,0.0,80,True,0,270.0
cluster_23,ORANGE,GREEN,0,180,3.0,0,53,690.0,1622.0,0.0,932.0,114,True,0,270.0
cluster_23,ORANGE,GREEN,1,180,3.0,0,49,431.5,1240.5,0.0,809.0,112,True,0,270.0
cluster_23,ORANGE,ORANGE,0,180,3.0,1,0,290.5,433.5,0.0,143.0,56,True,0,270.0
cluster_23,ORANGE,ORANGE,1,180,3.0,1,0,700.5,532.5,168.0,0.0,56,True,0,270.0
cluster_23,ORANGE,TRE,0,180,3.0,0,0,2244.5,2091.5,153.0,0.0,103,True,0,270.0
cluster_23,ORANGE,TRE,1,180,3.0,0,0,2332.5,2170.5,162.0,0.0,109,True,0,270.0
cluster_23,TRE,ORANGE,0,180,3.0,0,0,417.0,585.0,0.0,168.0,56,True,0,270.0
cluster_29,018,ORANGE,0,180,3.0,0,10,483.3,555.3,0.0,72.0,24,True,0,270.0
cluster_29,023,ORANGE,0,180,3.0,3,0,387.8,354.8,33.0,0.0,24,True,0,270.0
cluster_29,214,ORANGE,0,180,3.0,0,0,400.9,478.9,0.0,78.0,26,True,0,270.0
cluster_29,BLUE,ORANGE,0,180,3.0,0,0,21.5,30.5,0.0,9.0,3,True,0,270.0
cluster_29,GREEN,ORANGE,0,180,3.0,0,0,155.5,179.5,0.0,24.0,8,True,0,270.0
cluster_29,ORANGE,018,0,180,3.0,0,1,33.5,53.5,0.0,20.0,6,True,0,270.0
cluster_29,ORANGE,018,1,180,3.0,0,1,36.5,56.8,0.0,20.2,6,True,0,270.0
cluster_29,ORANGE,023,0,180,3.0,0,0,97.6,82.6,15.0,0.0,8,True,0,270.0
cluster_29,ORANGE,023,1,180,3.0,0,0,70.0,61.0,9.0,0.0,6,True,0,270.0
cluster_29,ORANGE,214,0,180,3.0,0,0,101.3,92.3,9.0,0.0,5,True,0,270.0
cluster_29,ORANGE,214,1,180,3.0,0,0,54.4,46.8,7.6,0.0,4,True,0,270.0
cluster_29,ORANGE,BLUE,0,180,3.0,0,0,36.0,30.0,6.0,0.0,2,True,0,270.0
cluster_29,ORANGE,GREEN,0,180,3.0,0,0,96.5,87.5,9.0,0.0,6,True,0,270.0
cluster_29,ORANGE,GREEN,1,180,3.0,0,1,75.5,77.5,0.0,2.0,7,True,0,270.0
cluster_29,RED,ORANGE,0,180,3.0,0,0,23.0,26.0,0.0,3.0,1,True,0,270.0
cluster_527,200,ORANGE,0,180,3.0,33,0,40294.0,35806.0,4488.0,0.0,364,True,0,270.0
cluster_527,202,ORANGE,0,180,3.0,0,10,29468.6,30158.3,0.0,689.8,289,True,0,270.0
cluster_527,250,ORANGE,0,180,3.0,0,11,40967.0,39963.0,1004.0,0.0,392,True,0,270.0
cluster_527,ORANGE,200,0,180,3.0,0,6,549.5,646.6,0.0,97.2,44,True,0,270.0
cluster_527,ORANGE,200,1,180,3.0,1,0,503.6,514.0,0.0,10.3,44,True,0,270.0
cluster_527,ORANGE,202,0,180,3.0,4,0,540.5,484.2,56.3,0.0,42,True,0,270.0
cluster_527,ORANGE,202,1,180,3.0,0,0,512.4,462.6,49.8,0.0,42,True,0,270.0
cluster_527,ORANGE,250,0,180,3.0,0,1,506.2,482.7,23.6,0.0,44,True,0,270.0
cluster_527,ORANGE,250,1,180,3.0,0,1,441.3,484.6,0.0,43.3,44,True,0,270.0
cluster_527,ORANGE,ORANGE,0,180,3.0,0,0,811.5,874.5,0.0,63.0,21,True,0,270.0
cluster_527,ORANGE,ORANGE,1,180,3.0,0,0,314.5,251.5,63.0,0.0,21,True,0,270.0
cluster_527,ORANGE,RED,0,180,3.0,0,0,439.0,373.0,66.0,0.0,44,True,0,270.0
cluster_527,ORANGE,RED,1,180,3.0,0,0,304.0,238.0,66.0,0.0,44,True,0,270.0
cluster_527,RED,ORANGE,0,180,3.0,0,0,10745.5,11039.5,0.0,294.0,98,True,0,270.0
cluster_6,003,ORANGE,0,180,3.0,46,0,4717.4,4331.4,386.0,0.0,536,True,0,270.0
cluster_6,017,ORANGE,0,180,3.0,33,0,12076.4,12821.7,0.0,745.3,1495,True,0,270.0
cluster_6,205,ORANGE,0,180,3.0,24,0,860.0,558.4,301.6,0.0,87,True,0,270.0
cluster_6,249,ORANGE,0,180,3.0,0,22,1285.0,1585.0,0.0,300.0,174,True,0,270.0
cluster_6,440,ORANGE,0,180,3.0,0,10,18458.0,18866.0,0.0,408.0,2304,True,0,270.0
cluster_6,442,ORANGE,0,180,3.0,14,0,1154.9,858.9,296.0,0.0,104,True,0,270.0
cluster_6,BLUE,ORANGE,0,180,3.0,49,0,946.0,379.0,567.0,0.0,105,True,0,270.0
cluster_6,ORANGE,003,0,180,3.0,0,17,1113.7,1246.1,0.0,132.3,212,True,0,270.0
cluster_6,ORANGE,003,1,180,3.0,0,4,1203.6,1226.1,0.0,22.6,212,True,0,270.0
cluster_6,ORANGE,017,0,180,3.0,3,0,576.0,484.0,92.0,0.0,212,True,0,270.0
cluster_6,ORANGE,017,1,180,3.0,1,0,466.9,401.5,65.3,0.0,212,True,0,270.0
cluster_6,ORANGE,205,0,180,3.0,16,0,4305.5,3987.5,318.0,0.0,212,True,0,270.0
cluster_6,ORANGE,205,1,180,3.0,8,0,4014.6,3840.0,174.5,0.0,212,True,0,270.0
cluster_6,ORANGE,249,0,180,3.0,0,0,3135.8,2863.8,272.1,0.0,210,True,0,270.0
cluster_6,ORANGE,249,1,180,3.0,9,0,3672.8,3634.4,38.3,0.0,206,True,0,270.0
cluster_6,ORANGE,440,0,180,3.0,0,0,126.5,126.2,0.3,0.0,183,True,0,270.0
cluster_6,ORANGE,440,1,180,3.0,0,0,313.8,226.1,87.7,0.0,182,True,0,270.0
cluster_6,ORANGE,442,0,180,3.0,0,0,1611.3,1769.0,0.0,157.7,208,True,0,270.0
cluster_6,ORANGE,BLUE,0,180,3.0,0,0,2082.0,1776.5,305.5,0.0,212,True,0,270.0
cluster_6,ORANGE,BLUE,1,180,3.0,0,0,2640.5,3275.5,0.0,635.0,212,True,0,270.0
cluster_6,ORANGE,ORANGE,0,180,3.0,0,48,1112.5,1400.5,0.0,288.0,102,True,0,270.0
cluster_6,ORANGE,ORANGE,1,180,3.0,0,0,457.5,268.0,189.5,0.0,104,True,0,270.0
cluster_6,ORANGE,RED,0,180,3.0,1,0,1057.0,739.0,318.0,0.0,212,True,0,270.0
cluster_6,ORANGE,RED,1,180,3.0,0,0,2145.5,1832.5,313.0,0.0,212,True,0,270.0
cluster_6,RED,ORANGE,0,180,3.0,0,1,886.0,1502.0,0.0,616.0,207,True,0,270.0
cluster_666,236,ORANGE,0,180,3.0,18,0,27768.3,27019.3,749.0,0.0,261,True,0,270.0
cluster_666,247,ORANGE,0,180,3.0,0,3,40065.3,40716.5,0.0,651.2,399,True,0,270.0
cluster_666,ORANGE,236,0,180,3.0,0,1,592.4,630.4,0.0,38.0,43,True,0,270.0
cluster_666,ORANGE,236,1,180,3.0,0,7,353.9,454.6,0.0,100.6,43,True,0,270.0
cluster_666,ORANGE,247,0,180,3.0,0,1,455.0,426.6,28.4,0.0,44,True,0,270.0
cluster_666,ORANGE,247,1,180,3.0,0,4,511.8,586.9,0.0,75.1,44,True,0,270.0
cluster_666,ORANGE,ORANGE,0,180,3.0,0,1,346.0,409.0,0.0,63.0,21,True,0,270.0
cluster_666,ORANGE,ORANGE,1,180,3.0,0,1,580.0,537.0,43.0,0.0,21,True,0,270.0
cluster_666,ORANGE,RED,0,180,3.0,0,0,522.0,456.0,66.0,0.0,43,True,0,270.0
cluster_666,ORANGE,RED,1,180,3.0,0,21,186.0,550.0,0.0,364.0,44,True,0,270.0
cluster_666,ORANGE,SILVER,0,180,3.0,0,8,638.0,812.0,0.0,174.0,43,True,0,270.0
cluster_666,ORANGE,SILVER,1,180,3.0,7,0,938.0,872.0,66.0,0.0,44,True,0,270.0
cluster_666,RED,ORANGE,0,180,3.0,0,19,10981.5,11278.5,0.0,297.0,99,True,0,270.0
cluster_666,SILVER,ORANGE,0,180,3.0,0,2,4818.0,4849.0,0.0,31.0,50,True,0,270.0
cluster_667,017,ORANGE,0,180,3.0,0,58,6271.1,7737.1,0.0,1466.0,612,True,0,270.0
cluster_667,413,ORANGE,0,180,3.0,10,0,418.0,364.0,54.0,0.0,52,True,0,270.0
cluster_667,417,ORANGE,0,180,3.0,0,0,396.0,561.0,0.0,165.0,56,True,0,270.0
cluster_667,419,ORANGE,0,180,3.0,0,0,274.0,436.0,0.0,162.0,54,True,0,270.0
cluster_667,ORANGE,017,0,180,3.0,2,0,556.0,397.0,159.0,0.0,106,True,0,270.0
cluster_667,ORANGE,017,1,180,3.0,1,0,371.3,286.8,84.5,0.0,106,True,0,270.0
cluster_667,ORANGE,413,0,180,3.0,2,0,6283.0,6154.0,129.0,0.0,86,True,0,270.0
cluster_667,ORANGE,417,0,180,3.0,0,0,5337.0,5205.0,132.0,0.0,87,True,0,270.0
cluster_667,ORANGE,419,0,180,3.0,0,0,5743.0,5614.0,129.0,0.0,86,True,0,270.0
cluster_667,ORANGE,ORANGE,0,180,3.0,0,46,767.5,897.5,0.0,130.0,50,True,0,270.0
cluster_667,ORANGE,ORANGE,1,180,3.0,0,48,126.5,945.0,0.0,818.5,53,True,0,270.0
cluster_667,ORANGE,RED,0,180,3.0,0,0,798.0,639.0,159.0,0.0,106,True,0,270.0
cluster_667,ORANGE,RED,1,180,3.0,0,2,1013.0,913.0,100.0,0.0,106,True,0,270.0
cluster_667,RED,ORANGE,0,180,3.0,0,3,745.5,1057.5,0.0,312.0,104,True,0,270.0
cluster_717,020,ORANGE,0,180,3.0,0,1,1655.6,1969.6,0.0,314.0,208,True,0,270.0
cluster_717,027,ORANGE,0,180,3.0,8,0,1020.0,749.0,271.0,0.0,103,True,0,270.0
cluster_717,ORANGE,020,0,180,3.0,0,11,768.5,792.0,0.0,23.6,106,True,0,270.0
cluster_717,ORANGE,020,1,180,3.0,0,8,1075.2,1111.2,0.0,36.0,106,True,0,270.0
cluster_717,ORANGE,027,0,180,3.0,0,0,1604.0,1445.0,159.0,0.0,106,True,0,270.0
cluster_717,ORANGE,027,1,180,3.0,6,0,780.0,1085.0,0.0,305.0,106,True,0,270.0
cluster_717,ORANGE,ORANGE,0,180,3.0,0,0,99.0,252.0,0.0,153.0,51,True,0,270.0
cluster_717,ORANGE,ORANGE,1,180,3.0,0,0,781.5,625.5,156.0,0.0,52,True,0,270.0
cluster_717,ORANGE,RED,0,180,3.0,0,0,1016.0,857.0,159.0,0.0,106,True,0,270.0
cluster_717,ORANGE,RED,1,180,3.0,0,0,754.0,595.0,159.0,0.0,106,True,0,270.0
cluster_717,RED,ORANGE,0,180,3.0,0,0,986.0,1295.0,0.0,309.0,103,True,0,270.0
cluster_809,022,ORANGE,0,180,3.0,45,0,1115.0,491.0,624.0,0.0,102,True,0,270.0
cluster_809,241,ORANGE,0,180,3.0,15,0,600.0,426.0,174.0,0.0,59,True,0,270.0
cluster_809,ORANGE,022,0,180,3.0,0,27,855.0,1310.0,0.0,455.0,106,True,0,270.0
cluster_809,ORANGE,022,1,180,3.0,5,0,1326.0,1478.0,0.0,152.0,106,True,0,270.0
cluster_809,ORANGE,241,0,180,3.0,6,0,2108.5,2059.5,49.0,0.0,103,True,0,270.0
cluster_809,ORANGE,241,1,180,3.0,8,0,1616.0,1457.0,159.0,0.0,106,True,0,270.0
cluster_809,ORANGE,ORANGE,0,180,3.0,0,1,567.5,717.5,0.0,150.0,50,True,0,270.0
cluster_809,ORANGE,ORANGE,1,180,3.0,0,0,336.0,179.5,156.5,0.0,53,True,0,270.0
cluster_809,ORANGE,RED,0,180,3.0,0,0,586.0,427.0,159.0,0.0,106,True,0,270.0
cluster_809,ORANGE,RED,1,180,3.0,0,0,1225.0,1066.0,159.0,0.0,106,True,0,270.0
cluster_809,RED,ORANGE,0,180,3.0,0,0,537.5,849.5,0.0,312.0,104,True,0,270.0
cluster_810,238,ORANGE,0,180,3.0,2,0,6060.0,6134.0,0.0,74.0,58,True,0,270.0
cluster_810,243,ORANGE,0,180,3.0,0,5,5849.0,5997.0,0.0,148.0,56,True,0,270.0
cluster_810,244,ORANGE,0,180,3.0,1,0,5778.0,5846.0,0.0,68.0,56,True,0,270.0
cluster_810,ORANGE,238,0,180,3.0,0,0,672.0,606.0,66.0,0.0,44,True,0,270.0
cluster_810,ORANGE,238,1,180,3.0,1,0,685.0,756.0,0.0,71.0,44,True,0,270.0
cluster_810,ORANGE,243,0,180,3.0,0,6,670.0,797.0,0.0,127.0,44,True,0,270.0
cluster_810,ORANGE,243,1,180,3.0,0,0,690.0,666.0,24.0,0.0,44,True,0,270.0
cluster_810,ORANGE,244,0,180,3.0,2,0,718.5,652.5,66.0,0.0,43,True,0,270.0
cluster_810,ORANGE,244,1,180,3.0,0,1,693.5,754.5,0.0,61.0,41,True,0,270.0
cluster_810,ORANGE,ORANGE,0,180,3.0,1,0,937.5,970.5,0.0,33.0,21,True,0,270.0
cluster_810,ORANGE,ORANGE,1,180,3.0,1,0,208.5,145.5,63.0,0.0,21,True,0,270.0
cluster_810,ORANGE,RED,0,180,3.0,0,0,571.0,505.0,66.0,0.0,44,True,0,270.0
cluster_810,ORANGE,RED,1,180,3.0,20,0,573.0,507.0,66.0,0.0,44,True,0,270.0
cluster_810,RED,ORANGE,0,180,3.0,18,0,11039.5,10385.0,654.5,0.0,98,True,0,270.0
cluster_811,408,ORANGE,0,180,3.0,1,0,2799.0,2725.0,74.0,0.0,42,True,0,270.0
cluster_811,ORANGE,408,0,180,3.0,10,0,424.5,371.0,53.5,0.0,35,True,0,270.0
cluster_811,ORANGE,408,1,180,3.0,9,0,513.0,462.0,51.0,0.0,34,True,0,270.0
cluster_811,ORANGE,ORANGE,0,180,3.0,0,0,1023.0,1086.0,0.0,63.0,21,True,0,270.0
cluster_811,ORANGE,ORANGE,1,180,3.0,0,0,93.0,30.0,63.0,0.0,21,True,0,270.0
cluster_811,ORANGE,RED,0,180,3.0,0,0,279.0,213.0,66.0,0.0,43,True,0,270.0
cluster_811,ORANGE,RED,1,180,3.0,0,0,452.0,386.0,66.0,0.0,44,True,0,270.0
cluster_811,RED,ORANGE,0,180,3.0,0,0,10363.0,10660.0,0.0,297.0,99,True,0,270.0
cluster_828,232,ORANGE,0,180,3.0,2,0,5635.0,5749.0,0.0,114.0,58,True,0,270.0
cluster_828,245,ORANGE,0,180,3.0,4,0,5482.0,5370.0,112.0,0.0,56,True,0,270.0
cluster_828,883E,ORANGE,0,180,3.0,0,0,14167.0,14413.0,0.0,246.0,122,True,0,270.0
cluster_828,ORANGE,232,0,180,3.0,2,0,694.0,661.0,33.0,0.0,42,True,0,270.0
cluster_828,ORANGE,232,1,180,3.0,0,0,720.0,654.0,66.0,0.0,44,True,0,270.0
cluster_828,ORANGE,245,0,180,3.0,1,0,789.0,723.0,66.0,0.0,44,True,0,270.0
cluster_828,ORANGE,245,1,180,3.0,3,0,806.0,743.0,63.0,0.0,42,True,0,270.0
cluster_828,ORANGE,883E,0,180,3.0,0,6,175.0,211.0,0.0,36.0,36,True,0,270.0
cluster_828,ORANGE,883E,1,180,3.0,7,0,326.0,275.0,51.0,0.0,34,True,0,270.0
cluster_828,ORANGE,ORANGE,0,180,3.0,18,0,1128.0,241.0,887.0,0.0,21,True,0,270.0
cluster_828,ORANGE,ORANGE,1,180,3.0,19,0,748.0,685.0,63.0,0.0,21,True,0,270.0
cluster_828,ORANGE,RED,0,180,3.0,0,0,384.0,318.0,66.0,0.0,43,True,0,270.0
cluster_828,ORANGE,RED,1,180,3.0,1,0,362.0,296.0,66.0,0.0,44,True,0,270.0
cluster_828,ORANGE,SILVER,0,180,3.0,0,8,470.0,644.0,0.0,174.0,44,True,0,270.0
cluster_828,ORANGE,SILVER,1,180,3.0,0,0,770.0,704.0,66.0,0.0,44,True,0,270.0
cluster_828,RED,ORANGE,0,180,3.0,1,0,10612.5,10879.5,0.0,267.0,99,True,0,270.0
cluster_828,SILVER,ORANGE,0,180,3.0,0,8,4650.0,4800.0,0.0,150.0,50,True,0,270.0
cluster_829,234,ORANGE,0,180,3.0,0,4,15775.0,15044.0,731.0,0.0,143,True,0,270.0
cluster_829,236,ORANGE,0,180,3.0,0,9,23787.4,24081.4,0.0,294.0,228,True,0,270.0
cluster_829,247,ORANGE,0,180,3.0,0,9,20150.0,20468.0,0.0,318.0,196,True,0,270.0
cluster_829,ORANGE,234,0,180,3.0,1,0,586.8,640.8,0.0,54.0,43,True,0,270.0
cluster_829,ORANGE,234,1,180,3.0,0,4,500.9,547.0,0.0,46.1,43,True,0,270.0
cluster_829,ORANGE,236,0,180,3.0,0,7,517.1,660.1,0.0,143.0,43,True,0,270.0
cluster_829,ORANGE,236,1,180,3.0,2,0,525.2,464.2,61.0,0.0,42,True,0,270.0
cluster_829,ORANGE,247,0,180,3.0,3,0,632.2,569.1,63.1,0.0,44,True,0,270.0
cluster_829,ORANGE,247,1,180,3.0,0,7,595.0,748.0,0.0,153.0,44,True,0,270.0
cluster_829,ORANGE,ORANGE,0,180,3.0,0,0,410.5,473.5,0.0,63.0,21,True,0,270.0
cluster_829,ORANGE,ORANGE,1,180,3.0,0,0,505.5,442.5,63.0,0.0,21,True,0,270.0
cluster_829,ORANGE,RED,0,180,3.0,0,0,226.5,160.5,66.0,0.0,43,True,0,270.0
cluster_829,ORANGE,RED,1,180,3.0,0,0,517.0,451.0,66.0,0.0,44,True,0,270.0
cluster_829,RED,ORANGE,0,180,3.0,0,0,10236.5,10533.5,0.0,297.0,99,True,0,270.0
cluster_876,GREEN,ORANGE,0,180,3.0,0,0,1291.5,1619.5,0.0,328.0,116,True,0,270.0
cluster_876,ORANGE,GREEN,0,180,3.0,0,53,1238.0,2170.0,0.0,932.0,114,True,0,270.0
cluster_876,ORANGE,GREEN,1,180,3.0,0,0,862.5,711.5,151.0,0.0,113,True,0,270.0
cluster_876,ORANGE,ORANGE,0,180,3.0,0,51,787.5,952.5,0.0,165.0,55,True,0,270.0
cluster_876,ORANGE,ORANGE,1,180,3.0,0,50,207.0,1057.5,0.0,850.5,56,True,0,270.0
cluster_876,ORANGE,TRE,0,180,3.0,0,0,2586.5,2430.5,156.0,0.0,104,True,0,270.0
cluster_876,ORANGE,TRE,1,180,3.0,0,0,2640.0,2478.0,162.0,0.0,109,True,0,270.0
cluster_876,TRE,ORANGE,0,180,3.0,16,0,697.0,535.0,162.0,0.0,56,True,0,270.0
cluster_9,001,ORANGE,0,180,3.0,84,0,7119.1,6525.1,594.0,0.0,1154,True,0,270.0
cluster_9,003,ORANGE,0,180,3.0,36,0,10649.6,10269.0,380.6,0.0,1871,True,0,270.0
cluster_9,009,ORANGE,0,180,3.0,0,24,6397.3,6397.2,0.2,0.0,1144,True,0,270.0
cluster_9,013,ORANGE,0,180,3.0,0,9,6304.4,8196.6,0.0,1892.3,1200,True,0,270.0
cluster_9,016,ORANGE,0,180,3.0,0,2,2436.9,2550.3,0.0,113.4,683,True,0,270.0
cluster_9,018,ORANGE,0,180,3.0,0,71,5385.7,5538.0,0.0,152.3,638,True,0,270.0
cluster_9,102,ORANGE,0,180,3.0,0,16,3280.0,3998.3,0.0,718.4,772,True,0,270.0
cluster_9,103,ORANGE,0,180,3.0,17,0,2896.9,2591.0,305.9,0.0,532,True,0,270.0
cluster_9,106,ORANGE,0,180,3.0,209,0,6114.6,4038.6,2076.0,0.0,1012,True,0,270.0
cluster_9,109,ORANGE,0,180,3.0,0,41,5105.9,5236.6,0.0,130.7,789,True,0,270.0
cluster_9,128,ORANGE,0,180,3.0,62,0,6312.5,5958.5,354.0,0.0,990,True,0,270.0
cluster_9,145,ORANGE,0,180,3.0,0,19,4306.1,4577.8,0.0,271.6,836,True,0,270.0
cluster_9,147,ORANGE,0,180,3.0,16,0,6164.5,5140.5,1024.0,0.0,828,True,0,270.0
cluster_9,205,ORANGE,0,180,3.0,0,26,1901.9,2160.9,0.0,259.0,372,True,0,270.0
cluster_9,207,ORANGE,0,180,3.0,40,0,4438.6,4262.2,176.4,0.0,724,True,0,270.0
cluster_9,214,ORANGE,0,180,3.0,0,5,2808.4,3311.2,0.0,502.9,643,True,0,270.0
cluster_9,224,ORANGE,0,180,3.0,39,0,2462.4,2179.4,283.0,0.0,460,True,0,270.0
cluster_9,230,ORANGE,0,180,3.0,58,0,3685.3,2910.3,775.0,0.0,551,True,0,270.0
cluster_9,237,ORANGE,0,180,3.0,13,0,4158.0,4380.0,0.0,222.0,687,True,0,270.0
cluster_9,239,ORANGE,0,180,3.0,0,58,3201.9,4147.9,0.0,946.0,533,True,0,270.0
cluster_9,249,ORANGE,0,180,3.0,30,0,2545.4,2151.0,394.3,0.0,384,True,0,270.0
cluster_9,306,ORANGE,0,180,3.0,0,31,3806.3,4576.3,0.0,770.0,668,True,0,270.0
cluster_9,308,ORANGE,0,180,3.0,35,0,5139.6,5113.6,26.0,0.0,1046,True,0,270.0
cluster_9,421,ORANGE,0,180,3.0,12,0,254.0,166.0,88.0,0.0,42,True,0,270.0
cluster_9,425,ORANGE,0,180,3.0,0,24,5035.2,5347.2,0.0,312.0,1032,True,0,270.0
cluster_9,620,ORANGE,0,180,3.0,52,0,854.0,398.0,456.0,0.0,110,True,0,270.0
cluster_9,BLUE,ORANGE,0,180,3.0,0,51,3768.5,4241.5,0.0,473.0,596,True,0,270.0
cluster_9,GREEN,ORANGE,0,180,3.0,57,0,2726.5,1936.5,790.0,0.0,467,True,0,270.0
cluster_9,ORANGE,001,0,180,3.0,0,0,1281.0,1188.1,92.9,0.0,452,True,0,270.0
cluster_9,ORANGE,001,1,180,3.0,0,1,1338.1,1292.8,45.3,0.0,455,True,0,270.0
cluster_9,ORANGE,003,0,180,3.0,3,0,593.2,541.0,52.2,0.0,455,True,0,270.0
cluster_9,ORANGE,003,1,180,3.0,1,0,800.1,826.6,0.0,26.5,449,True,0,270.0
cluster_9,ORANGE,009,0,180,3.0,2,0,1665.4,1642.1,23.2,0.0,448,True,0,270.0
cluster_9,ORANGE,009,1,180,3.0,2,0,1740.2,1635.2,105.0,0.0,451,True,0,270.0
cluster_9,ORANGE,013,0,180,3.0,52,0,2513.6,2185.7,327.9,0.0,449,True,0,270.0
cluster_9,ORANGE,013,1,180,3.0,0,2,2101.1,1908.3,192.8,0.0,448,True,0,270.0
cluster_9,ORANGE,016,0,180,3.0,0,7,2451.3,2695.7,0.0,244.4,450,True,0,270.0
cluster_9,ORANGE,016,1,180,3.0,27,0,2500.3,2393.9,106.4,0.0,448,True,0,270.0
cluster_9,ORANGE,018,0,180,3.0,0,12,2364.1,2235.3,128.8,0.0,449,True,0,270.0
cluster_9,ORANGE,018,1,180,3.0,5,0,2997.8,2862.3,135.5,0.0,451,True,0,270.0
cluster_9,ORANGE,102,0,180,3.0,7,0,2896.0,2724.0,172.0,0.0,448,True,0,270.0
cluster_9,ORANGE,102,1,180,3.0,23,0,3706.3,3646.9,59.4,0.0,444,True,0,270.0
cluster_9,ORANGE,103,0,180,3.0,16,0,2985.0,2938.4,46.6,0.0,443,True,0,270.0
cluster_9,ORANGE,103,1,180,3.0,0,15,3301.7,3612.1,0.0,310.5,444,True,0,270.0
cluster_9,ORANGE,106,0,180,3.0,0,5,3503.0,3778.8,0.0,275.8,451,True,0,270.0
cluster_9,ORANGE,106,1,180,3.0,0,13,3613.5,4043.4,0.0,429.9,448,True,0,270.0
cluster_9,ORANGE,109,0,180,3.0,0,7,3258.8,3109.5,149.3,0.0,452,True,0,270.0
cluster_9,ORANGE,109,1,180,3.0,18,0,4066.2,3934.8,131.5,0.0,444,True,0,270.0
cluster_9,ORANGE,128,0,180,3.0,0,9,3432.6,3621.1,0.0,188.5,453,True,0,270.0
cluster_9,ORANGE,128,1,180,3.0,10,0,4306.6,4259.1,47.5,0.0,449,True,0,270.0
cluster_9,ORANGE,145,0,180,3.0,0,5,3185.0,3124.9,60.1,0.0,452,True,0,270.0
cluster_9,ORANGE,145,1,180,3.0,14,0,3569.3,3627.7,0.0,58.4,444,True,0,270.0
cluster_9,ORANGE,147,0,180,3.0,0,15,2917.4,3111.2,0.0,193.8,452,True,0,270.0
cluster_9,ORANGE,147,1,180,3.0,0,13,2886.2,2974.8,0.0,88.5,444,True,0,270.0
cluster_9,ORANGE,205,0,180,3.0,0,12,6396.5,6675.6,0.0,279.1,452,True,0,270.0
cluster_9,ORANGE,205,1,180,3.0,2,0,6447.9,6333.1,114.8,0.0,446,True,0,270.0
cluster_9,ORANGE,207,0,180,3.0,0,4,6066.6,6033.0,33.6,0.0,443,True,0,270.0
cluster_9,ORANGE,207,1,180,3.0,0,0,7908.5,7671.8,236.6,0.0,440,True,0,270.0
cluster_9,ORANGE,214,0,180,3.0,8,0,4641.5,4734.0,0.0,92.5,447,True,0,270.0
cluster_9,ORANGE,214,1,180,3.0,17,0,5486.2,5220.7,265.5,0.0,441,True,0,270.0
cluster_9,ORANGE,224,0,180,3.0,0,8,3038.9,3168.1,0.0,129.2,446,True,0,270.0
cluster_9,ORANGE,224,1,180,3.0,9,0,8577.0,8911.0,0.0,334.0,436,True,0,270.0
cluster_9,ORANGE,230,0,180,3.0,0,7,5151.6,5311.6,0.0,160.0,444,True,0,270.0
cluster_9,ORANGE,230,1,180,3.0,11,0,5583.8,5796.5,0.0,212.7,444,True,0,270.0
cluster_9,ORANGE,237,0,180,3.0,0,5,5729.1,5565.8,163.4,0.0,440,True,0,270.0
cluster_9,ORANGE,237,1,180,3.0,8,0,4119.2,4117.6,1.6,0.0,443,True,0,270.0
cluster_9,ORANGE,239,0,180,3.0,0,5,5985.1,5759.0,226.1,0.0,433,True,0,270.0
cluster_9,ORANGE,239,1,180,3.0,2,0,6810.2,6480.2,329.9,0.0,438,True,0,270.0
cluster_9,ORANGE,249,0,180,3.0,0,3,6513.0,6171.6,341.4,0.0,443,True,0,270.0
cluster_9,ORANGE,249,1,180,3.0,1,0,5634.7,5806.4,0.0,171.6,440,True,0,270.0
cluster_9,ORANGE,306,0,180,3.0,0,1,13994.5,13699.9,294.5,0.0,319,True,0,270.0
cluster_9,ORANGE,306,1,180,3.0,0,1,14464.5,14223.1,241.3,0.0,314,True,0,270.0
cluster_9,ORANGE,308,0,180,3.0,0,0,22634.4,22428.4,206.0,0.0,332,True,0,270.0
cluster_9,ORANGE,308,1,180,3.0,1,0,17254.5,17089.1,165.3,0.0,350,True,0,270.0
cluster_9,ORANGE,421,0,180,3.0,18,0,15040.0,14560.0,480.0,0.0,320,True,0,270.0
cluster_9,ORANGE,421,1,180,3.0,0,0,14570.0,14630.0,0.0,60.0,320,True,0,270.0
cluster_9,ORANGE,425,0,180,3.0,0,23,1003.1,1201.2,0.0,198.1,341,True,0,270.0
cluster_9,ORANGE,425,1,180,3.0,0,1,718.0,578.9,139.1,0.0,358,True,0,270.0
cluster_9,ORANGE,620,0,180,3.0,0,49,3456.0,4865.0,0.0,1409.0,422,True,0,270.0
cluster_9,ORANGE,620,1,180,3.0,0,1,4364.0,3775.0,589.0,0.0,423,True,0,270.0
cluster_9,ORANGE,BLUE,0,180,3.0,54,0,1874.0,1210.0,664.0,0.0,464,True,0,270.0
cluster_9,ORANGE,BLUE,1,180,3.0,0,0,2057.0,1937.5,119.5,0.0,454,True,0,270.0
cluster_9,ORANGE,GREEN,0,180,3.0,2,0,2338.0,2152.0,186.0,0.0,455,True,0,270.0
cluster_9,ORANGE,GREEN,1,180,3.0,0,55,1983.0,3022.0,0.0,1039.0,454,True,0,270.0
cluster_9,ORANGE,ORANGE,0,180,3.0,0,2,1030.0,1671.0,0.0,641.0,220,True,0,270.0
cluster_9,ORANGE,ORANGE,1,180,3.0,0,0,1372.0,726.5,645.5,0.0,220,True,0,270.0
cluster_9,ORANGE,RED,0,180,3.0,1,0,1926.5,1534.0,392.5,0.0,452,True,0,270.0
cluster_9,ORANGE,RED,1,180,3.0,0,48,1736.5,2050.0,0.0,313.5,452,True,0,270.0
cluster_9,ORANGE,TRE,0,180,3.0,18,0,9698.0,9074.0,624.0,0.0,416,True,0,270.0
cluster_9,ORANGE,TRE,1,180,3.0,0,0,9349.0,9508.0,0.0,159.0,436,True,0,270.0
cluster_9,RED,ORANGE,0,180,3.0,50,0,4308.0,3224.0,1084.0,0.0,578,True,0,270.0
cluster_9,TRE,ORANGE,0,180,3.0,17,0,393.0,258.0,135.0,0.0,56,True,0,270.0
cluster_928,005,ORANGE,0,180,3.0,7,0,1584.0,1547.0,37.0,0.0,151,True,0,270.0
cluster_928,103,ORANGE,0,180,3.0,0,0,815.0,862.0,0.0,47.0,89,True,0,270.0
cluster_928,207,ORANGE,0,180,3.0,1,0,1118.3,1111.3,7.0,0.0,106,True,0,270.0
cluster_928,GREEN,ORANGE,0,180,3.0,2,0,1526.5,1824.5,0.0,298.0,116,True,0,270.0
cluster_928,ORANGE,005,0,180,3.0,17,0,1076.5,902.5,174.0,0.0,115,True,0,270.0
cluster_928,ORANGE,005,1,180,3.0,0,10,910.5,1011.5,0.0,101.0,115,True,0,270.0
cluster_928,ORANGE,103,0,180,3.0,0,10,1016.5,1144.5,0.0,128.0,110,True,0,270.0
cluster_928,ORANGE,103,1,180,3.0,10,0,1699.5,1570.5,129.0,0.0,109,True,0,270.0
cluster_928,ORANGE,207,0,180,3.0,0,3,2514.8,2532.8,0.0,18.0,109,True,0,270.0
cluster_928,ORANGE,207,1,180,3.0,0,0,2563.9,2467.2,96.7,0.0,108,True,0,270.0
cluster_928,ORANGE,GREEN,0,180,3.0,0,53,458.0,1390.0,0.0,932.0,114,True,0,270.0
cluster_928,ORANGE,GREEN,1,180,3.0,2,0,659.5,488.5,171.0,0.0,112,True,0,270.0
cluster_928,ORANGE,ORANGE,0,180,3.0,47,0,1051.5,234.5,817.0,0.0,56,True,0,270.0
cluster_928,ORANGE,ORANGE,1,180,3.0,47,0,894.5,756.5,138.0,0.0,56,True,0,270.0
cluster_929,306,ORANGE,0,180,3.0,0,0,397.0,483.0,0.0,86.0,42,True,0,270.0
cluster_929,GREEN,ORANGE,0,180,3.0,0,2,1002.5,1350.5,0.0,348.0,116,True,0,270.0
cluster_929,ORANGE,306,0,180,3.0,0,1,4229.0,4155.0,74.0,0.0,80,True,0,270.0
cluster_929,ORANGE,306,1,180,3.0,1,0,4192.5,4075.5,117.0,0.0,77,True,0,270.0
cluster_929,ORANGE,GREEN,0,180,3.0,0,53,910.0,1842.0,0.0,932.0,114,True,0,270.0
cluster_929,ORANGE,GREEN,1,180,3.0,0,2,1126.5,1006.5,120.0,0.0,113,True,0,270.0
cluster_929,ORANGE,ORANGE,0,180,3.0,4,0,545.5,622.5,0.0,77.0,56,True,0,270.0
cluster_929,ORANGE,ORANGE,1,180,3.0,4,0,540.5,372.5,168.0,0.0,56,True,0,270.0
cluster_960,ORANGE,ORANGE,0,180,3.0,0,1,653.0,773.0,0.0,120.0,59,True,0,270.0
cluster_960,ORANGE,ORANGE,1,180,3.0,0,2,423.5,363.0,60.5,0.0,60,True,0,270.0
cluster_961,229,ORANGE,0,180,3.0,0,5,641.0,625.0,16.0,0.0,65,True,0,270.0
cluster_961,231,ORANGE,0,180,3.0,0,11,556.0,731.0,0.0,175.0,64,True,0,270.0
cluster_961,ORANGE,229,0,180,3.0,0,13,1900.0,2299.0,0.0,399.0,113,True,0,270.0
cluster_961,ORANGE,229,1,180,3.0,7,0,2532.0,2361.0,171.0,0.0,114,True,0,270.0
cluster_961,ORANGE,231,0,180,3.0,0,7,1958.0,2087.0,0.0,129.0,114,True,0,270.0
cluster_961,ORANGE,231,1,180,3.0,0,3,2379.0,2318.0,61.0,0.0,115,True,0,270.0
cluster_961,ORANGE,ORANGE,0,180,3.0,3,0,318.5,409.5,0.0,91.0,60,True,0,270.0
cluster_961,ORANGE,ORANGE,1,180,3.0,3,0,824.0,641.0,183.0,0.0,61,True,0,270.0
cluster_962,ORANGE,ORANGE,0,180,3.0,0,46,852.5,1035.5,0.0,183.0,61,True,0,270.0
cluster_962,ORANGE,ORANGE,1,180,3.0,0,46,211.5,950.5,0.0,739.0,61,True,0,270.0
cluster_1,027,RED,0,-180,-3.0,0,117,7398.2,12270.7,0.0,4872.5,855,True,0,240.0
cluster_1,ORANGE,RED,0,-180,-3.0,1,0,1228.0,910.0,318.0,0.0,106,True,0,240.0
cluster_1,RED,027,0,-180,-3.0,48,0,888.0,278.8,609.1,0.0,114,True,0,240.0
cluster_1,RED,027,1,-180,-3.0,8,0,725.4,645.0,80.3,0.0,113,True,0,240.0
cluster_1,RED,ORANGE,0,-180,-3.0,0,0,1190.0,1346.0,0.0,156.0,103,True,0,240.0
cluster_1,RED,ORANGE,1,-180,-3.0,0,0,611.5,768.0,0.0,156.5,106,True,0,240.0
cluster_1,RED,RED,0,-180,-3.0,0,0,436.5,265.5,171.0,0.0,57,True,0,240.0
cluster_1,RED,RED,1,-180,-3.0,0,0,579.0,750.0,0.0,171.0,57,True,0,240.0
cluster_1062,ORANGE,RED,0,-180,-3.0,0,0,459.0,330.0,129.0,0.0,43,True,0,240.0
cluster_1062,RED,ORANGE,0,-180,-3.0,0,0,10832.0,10979.0,0.0,147.0,99,True,0,240.0
cluster_1062,RED,ORANGE,1,-180,-3.0,0,0,8118.0,8238.0,0.0,120.0,81,True,0,240.0
cluster_1062,RED,RED,0,-180,-3.0,0,1,242.5,100.0,142.5,0.0,55,True,0,240.0
cluster_1062,RED,RED,1,-180,-3.0,0,1,730.5,898.5,0.0,168.0,56,True,0,240.0
cluster_14,018,RED,0,-180,-3.0,0,0,2.9,2.4,0.6,0.0,3,True,0,240.0
cluster_14,RED,018,0,-180,-3.0,0,0,3.0,9.0,0.0,6.0,2,True,0,240.0
cluster_14,RED,018,1,-180,-3.0,0,0,0.5,1.7,0.0,1.2,1,True,0,240.0
cluster_14,RED,023,0,-180,-3.0,0,0,10.6,16.6,0.0,6.0,2,True,0,240.0
cluster_14,RED,023,1,-180,-3.0,0,0,0.7,3.7,0.0,3.0,2,True,0,240.0
cluster_14,RED,BLUE,0,-180,-3.0,0,0,24.0,30.0,0.0,6.0,2,True,0,240.0
cluster_14,RED,GREEN,1,-180,-3.0,0,0,17.0,23.0,0.0,6.0,2,True,0,240.0
cluster_14,RED,ORANGE,0,-180,-3.0,0,1,44.0,50.0,0.0,6.0,2,True,0,240.0
cluster_147,215,RED,0,-180,-3.0,86,0,5505.5,5209.0,296.5,0.0,408,True,0,240.0
cluster_147,217,RED,0,-180,-3.0,183,0,7954.7,6912.0,1042.7,0.0,571,True,0,240.0
cluster_147,226,RED,0,-180,-3.0,0,6,569.0,631.0,0.0,62.0,56,True,0,240.0
cluster_147,BLUE,RED,0,-180,-3.0,0,2,1593.5,1284.5,309.0,0.0,118,True,0,240.0
cluster_147,RED,215,0,-180,-3.0,23,0,1778.6,1134.7,643.8,0.0,113,True,0,240.0
cluster_147,RED,215,1,-180,-3.0,2,0,1344.4,1391.9,0.0,47.5,114,True,0,240.0
cluster_147,RED,217,0,-180,-3.0,7,0,1369.7,1228.8,140.9,0.0,115,True,0,240.0
cluster_147,RED,217,1,-180,-3.0,9,0,1292.6,1105.2,187.4,0.0,112,True,0,240.0
cluster_147,RED,226,0,-180,-3.0,0,15,3042.5,3210.5,0.0,168.0,113,True,0,240.0
cluster_147,RED,226,1,-180,-3.0,0,1,2067.5,2235.5,0.0,168.0,114,True,0,240.0
cluster_147,RED,BLUE,0,-180,-3.0,0,1,621.5,795.5,0.0,174.0,117,True,0,240.0
cluster_147,RED,BLUE,1,-180,-3.0,0,1,476.5,653.5,0.0,177.0,121,True,0,240.0
cluster_147,RED,RED,0,-180,-3.0,48,0,1062.0,885.0,177.0,0.0,59,True,0,240.0
cluster_147,RED,RED,1,-180,-3.0,0,45,936.5,1072.0,0.0,135.5,59,True,0,240.0
cluster_15,009,RED,0,-180,-3.0,25,0,6068.8,5716.2,352.5,0.0,580,True,0,240.0
cluster_15,147,RED,0,-180,-3.0,28,0,6831.3,6949.8,0.0,118.5,598,True,0,240.0
cluster_15,219,RED,0,-180,-3.0,0,72,8236.8,8954.8,0.0,718.0,934,True,0,240.0
cluster_15,226,RED,0,-180,-3.0,36,0,11063.4,10409.8,653.6,0.0,980,True,0,240.0
cluster_15,RED,009,0,-180,-3.0,0,1,861.5,882.7,0.0,21.2,114,True,0,240.0
cluster_15,RED,009,1,-180,-3.0,3,0,772.3,789.4,0.0,17.1,115,True,0,240.0
cluster_15,RED,147,0,-180,-3.0,9,0,1195.9,1097.0,98.9,0.0,115,True,0,240.0
cluster_15,RED,147,1,-180,-3.0,0,3,1154.3,1120.9,33.4,0.0,113,True,0,240.0
cluster_15,RED,219,0,-180,-3.0,9,0,2188.4,1695.6,492.8,0.0,115,True,0,240.0
cluster_15,RED,219,1,-180,-3.0,0,5,1986.0,2141.9,0.0,155.9,114,True,0,240.0
cluster_15,RED,226,0,-180,-3.0,0,5,1475.0,1618.4,0.0,143.4,113,True,0,240.0
cluster_15,RED,226,1,-180,-3.0,0,6,1731.7,1835.4,0.0,103.7,113,True,0,240.0
cluster_15,RED,RED,0,-180,-3.0,6,0,565.5,391.5,174.0,0.0,58,True,0,240.0
cluster_15,RED,RED,1,-180,-3.0,5,0,585.0,615.5,0.0,30.5,57,True,0,240.0
cluster_191,025,RED,0,-180,-3.0,0,26,6386.8,5428.0,958.8,0.0,585,True,0,240.0
cluster_191,057,RED,0,-180,-3.0,249,0,22263.3,21585.0,678.2,0.0,1927,True,0,240.0
cluster_191,104,RED,0,-180,-3.0,0,77,3922.7,4276.8,0.0,354.1,496,True,0,240.0
cluster_191,108,RED,0,-180,-3.0,21,0,4140.7,3966.7,174.0,0.0,418,True,0,240.0
cluster_191,221,RED,0,-180,-3.0,25,0,6464.2,5357.8,1106.5,0.0,609,True,0,240.0
cluster_191,223,RED,0,-180,-3.0,0,0,2913.7,2583.7,330.0,0.0,270,True,0,240.0
cluster_191,226,RED,0,-180,-3.0,0,53,2022.9,2915.4,0.0,892.5,220,True,0,240.0
cluster_191,RED,025,0,-180,-3.0,0,6,244.5,421.5,0.0,177.0,118,True,0,240.0
cluster_191,RED,025,1,-180,-3.0,0,1,663.5,819.8,0.0,156.2,116,True,0,240.0
cluster_191,RED,057,0,-180,-3.0,0,0,485.4,430.6,54.8,0.0,118,True,0,240.0
cluster_191,RED,057,1,-180,-3.0,6,0,595.4,322.9,272.5,0.0,114,True,0,240.0
cluster_191,RED,104,0,-180,-3.0,28,0,1295.8,959.5,336.3,0.0,113,True,0,240.0
cluster_191,RED,104,1,-180,-3.0,5,0,693.4,716.5,0.0,23.1,111,True,0,240.0
cluster_191,RED,108,0,-180,-3.0,10,0,1427.6,1317.8,109.8,0.0,114,True,0,240.0
cluster_191,RED,108,1,-180,-3.0,8,0,1304.7,1254.9,49.8,0.0,116,True,0,240.0
cluster_191,RED,221,0,-180,-3.0,8,0,2003.3,1752.0,251.3,0.0,115,True,0,240.0
cluster_191,RED,221,1,-180,-3.0,6,0,1692.7,1689.5,3.2,0.0,113,True,0,240.0
cluster_191,RED,223,0,-180,-3.0,0,0,2477.5,2634.8,0.0,157.2,110,True,0,240.0
cluster_191,RED,223,1,-180,-3.0,0,1,2296.4,2328.0,0.0,31.6,111,True,0,240.0
cluster_191,RED,226,0,-180,-3.0,0,7,1999.0,2167.0,0.0,168.0,112,True,0,240.0
cluster_191,RED,226,1,-180,-3.0,0,8,2904.5,2876.4,28.2,0.0,113,True,0,240.0
cluster_191,RED,RED,0,-180,-3.0,46,0,943.0,769.0,174.0,0.0,58,True,0,240.0
cluster_191,RED,RED,1,-180,-3.0,47,0,995.0,219.0,776.0,0.0,58,True,0,240.0
cluster_22,023,RED,0,-180,-3.0,0,104,12097.3,13654.9,0.0,1557.6,1400,True,0,240.0
cluster_22,103,RED,0,-180,-3.0,89,0,6969.8,5388.8,1581.0,0.0,667,True,0,240.0
cluster_22,207,RED,0,-180,-3.0,0,7,9190.6,9103.2,87.5,0.0,799,True,0,240.0
cluster_22,237,RED,0,-180,-3.0,5,0,7302.9,7199.7,103.2,0.0,608,True,0,240.0
cluster_22,425,RED,0,-180,-3.0,22,0,8463.7,8016.7,447.0,0.0,849,True,0,240.0
cluster_22,BLUE,RED,0,-180,-3.0,0,2,1758.0,1461.5,296.5,0.0,117,True,0,240.0
cluster_22,ORANGE,RED,0,-180,-3.0,0,0,1056.0,738.0,318.0,0.0,106,True,0,240.0
cluster_22,RED,023,0,-180,-3.0,5,0,584.1,227.4,356.6,0.0,116,True,0,240.0
cluster_22,RED,023,1,-180,-3.0,0,1,587.3,652.6,0.0,65.2,115,True,0,240.0
cluster_22,RED,103,0,-180,-3.0,0,0,863.0,994.9,0.0,131.8,110,True,0,240.0
cluster_22,RED,103,1,-180,-3.0,9,0,1350.6,1226.8,123.8,0.0,110,True,0,240.0
cluster_22,RED,207,0,-180,-3.0,3,0,2028.7,1894.3,134.3,0.0,110,True,0,240.0
cluster_22,RED,207,1,-180,-3.0,0,1,1960.5,2032.2,0.0,71.8,111,True,0,240.0
cluster_22,RED,237,0,-180,-3.0,0,4,1127.6,1232.4,0.0,104.7,110,True,0,240.0
cluster_22,RED,237,1,-180,-3.0,0,0,1333.6,1262.6,71.0,0.0,110,True,0,240.0
cluster_22,RED,425,0,-180,-3.0,2,0,374.4,392.1,0.0,17.6,88,True,0,240.0
cluster_22,RED,425,1,-180,-3.0,0,0,229.1,254.5,0.0,25.3,88,True,0,240.0
cluster_22,RED,BLUE,0,-180,-3.0,0,1,646.0,817.0,0.0,171.0,113,True,0,240.0
cluster_22,RED,BLUE,1,-180,-3.0,47,0,1233.5,451.5,782.0,0.0,114,True,0,240.0
cluster_22,RED,ORANGE,0,-180,-3.0,0,0,1005.0,1161.0,0.0,156.0,103,True,0,240.0
cluster_22,RED,ORANGE,1,-180,-3.0,0,0,742.0,901.0,0.0,159.0,106,True,0,240.0
cluster_22,RED,RED,0,-180,-3.0,0,48,239.5,1085.5,0.0,846.0,58,True,0,240.0
cluster_22,RED,RED,1,-180,-3.0,0,49,815.0,950.5,0.0,135.5,57,True,0,240.0
cluster_29,RED,018,1,-180,-3.0,0,0,0.0,0.1,0.0,0.1,0,True,0,240.0
cluster_29,RED,023,0,-180,-3.0,0,0,5.0,8.0,0.0,3.0,1,True,0,240.0
cluster_29,RED,BLUE,0,-180,-3.0,0,0,13.0,16.0,0.0,3.0,1,True,0,240.0
cluster_29,RED,GREEN,1,-180,-3.0,1,0,29.5,2.5,27.0,0.0,1,True,0,240.0
cluster_29,RED,ORANGE,0,-180,-3.0,0,0,23.0,26.0,0.0,3.0,1,True,0,240.0
cluster_30,009,RED,0,-180,-3.0,0,5,4954.6,4899.3,55.3,0.0,506,True,0,240.0
cluster_30,101,RED,0,-180,-3.0,50,0,19339.8,19941.3,0.0,601.5,1567,True,0,240.0
cluster_30,226,RED,0,-180,-3.0,0,41,3172.7,3320.2,0.0,147.5,330,True,0,240.0
cluster_30,RED,009,0,-180,-3.0,7,0,817.1,786.2,30.8,0.0,115,True,0,240.0
cluster_30,RED,009,1,-180,-3.0,0,8,843.1,916.1,0.0,73.0,114,True,0,240.0
cluster_30,RED,101,0,-180,-3.0,8,0,816.1,669.8,146.3,0.0,117,True,0,240.0
cluster_30,RED,101,1,-180,-3.0,0,6,492.6,577.6,0.0,85.1,113,True,0,240.0
cluster_30,RED,226,0,-180,-3.0,0,8,2180.9,2348.9,0.0,168.0,112,True,0,240.0
cluster_30,RED,226,1,-180,-3.0,0,1,2560.8,2692.0,0.0,131.2,112,True,0,240.0
cluster_30,RED,RED,0,-180,-3.0,0,45,305.5,1059.0,0.0,753.5,58,True,0,240.0
cluster_30,RED,RED,1,-180,-3.0,1,0,731.5,879.0,0.0,147.5,58,True,0,240.0
cluster_52,145,RED,0,-180,-3.0,105,0,6004.9,4804.2,1200.7,0.0,460,True,0,240.0
cluster_52,RED,145,0,-180,-3.0,11,0,1446.2,1280.4,165.8,0.0,115,True,0,240.0
cluster_52,RED,145,1,-180,-3.0,14,0,1479.7,1262.0,217.7,0.0,112,True,0,240.0
cluster_52,RED,RED,0,-180,-3.0,0,2,769.0,637.5,131.5,0.0,58,True,0,240.0
cluster_52,RED,RED,1,-180,-3.0,0,1,214.0,385.0,0.0,171.0,57,True,0,240.0
cluster_527,200,RED,0,-180,-3.0,27,0,5164.3,4296.3,868.0,0.0,416,True,0,240.0
cluster_527,202,RED,0,-180,-3.0,12,0,4086.4,3556.4,530.0,0.0,320,True,0,240.0
cluster_527,250,RED,0,-180,-3.0,34,0,5345.1,4681.1,664.0,0.0,448,True,0,240.0
cluster_527,ORANGE,RED,0,-180,-3.0,0,1,439.0,337.0,102.0,0.0,44,True,0,240.0
cluster_527,RED,200,0,-180,-3.0,0,1,1580.5,1737.1,0.0,156.6,112,True,0,240.0
cluster_527,RED,200,1,-180,-3.0,2,0,1524.9,1602.8,0.0,77.9,112,True,0,240.0
cluster_527,RED,202,0,-180,-3.0,0,1,1602.9,1712.6,0.0,109.7,111,True,0,240.0
cluster_527,RED,202,1,-180,-3.0,2,0,1533.3,1621.6,0.0,88.3,111,True,0,240.0
cluster_527,RED,250,0,-180,-3.0,0,6,1178.6,1283.7,0.0,105.1,112,True,0,240.0
cluster_527,RED,250,1,-180,-3.0,3,0,1439.6,1531.3,0.0,91.7,112,True,0,240.0
cluster_527,RED,ORANGE,0,-180,-3.0,0,0,10745.5,10892.5,0.0,147.0,98,True,0,240.0
cluster_527,RED,ORANGE,1,-180,-3.0,0,1,8168.0,8288.0,0.0,120.0,81,True,0,240.0
cluster_527,RED,RED,0,-180,-3.0,0,49,197.0,1036.5,0.0,839.5,56,True,0,240.0
cluster_527,RED,RED,1,-180,-3.0,0,49,836.0,1007.0,0.0,171.0,57,True,0,240.0
cluster_6,003,RED,0,-180,-3.0,61,0,5401.7,5147.4,254.3,0.0,576,True,0,240.0
cluster_6,017,RED,0,-180,-3.0,0,19,15483.0,16386.8,0.0,903.8,1676,True,0,240.0
cluster_6,205,RED,0,-180,-3.0,30,0,1129.3,966.3,163.0,0.0,95,True,0,240.0
cluster_6,249,RED,0,-180,-3.0,0,26,1282.6,1561.1,0.0,278.5,189,True,0,240.0
cluster_6,440,RED,0,-180,-3.0,0,80,18146.0,19290.0,0.0,1144.0,2304,True,0,240.0
cluster_6,442,RED,0,-180,-3.0,38,0,1242.4,918.4,324.0,0.0,108,True,0,240.0
cluster_6,BLUE,RED,0,-180,-3.0,4,0,1277.0,980.5,296.5,0.0,117,True,0,240.0
cluster_6,ORANGE,RED,0,-180,-3.0,0,47,1057.0,1501.5,0.0,444.5,212,True,0,240.0
cluster_6,RED,003,0,-180,-3.0,0,1,987.1,1040.7,0.0,53.5,226,True,0,240.0
cluster_6,RED,003,1,-180,-3.0,0,10,1649.5,1676.6,0.0,27.0,226,True,0,240.0
cluster_6,RED,017,0,-180,-3.0,1,0,880.9,983.2,0.0,102.3,232,True,0,240.0
cluster_6,RED,017,1,-180,-3.0,0,0,917.5,837.5,80.0,0.0,228,True,0,240.0
cluster_6,RED,205,0,-180,-3.0,0,0,4398.5,4176.0,222.5,0.0,224,True,0,240.0
cluster_6,RED,205,1,-180,-3.0,5,0,4103.7,3838.0,265.8,0.0,223,True,0,240.0
cluster_6,RED,249,0,-180,-3.0,0,21,3842.5,4166.5,0.0,324.0,217,True,0,240.0
cluster_6,RED,249,1,-180,-3.0,6,0,3641.5,3614.3,27.1,0.0,220,True,0,240.0
cluster_6,RED,440,0,-180,-3.0,0,0,114.3,83.2,31.2,0.0,180,True,0,240.0
cluster_6,RED,440,1,-180,-3.0,6,0,442.9,444.0,0.0,1.2,178,True,0,240.0
cluster_6,RED,442,0,-180,-3.0,20,0,1609.8,1354.3,255.5,0.0,210,True,0,240.0
cluster_6,RED,BLUE,0,-180,-3.0,0,1,1990.5,2332.5,0.0,342.0,226,True,0,240.0
cluster_6,RED,BLUE,1,-180,-3.0,7,0,1772.5,1927.0,0.0,154.5,229,True,0,240.0
cluster_6,RED,ORANGE,0,-180,-3.0,0,0,886.0,1196.0,0.0,310.0,207,True,0,240.0
cluster_6,RED,ORANGE,1,-180,-3.0,0,96,2084.0,2374.5,0.0,290.5,212,True,0,240.0
cluster_6,RED,RED,0,-180,-3.0,0,4,1250.0,1036.0,214.0,0.0,114,True,0,240.0
cluster_6,RED,RED,1,-180,-3.0,0,8,521.0,863.0,0.0,342.0,114,True,0,240.0
cluster_666,236,RED,0,-180,-3.0,0,23,2263.2,2446.2,0.0,183.0,284,True,0,240.0
cluster_666,247,RED,0,-180,-3.0,27,0,4973.7,4830.7,143.0,0.0,441,True,0,240.0
cluster_666,ORANGE,RED,0,-180,-3.0,0,0,522.0,393.0,129.0,0.0,43,True,0,240.0
cluster_666,RED,236,0,-180,-3.0,0,1,1791.2,1906.6,0.0,115.4,109,True,0,240.0
cluster_666,RED,236,1,-180,-3.0,0,15,1434.1,1527.1,0.0,93.0,110,True,0,240.0
cluster_666,RED,247,0,-180,-3.0,4,0,1362.0,1228.6,133.4,0.0,113,True,0,240.0
cluster_666,RED,247,1,-180,-3.0,2,0,1409.8,1398.1,11.7,0.0,110,True,0,240.0
cluster_666,RED,ORANGE,0,-180,-3.0,0,0,10981.5,11128.5,0.0,147.0,99,True,0,240.0
cluster_666,RED,ORANGE,1,-180,-3.0,0,0,7998.0,8118.0,0.0,120.0,81,True,0,240.0
cluster_666,RED,RED,0,-180,-3.0,0,0,406.0,241.0,165.0,0.0,55,True,0,240.0
cluster_666,RED,RED,1,-180,-3.0,0,0,563.5,731.5,0.0,168.0,56,True,0,240.0
cluster_666,RED,SILVER,0,-180,-3.0,0,0,2299.0,2470.0,0.0,171.0,113,True,0,240.0
cluster_666,RED,SILVER,1,-180,-3.0,10,0,2716.0,2576.0,140.0,0.0,108,True,0,240.0
cluster_666,SILVER,RED,0,-180,-3.0,11,0,720.0,552.0,168.0,0.0,56,True,0,240.0
cluster_667,017,RED,0,-180,-3.0,122,0,7630.9,8538.3,0.0,907.4,689,True,0,240.0
cluster_667,413,RED,0,-180,-3.0,5,0,538.0,592.0,0.0,54.0,52,True,0,240.0
cluster_667,417,RED,0,-180,-3.0,0,32,316.0,808.0,0.0,492.0,56,True,0,240.0
cluster_667,419,RED,0,-180,-3.0,0,20,414.0,662.0,0.0,248.0,54,True,0,240.0
cluster_667,ORANGE,RED,0,-180,-3.0,0,0,798.0,480.0,318.0,0.0,106,True,0,240.0
cluster_667,RED,017,0,-180,-3.0,48,0,1618.5,880.7,737.8,0.0,115,True,0,240.0
cluster_667,RED,017,1,-180,-3.0,0,14,1077.1,1001.9,75.2,0.0,114,True,0,240.0
cluster_667,RED,413,0,-180,-3.0,0,10,5889.0,5904.0,0.0,15.0,84,True,0,240.0
cluster_667,RED,417,0,-180,-3.0,0,16,5112.5,5238.5,0.0,126.0,85,True,0,240.0
cluster_667,RED,419,0,-180,-3.0,0,11,5954.5,6083.5,0.0,129.0,86,True,0,240.0
cluster_667,RED,ORANGE,0,-180,-3.0,0,0,745.5,901.5,0.0,156.0,104,True,0,240.0
cluster_667,RED,ORANGE,1,-180,-3.0,0,0,1029.0,1188.0,0.0,159.0,106,True,0,240.0
cluster_667,RED,RED,0,-180,-3.0,0,0,868.5,700.5,168.0,0.0,56,True,0,240.0
cluster_667,RED,RED,1,-180,-3.0,1,0,149.0,299.0,0.0,150.0,57,True,0,240.0
cluster_702,308,RED,0,-180,-3.0,0,1,894.9,768.9,126.0,0.0,102,True,0,240.0
cluster_702,BLUE,RED,0,-180,-3.0,0,51,985.0,1694.0,0.0,709.0,117,True,0,240.0
cluster_702,RED,308,0,-180,-3.0,0,7,6693.2,6814.9,0.0,121.7,80,True,0,240.0
cluster_702,RED,308,1,-180,-3.0,1,0,5205.5,5286.0,0.0,80.5,84,True,0,240.0
cluster_702,RED,BLUE,0,-180,-3.0,0,1,951.0,1128.0,0.0,177.0,116,True,0,240.0
cluster_702,RED,BLUE,1,-180,-3.0,0,49,1018.5,1159.5,0.0,141.0,114,True,0,240.0
cluster_702,RED,RED,0,-180,-3.0,2,0,491.5,323.5,168.0,0.0,57,True,0,240.0
cluster_702,RED,RED,1,-180,-3.0,1,0,569.5,680.5,0.0,111.0,57,True,0,240.0
cluster_717,020,RED,0,-180,-3.0,46,0,3100.9,2723.4,377.5,0.0,230,True,0,240.0
cluster_717,027,RED,0,-180,-3.0,0,3,1191.0,946.5,244.5,0.0,114,True,0,240.0
cluster_717,ORANGE,RED,0,-180,-3.0,0,3,1016.0,795.5,220.5,0.0,106,True,0,240.0
cluster_717,RED,020,0,-180,-3.0,0,6,697.4,669.2,28.2,0.0,114,True,0,240.0
cluster_717,RED,020,1,-180,-3.0,0,5,773.0,944.0,0.0,171.0,115,True,0,240.0
cluster_717,RED,027,0,-180,-3.0,0,4,742.5,913.5,0.0,171.0,114,True,0,240.0
cluster_717,RED,027,1,-180,-3.0,0,0,1270.5,1441.5,0.0,171.0,114,True,0,240.0
cluster_717,RED,ORANGE,0,-180,-3.0,0,0,986.0,1142.0,0.0,156.0,103,True,0,240.0
cluster_717,RED,ORANGE,1,-180,-3.0,0,3,821.0,980.0,0.0,159.0,106,True,0,240.0
cluster_717,RED,RED,0,-180,-3.0,0,48,208.5,1035.0,0.0,826.5,57,True,0,240.0
cluster_717,RED,RED,1,-180,-3.0,0,47,807.0,978.0,0.0,171.0,57,True,0,240.0
cluster_809,022,RED,0,-180,-3.0,0,16,1009.0,1026.0,0.0,17.0,114,True,0,240.0
cluster_809,241,RED,0,-180,-3.0,15,0,731.5,665.0,66.5,0.0,63,True,0,240.0
cluster_809,ORANGE,RED,0,-180,-3.0,0,47,586.0,1208.0,0.0,622.0,106,True,0,240.0
cluster_809,RED,022,0,-180,-3.0,14,0,1292.0,1133.0,159.0,0.0,115,True,0,240.0
cluster_809,RED,022,1,-180,-3.0,0,0,956.5,1127.5,0.0,171.0,114,True,0,240.0
cluster_809,RED,241,0,-180,-3.0,0,6,1809.0,1971.0,0.0,162.0,107,True,0,240.0
cluster_809,RED,241,1,-180,-3.0,21,0,2406.0,1761.0,645.0,0.0,110,True,0,240.0
cluster_809,RED,ORANGE,0,-180,-3.0,0,0,537.5,693.5,0.0,156.0,104,True,0,240.0
cluster_809,RED,ORANGE,1,-180,-3.0,0,47,1241.0,1400.0,0.0,159.0,106,True,0,240.0
cluster_809,RED,RED,0,-180,-3.0,0,3,667.0,607.5,59.5,0.0,56,True,0,240.0
cluster_809,RED,RED,1,-180,-3.0,0,2,356.0,497.0,0.0,141.0,57,True,0,240.0
cluster_810,238,RED,0,-180,-3.0,0,7,607.0,863.5,0.0,256.5,67,True,0,240.0
cluster_810,243,RED,0,-180,-3.0,0,3,651.5,562.5,89.0,0.0,63,True,0,240.0
cluster_810,244,RED,0,-180,-3.0,14,0,722.5,556.5,166.0,0.0,62,True,0,240.0
cluster_810,ORANGE,RED,0,-180,-3.0,20,0,571.0,439.0,132.0,0.0,44,True,0,240.0
cluster_810,RED,238,0,-180,-3.0,0,20,2024.5,2192.5,0.0,168.0,112,True,0,240.0
cluster_810,RED,238,1,-180,-3.0,13,0,2031.0,1689.0,342.0,0.0,111,True,0,240.0
cluster_810,RED,243,0,-180,-3.0,0,1,2205.0,2370.0,0.0,165.0,110,True,0,240.0
cluster_810,RED,243,1,-180,-3.0,0,2,2465.0,2512.0,0.0,47.0,111,True,0,240.0
cluster_810,RED,244,0,-180,-3.0,2,0,2013.5,2081.5,0.0,68.0,108,True,0,240.0
cluster_810,RED,244,1,-180,-3.0,12,0,2112.0,1793.0,319.0,0.0,107,True,0,240.0
cluster_810,RED,ORANGE,0,-180,-3.0,0,0,11039.5,11186.5,0.0,147.0,98,True,0,240.0
cluster_810,RED,ORANGE,1,-180,-3.0,19,0,8718.0,8048.0,670.0,0.0,81,True,0,240.0
cluster_810,RED,RED,0,-180,-3.0,4,0,533.0,365.0,168.0,0.0,56,True,0,240.0
cluster_810,RED,RED,1,-180,-3.0,2,0,555.5,665.0,0.0,109.5,56,True,0,240.0
cluster_811,408,RED,0,-180,-3.0,0,2,409.0,333.0,76.0,0.0,42,True,0,240.0
cluster_811,ORANGE,RED,0,-180,-3.0,0,0,279.0,150.0,129.0,0.0,43,True,0,240.0
cluster_811,RED,408,0,-180,-3.0,0,0,6206.5,6314.5,0.0,108.0,73,True,0,240.0
cluster_811,RED,408,1,-180,-3.0,0,1,5884.0,5992.0,0.0,108.0,72,True,0,240.0
cluster_811,RED,ORANGE,0,-180,-3.0,0,0,10363.0,10510.0,0.0,147.0,99,True,0,240.0
cluster_811,RED,ORANGE,1,-180,-3.0,0,0,8498.0,8618.0,0.0,120.0,81,True,0,240.0
cluster_811,RED,RED,0,-180,-3.0,0,0,711.0,543.0,168.0,0.0,56,True,0,240.0
cluster_811,RED,RED,1,-180,-3.0,0,0,247.5,415.5,0.0,168.0,56,True,0,240.0
cluster_828,232,RED,0,-180,-3.0,0,5,712.5,744.5,0.0,32.0,66,True,0,240.0
cluster_828,245,RED,0,-180,-3.0,5,0,768.5,782.5,0.0,14.0,62,True,0,240.0
cluster_828,883E,RED,0,-180,-3.0,0,15,1192.5,1422.5,0.0,230.0,130,True,0,240.0
cluster_828,ORANGE,RED,0,-180,-3.0,1,0,384.0,255.0,129.0,0.0,43,True,0,240.0
cluster_828,RED,232,0,-180,-3.0,2,0,1834.0,1798.0,36.0,0.0,108,True,0,240.0
cluster_828,RED,232,1,-180,-3.0,0,6,1687.5,1812.5,0.0,125.0,110,True,0,240.0
cluster_828,RED,245,0,-180,-3.0,0,4,1988.0,2057.0,0.0,69.0,109,True,0,240.0
cluster_828,RED,245,1,-180,-3.0,9,0,2068.0,1769.0,299.0,0.0,110,True,0,240.0
cluster_828,RED,883E,0,-180,-3.0,0,16,488.0,635.0,0.0,147.0,97,True,0,240.0
cluster_828,RED,883E,1,-180,-3.0,1,0,833.0,739.0,94.0,0.0,95,True,0,240.0
cluster_828,RED,ORANGE,0,-180,-3.0,0,0,10612.5,10759.5,0.0,147.0,99,True,0,240.0
cluster_828,RED,ORANGE,1,-180,-3.0,1,0,8318.0,8418.0,0.0,100.0,81,True,0,240.0
cluster_828,RED,RED,0,-180,-3.0,49,0,989.5,821.5,168.0,0.0,56,True,0,240.0
cluster_828,RED,RED,1,-180,-3.0,49,0,979.5,137.0,842.5,0.0,56,True,0,240.0
cluster_828,RED,SILVER,0,-180,-3.0,0,0,1854.0,2025.0,0.0,171.0,113,True,0,240.0
cluster_828,RED,SILVER,1,-180,-3.0,0,16,2737.5,2899.5,0.0,162.0,109,True,0,240.0
cluster_828,SILVER,RED,0,-180,-3.0,0,16,531.0,683.0,0.0,152.0,56,True,0,240.0
cluster_829,234,RED,0,-180,-3.0,24,0,2007.8,1982.7,25.1,0.0,157,True,0,240.0
cluster_829,236,RED,0,-180,-3.0,11,0,2956.1,3405.1,0.0,449.0,252,True,0,240.0
cluster_829,247,RED,0,-180,-3.0,11,0,2263.7,1928.7,335.0,0.0,220,True,0,240.0
cluster_829,ORANGE,RED,0,-180,-3.0,0,19,226.5,487.5,0.0,261.0,43,True,0,240.0
cluster_829,RED,234,0,-180,-3.0,12,0,1977.1,1699.3,277.8,0.0,109,True,0,240.0
cluster_829,RED,234,1,-180,-3.0,0,6,1581.0,1712.5,0.0,131.5,108,True,0,240.0
cluster_829,RED,236,0,-180,-3.0,0,2,1756.0,1857.1,0.0,101.1,108,True,0,240.0
cluster_829,RED,236,1,-180,-3.0,5,0,1843.7,1587.1,256.6,0.0,109,True,0,240.0
cluster_829,RED,247,0,-180,-3.0,1,0,1938.8,1920.7,18.1,0.0,112,True,0,240.0
cluster_829,RED,247,1,-180,-3.0,0,1,1586.6,1736.5,0.0,149.9,110,True,0,240.0
cluster_829,RED,ORANGE,0,-180,-3.0,0,0,10236.5,10383.5,0.0,147.0,99,True,0,240.0
cluster_829,RED,ORANGE,1,-180,-3.0,0,18,8562.5,8679.5,0.0,117.0,80,True,0,240.0
cluster_829,RED,RED,0,-180,-3.0,0,3,566.0,488.5,77.5,0.0,55,True,0,240.0
cluster_829,RED,RED,1,-180,-3.0,0,3,412.5,580.5,0.0,168.0,56,True,0,240.0
cluster_9,001,RED,0,-180,-3.0,0,2,4755.7,4603.2,152.5,0.0,1170,True,0,240.0
cluster_9,003,RED,0,-180,-3.0,43,0,7722.7,7141.4,581.4,0.0,1890,True,0,240.0
cluster_9,009,RED,0,-180,-3.0,56,0,4840.0,4494.0,346.0,0.0,1152,True,0,240.0
cluster_9,013,RED,0,-180,-3.0,38,0,5267.1,6608.6,0.0,1341.5,1218,True,0,240.0
cluster_9,016,RED,0,-180,-3.0,5,0,3316.9,1940.9,1376.0,0.0,696,True,0,240.0
cluster_9,018,RED,0,-180,-3.0,0,52,1314.1,2233.1,0.0,919.0,639,True,0,240.0
cluster_9,102,RED,0,-180,-3.0,0,11,3767.1,3447.1,320.0,0.0,782,True,0,240.0
cluster_9,103,RED,0,-180,-3.0,0,1,2220.9,1965.4,255.5,0.0,540,True,0,240.0
cluster_9,106,RED,0,-180,-3.0,18,0,3714.1,3340.2,373.9,0.0,1027,True,0,240.0
cluster_9,109,RED,0,-180,-3.0,0,30,2539.5,3086.0,0.0,546.5,798,True,0,240.0
cluster_9,128,RED,0,-180,-3.0,0,12,3499.9,4578.4,0.0,1078.5,1012,True,0,240.0
cluster_9,145,RED,0,-180,-3.0,0,18,2854.3,2990.8,0.0,136.5,841,True,0,240.0
cluster_9,147,RED,0,-180,-3.0,0,25,2326.2,2853.1,0.0,526.9,831,True,0,240.0
cluster_9,205,RED,0,-180,-3.0,0,14,1505.7,1372.7,133.0,0.0,384,True,0,240.0
cluster_9,207,RED,0,-180,-3.0,42,0,3431.0,3528.0,0.0,97.0,729,True,0,240.0
cluster_9,214,RED,0,-180,-3.0,35,0,2998.3,2703.3,295.0,0.0,647,True,0,240.0
cluster_9,224,RED,0,-180,-3.0,16,0,1855.4,1600.5,254.9,0.0,459,True,0,240.0
cluster_9,230,RED,0,-180,-3.0,0,2,1916.3,1803.3,113.0,0.0,551,True,0,240.0
cluster_9,237,RED,0,-180,-3.0,24,0,3017.3,3554.8,0.0,537.5,690,True,0,240.0
cluster_9,239,RED,0,-180,-3.0,0,15,1813.9,2668.4,0.0,854.5,533,True,0,240.0
cluster_9,249,RED,0,-180,-3.0,18,0,1710.4,1705.4,5.0,0.0,384,True,0,240.0
cluster_9,306,RED,0,-180,-3.0,5,0,2287.3,3317.3,0.0,1030.0,668,True,0,240.0
cluster_9,308,RED,0,-180,-3.0,0,25,3628.6,3660.6,0.0,32.0,1046,True,0,240.0
cluster_9,421,RED,0,-180,-3.0,0,0,132.0,54.0,78.0,0.0,42,True,0,240.0
cluster_9,425,RED,0,-180,-3.0,0,44,3101.2,3430.2,0.0,329.0,1032,True,0,240.0
cluster_9,620,RED,0,-180,-3.0,3,0,648.5,424.5,224.0,0.0,110,True,0,240.0
cluster_9,BLUE,RED,0,-180,-3.0,5,0,2730.5,3209.0,0.0,478.5,590,True,0,240.0
cluster_9,GREEN,RED,0,-180,-3.0,3,0,1479.0,760.5,718.5,0.0,464,True,0,240.0
cluster_9,ORANGE,RED,0,-180,-3.0,56,0,1926.5,1652.5,274.0,0.0,452,True,0,240.0
cluster_9,RED,001,0,-180,-3.0,6,0,1527.7,1414.3,113.3,0.0,564,True,0,240.0
cluster_9,RED,001,1,-180,-3.0,3,0,1550.2,1473.3,76.9,0.0,567,True,0,240.0
cluster_9,RED,003,0,-180,-3.0,1,0,801.9,885.4,0.0,83.5,575,True,0,240.0
cluster_9,RED,003,1,-180,-3.0,0,0,1179.8,1181.5,0.0,1.7,565,True,0,240.0
cluster_9,RED,009,0,-180,-3.0,0,2,2234.9,2349.7,0.0,114.8,565,True,0,240.0
cluster_9,RED,009,1,-180,-3.0,4,0,2153.2,2175.2,0.0,22.0,564,True,0,240.0
cluster_9,RED,013,0,-180,-3.0,0,20,3061.0,3535.2,0.0,474.2,565,True,0,240.0
cluster_9,RED,013,1,-180,-3.0,0,1,1731.5,1279.2,452.3,0.0,565,True,0,240.0
cluster_9,RED,016,0,-180,-3.0,0,20,3765.3,4103.9,0.0,338.6,566,True,0,240.0
cluster_9,RED,016,1,-180,-3.0,0,2,3739.8,4398.4,0.0,658.6,565,True,0,240.0
cluster_9,RED,018,0,-180,-3.0,23,0,2568.8,1964.4,604.3,0.0,571,True,0,240.0
cluster_9,RED,018,1,-180,-3.0,0,15,3159.1,2573.3,585.8,0.0,567,True,0,240.0
cluster_9,RED,102,0,-180,-3.0,0,0,3474.1,3735.8,0.0,261.8,564,True,0,240.0
cluster_9,RED,102,1,-180,-3.0,0,25,4670.7,5133.1,0.0,462.4,560,True,0,240.0
cluster_9,RED,103,0,-180,-3.0,4,0,3845.2,3997.5,0.0,152.3,551,True,0,240.0
cluster_9,RED,103,1,-180,-3.0,1,0,4702.4,4650.5,51.9,0.0,552,True,0,240.0
cluster_9,RED,106,0,-180,-3.0,0,3,4737.7,4900.7,0.0,163.1,573,True,0,240.0
cluster_9,RED,106,1,-180,-3.0,5,0,5320.6,5230.4,90.2,0.0,565,True,0,240.0
cluster_9,RED,109,0,-180,-3.0,14,0,3825.2,3531.9,293.2,0.0,571,True,0,240.0
cluster_9,RED,109,1,-180,-3.0,0,1,5278.2,5503.9,0.0,225.7,559,True,0,240.0
cluster_9,RED,128,0,-180,-3.0,1,0,4507.5,4341.6,165.9,0.0,569,True,0,240.0
cluster_9,RED,128,1,-180,-3.0,24,0,5717.1,5407.9,309.2,0.0,564,True,0,240.0
cluster_9,RED,145,0,-180,-3.0,11,0,3882.0,3695.3,186.7,0.0,572,True,0,240.0
cluster_9,RED,145,1,-180,-3.0,0,15,4762.4,5061.4,0.0,299.0,559,True,0,240.0
cluster_9,RED,147,0,-180,-3.0,0,20,3827.3,3656.6,170.7,0.0,569,True,0,240.0
cluster_9,RED,147,1,-180,-3.0,0,16,3438.7,3441.1,0.0,2.4,563,True,0,240.0
cluster_9,RED,205,0,-180,-3.0,0,13,8214.0,8446.3,0.0,232.3,575,True,0,240.0
cluster_9,RED,205,1,-180,-3.0,0,2,8704.0,8865.4,0.0,161.4,562,True,0,240.0
cluster_9,RED,207,0,-180,-3.0,1,0,7563.4,7471.8,91.6,0.0,550,True,0,240.0
cluster_9,RED,207,1,-180,-3.0,15,0,9843.2,9521.9,321.3,0.0,554,True,0,240.0
cluster_9,RED,214,0,-180,-3.0,0,18,5978.6,6320.3,0.0,341.7,563,True,0,240.0
cluster_9,RED,214,1,-180,-3.0,3,0,6689.7,6903.4,0.0,213.6,555,True,0,240.0
cluster_9,RED,224,0,-180,-3.0,0,14,4250.2,4386.2,0.0,136.0,568,True,0,240.0
cluster_9,RED,224,1,-180,-3.0,0,8,11295.0,11611.0,0.0,316.0,549,True,0,240.0
cluster_9,RED,230,0,-180,-3.0,0,2,6611.3,6497.0,114.4,0.0,561,True,0,240.0
cluster_9,RED,230,1,-180,-3.0,0,11,7235.2,7429.7,0.0,194.5,557,True,0,240.0
cluster_9,RED,237,0,-180,-3.0,21,0,6672.4,6228.4,444.0,0.0,554,True,0,240.0
cluster_9,RED,237,1,-180,-3.0,0,0,5163.3,5243.4,0.0,80.1,550,True,0,240.0
cluster_9,RED,239,0,-180,-3.0,22,0,7517.3,6922.5,594.8,0.0,548,True,0,240.0
cluster_9,RED,239,1,-180,-3.0,21,0,8257.5,7341.5,916.0,0.0,551,True,0,240.0
cluster_9,RED,249,0,-180,-3.0,10,0,7438.6,7312.4,126.2,0.0,549,True,0,240.0
cluster_9,RED,249,1,-180,-3.0,0,4,7398.1,7398.3,0.0,0.2,554,True,0,240.0
cluster_9,RED,306,0,-180,-3.0,5,0,17217.0,17370.0,0.0,153.0,396,True,0,240.0
cluster_9,RED,306,1,-180,-3.0,0,1,17333.6,17235.8,97.8,0.0,393,True,0,240.0
cluster_9,RED,308,0,-180,-3.0,1,0,27990.8,27554.3,436.5,0.0,408,True,0,240.0
cluster_9,RED,308,1,-180,-3.0,0,0,20924.8,20851.5,73.3,0.0,426,True,0,240.0
cluster_9,RED,421,0,-180,-3.0,11,0,18810.5,18330.5,480.0,0.0,399,True,0,240.0
cluster_9,RED,421,1,-180,-3.0,9,0,18506.5,18296.5,210.0,0.0,398,True,0,240.0
cluster_9,RED,425,0,-180,-3.0,0,11,1524.0,1501.6,22.5,0.0,420,True,0,240.0
cluster_9,RED,425,1,-180,-3.0,0,0,823.8,796.9,26.8,0.0,441,True,0,240.0
cluster_9,RED,620,0,-180,-3.0,2,0,5993.0,5748.0,245.0,0.0,528,True,0,240.0
cluster_9,RED,620,1,-180,-3.0,49,0,4143.0,3878.0,265.0,0.0,528,True,0,240.0
cluster_9,RED,BLUE,0,-180,-3.0,1,0,1973.5,2246.5,0.0,273.0,585,True,0,240.0
cluster_9,RED,BLUE,1,-180,-3.0,0,0,1673.0,1371.0,302.0,0.0,575,True,0,240.0
cluster_9,RED,GREEN,0,-180,-3.0,50,0,3470.5,2715.5,755.0,0.0,565,True,0,240.0
cluster_9,RED,GREEN,1,-180,-3.0,0,47,3733.0,4468.0,0.0,735.0,576,True,0,240.0
cluster_9,RED,ORANGE,0,-180,-3.0,2,0,4308.0,4334.0,0.0,26.0,578,True,0,240.0
cluster_9,RED,ORANGE,1,-180,-3.0,54,0,2411.0,1749.0,662.0,0.0,554,True,0,240.0
cluster_9,RED,RED,0,-180,-3.0,2,0,588.0,398.5,189.5,0.0,285,True,0,240.0
cluster_9,RED,RED,1,-180,-3.0,0,46,1658.0,1712.5,0.0,54.5,290,True,0,240.0
cluster_9,RED,TRE,0,-180,-3.0,18,0,12090.0,11310.0,780.0,0.0,515,True,0,240.0
cluster_9,RED,TRE,1,-180,-3.0,8,0,12133.0,11998.0,135.0,0.0,545,True,0,240.0
cluster_9,TRE,RED,0,-180,-3.0,0,0,178.0,77.0,101.0,0.0,57,True,0,240.0
cluster_1,027,RED,0,-120,-2.0,0,58,7398.2,9858.2,0.0,2460.0,855,True,0,300.0
cluster_1,ORANGE,RED,0,-120,-2.0,1,0,1228.0,1016.0,212.0,0.0,106,True,0,300.0
cluster_1,RED,027,0,-120,-2.0,48,0,888.0,256.4,631.6,0.0,114,True,0,300.0
cluster_1,RED,027,1,-120,-2.0,0,8,725.4,837.4,0.0,112.0,113,True,0,300.0
cluster_1,RED,ORANGE,0,-120,-2.0,0,0,1190.0,1294.0,0.0,104.0,103,True,0,300.0
cluster_1,RED,ORANGE,1,-120,-2.0,0,0,611.5,715.0,0.0,103.5,106,True,0,300.0
cluster_1,RED,RED,0,-120,-2.0,0,0,436.5,322.5,114.0,0.0,57,True,0,300.0
cluster_1,RED,RED,1,-120,-2.0,0,0,579.0,693.0,0.0,114.0,57,True,0,300.0
cluster_1062,ORANGE,RED,0,-120,-2.0,0,0,459.0,373.0,86.0,0.0,43,True,0,300.0
cluster_1062,RED,ORANGE,0,-120,-2.0,0,0,10832.0,10930.0,0.0,98.0,99,True,0,300.0
cluster_1062,RED,ORANGE,1,-120,-2.0,0,0,8118.0,8198.0,0.0,80.0,81,True,0,300.0
cluster_1062,RED,RED,0,-120,-2.0,0,1,242.5,155.0,87.5,0.0,55,True,0,300.0
cluster_1062,RED,RED,1,-120,-2.0,0,1,730.5,842.5,0.0,112.0,56,True,0,300.0
cluster_14,018,RED,0,-120,-2.0,0,0,2.9,2.1,0.8,0.0,3,True,0,300.0
cluster_14,ORANGE,RED,0,-120,-2.0,0,0,0.0,1.0,0.0,1.0,0,True,0,300.0
cluster_14,RED,018,0,-120,-2.0,0,0,3.0,7.0,0.0,4.0,2,True,0,300.0
cluster_14,RED,018,1,-120,-2.0,0,0,0.5,2.2,0.0,1.7,1,True,0,300.0
cluster_14,RED,023,0,-120,-2.0,0,0,10.6,14.6,0.0,4.0,2,True,0,300.0
cluster_14,RED,023,1,-120,-2.0,0,0,0.7,2.3,0.0,1.7,2,True,0,300.0
cluster_14,RED,BLUE,0,-120,-2.0,0,0,24.0,28.0,0.0,4.0,2,True,0,300.0
cluster_14,RED,GREEN,1,-120,-2.0,0,0,17.0,21.0,0.0,4.0,2,True,0,300.0
cluster_14,RED,ORANGE,0,-120,-2.0,0,1,44.0,48.0,0.0,4.0,2,True,0,300.0
cluster_147,215,RED,0,-120,-2.0,60,0,5505.5,5537.0,0.0,31.5,408,True,0,300.0
cluster_147,217,RED,0,-120,-2.0,129,0,7954.7,7482.0,472.7,0.0,571,True,0,300.0
cluster_147,226,RED,0,-120,-2.0,0,11,569.0,687.0,0.0,118.0,56,True,0,300.0
cluster_147,BLUE,RED,0,-120,-2.0,0,1,1593.5,1380.0,213.5,0.0,118,True,0,300.0
cluster_147,RED,215,0,-120,-2.0,23,0,1778.6,1104.8,673.7,0.0,113,True,0,300.0
cluster_147,RED,215,1,-120,-2.0,0,1,1344.4,1417.9,0.0,73.5,114,True,0,300.0
cluster_147,RED,217,0,-120,-2.0,7,0,1369.7,1187.9,181.8,0.0,115,True,0,300.0
cluster_147,RED,217,1,-120,-2.0,9,0,1292.6,1066.0,226.6,0.0,112,True,0,300.0
cluster_147,RED,226,0,-120,-2.0,0,5,3042.5,3154.5,0.0,112.0,113,True,0,300.0
cluster_147,RED,226,1,-120,-2.0,0,1,2067.5,2179.5,0.0,112.0,114,True,0,300.0
cluster_147,RED,BLUE,0,-120,-2.0,0,1,621.5,737.5,0.0,116.0,117,True,0,300.0
cluster_147,RED,BLUE,1,-120,-2.0,0,0,476.5,594.5,0.0,118.0,121,True,0,300.0
cluster_147,RED,RED,0,-120,-2.0,2,0,1062.0,944.0,118.0,0.0,59,True,0,300.0
cluster_147,RED,RED,1,-120,-2.0,0,45,936.5,1013.0,0.0,76.5,59,True,0,300.0
cluster_15,009,RED,0,-120,-2.0,10,0,6068.8,5728.8,340.0,0.0,580,True,0,300.0
cluster_15,147,RED,0,-120,-2.0,0,1,6831.3,7202.8,0.0,371.5,598,True,0,300.0
cluster_15,219,RED,0,-120,-2.0,0,19,8236.8,8326.2,0.0,89.5,934,True,0,300.0
cluster_15,226,RED,0,-120,-2.0,6,0,11063.4,10838.4,225.0,0.0,980,True,0,300.0
cluster_15,RED,009,0,-120,-2.0,0,1,861.5,881.2,0.0,19.6,114,True,0,300.0
cluster_15,RED,009,1,-120,-2.0,3,0,772.3,765.9,6.5,0.0,115,True,0,300.0
cluster_15,RED,147,0,-120,-2.0,9,0,1195.9,1044.9,151.1,0.0,115,True,0,300.0
cluster_15,RED,147,1,-120,-2.0,0,9,1154.3,1187.6,0.0,33.3,113,True,0,300.0
cluster_15,RED,219,0,-120,-2.0,6,0,2188.4,1969.8,218.6,0.0,115,True,0,300.0
cluster_15,RED,219,1,-120,-2.0,0,0,1986.0,2088.1,0.0,102.1,114,True,0,300.0
cluster_15,RED,226,0,-120,-2.0,0,0,1475.0,1569.1,0.0,94.1,113,True,0,300.0
cluster_15,RED,226,1,-120,-2.0,0,5,1731.7,1795.3,0.0,63.6,113,True,0,300.0
cluster_15,RED,RED,0,-120,-2.0,6,0,565.5,449.5,116.0,0.0,58,True,0,300.0
cluster_15,RED,RED,1,-120,-2.0,5,0,585.0,557.5,27.5,0.0,57,True,0,300.0
cluster_191,025,RED,0,-120,-2.0,0,12,6386.8,5522.3,864.5,0.0,585,True,0,300.0
cluster_191,057,RED,0,-120,-2.0,101,0,22263.3,22623.5,0.0,360.2,1927,True,0,300.0
cluster_191,104,RED,0,-120,-2.0,0,28,3922.7,3791.2,131.5,0.0,496,True,0,300.0
cluster_191,108,RED,0,-120,-2.0,5,0,4140.7,4224.7,0.0,84.0,418,True,0,300.0
cluster_191,221,RED,0,-120,-2.0,19,0,6464.2,5606.2,858.0,0.0,609,True,0,300.0
cluster_191,223,RED,0,-120,-2.0,1,0,2913.7,2773.7,140.0,0.0,270,True,0,300.0
cluster_191,226,RED,0,-120,-2.0,0,35,2022.9,2537.9,0.0,515.0,220,True,0,300.0
cluster_191,RED,025,0,-120,-2.0,0,1,244.5,362.5,0.0,118.0,118,True,0,300.0
cluster_191,RED,025,1,-120,-2.0,0,0,663.5,779.5,0.0,116.0,116,True,0,300.0
cluster_191,RED,057,0,-120,-2.0,0,0,485.4,411.1,74.3,0.0,118,True,0,300.0
cluster_191,RED,057,1,-120,-2.0,4,0,595.4,335.3,260.1,0.0,114,True,0,300.0
cluster_191,RED,104,0,-120,-2.0,15,0,1295.8,1184.3,111.5,0.0,113,True,0,300.0
cluster_191,RED,104,1,-120,-2.0,5,0,693.4,665.0,28.4,0.0,111,True,0,300.0
cluster_191,RED,108,0,-120,-2.0,10,0,1427.6,1260.8,166.8,0.0,114,True,0,300.0
cluster_191,RED,108,1,-120,-2.0,0,4,1304.7,1400.7,0.0,96.0,116,True,0,300.0
cluster_191,RED,221,0,-120,-2.0,0,4,2003.3,2103.1,0.0,99.8,115,True,0,300.0
cluster_191,RED,221,1,-120,-2.0,3,0,1692.7,1702.5,0.0,9.8,113,True,0,300.0
cluster_191,RED,223,0,-120,-2.0,0,0,2477.5,2579.8,0.0,102.2,110,True,0,300.0
cluster_191,RED,223,1,-120,-2.0,0,1,2296.4,2276.7,19.7,0.0,111,True,0,300.0
cluster_191,RED,226,0,-120,-2.0,0,1,1999.0,2111.0,0.0,112.0,112,True,0,300.0
cluster_191,RED,226,1,-120,-2.0,0,7,2904.5,2933.7,0.0,29.2,113,True,0,300.0
cluster_191,RED,RED,0,-120,-2.0,46,0,943.0,827.0,116.0,0.0,58,True,0,300.0
cluster_191,RED,RED,1,-120,-2.0,47,0,995.0,161.0,834.0,0.0,58,True,0,300.0
cluster_22,023,RED,0,-120,-2.0,0,85,12097.3,12960.8,0.0,863.5,1400,True,0,300.0
cluster_22,103,RED,0,-120,-2.0,67,0,6969.8,5695.8,1274.0,0.0,667,True,0,300.0
cluster_22,207,RED,0,-120,-2.0,0,15,9190.6,9188.1,2.5,0.0,799,True,0,300.0
cluster_22,237,RED,0,-120,-2.0,1,0,7302.9,7312.6,0.0,9.6,608,True,0,300.0
cluster_22,425,RED,0,-120,-2.0,15,0,8463.7,8525.7,0.0,62.0,849,True,0,300.0
cluster_22,BLUE,RED,0,-120,-2.0,0,2,1758.0,1577.5,180.5,0.0,117,True,0,300.0
cluster_22,ORANGE,RED,0,-120,-2.0,0,0,1056.0,844.0,212.0,0.0,106,True,0,300.0
cluster_22,RED,023,0,-120,-2.0,0,0,584.1,365.8,218.3,0.0,116,True,0,300.0
cluster_22,RED,023,1,-120,-2.0,0,0,587.3,610.9,0.0,23.5,115,True,0,300.0
cluster_22,RED,103,0,-120,-2.0,0,0,863.0,949.0,0.0,86.0,110,True,0,300.0
cluster_22,RED,103,1,-120,-2.0,9,0,1350.6,1178.8,171.8,0.0,110,True,0,300.0
cluster_22,RED,207,0,-120,-2.0,0,0,2028.7,2046.2,0.0,17.5,110,True,0,300.0
cluster_22,RED,207,1,-120,-2.0,0,3,1960.5,2028.1,0.0,67.6,111,True,0,300.0
cluster_22,RED,237,0,-120,-2.0,0,3,1127.6,1199.5,0.0,71.9,110,True,0,300.0
cluster_22,RED,237,1,-120,-2.0,0,6,1333.6,1417.8,0.0,84.2,110,True,0,300.0
cluster_22,RED,425,0,-120,-2.0,1,0,374.4,388.4,0.0,13.9,88,True,0,300.0
cluster_22,RED,425,1,-120,-2.0,0,1,229.1,256.3,0.0,27.2,88,True,0,300.0
cluster_22,RED,BLUE,0,-120,-2.0,0,1,646.0,760.0,0.0,114.0,113,True,0,300.0
cluster_22,RED,BLUE,1,-120,-2.0,47,0,1233.5,394.5,839.0,0.0,114,True,0,300.0
cluster_22,RED,ORANGE,0,-120,-2.0,0,0,1005.0,1109.0,0.0,104.0,103,True,0,300.0
cluster_22,RED,ORANGE,1,-120,-2.0,0,0,742.0,848.0,0.0,106.0,106,True,0,300.0
cluster_22,RED,RED,0,-120,-2.0,0,49,239.5,1143.5,0.0,904.0,58,True,0,300.0
cluster_22,RED,RED,1,-120,-2.0,1,0,815.0,902.5,0.0,87.5,57,True,0,300.0
cluster_29,RED,023,0,-120,-2.0,0,0,5.0,7.0,0.0,2.0,1,True,0,300.0
cluster_29,RED,BLUE,0,-120,-2.0,0,0,13.0,15.0,0.0,2.0,1,True,0,300.0
cluster_29,RED,GREEN,1,-120,-2.0,1,0,29.5,1.5,28.0,0.0,1,True,0,300.0
cluster_29,RED,ORANGE,0,-120,-2.0,0,0,23.0,25.0,0.0,2.0,1,True,0,300.0
cluster_30,009,RED,0,-120,-2.0,0,3,4954.6,4853.3,101.3,0.0,506,True,0,300.0
cluster_30,101,RED,0,-120,-2.0,15,0,19339.8,19888.3,0.0,548.5,1567,True,0,300.0
cluster_30,226,RED,0,-120,-2.0,0,23,3172.7,3190.2,0.0,17.5,330,True,0,300.0
cluster_30,RED,009,0,-120,-2.0,6,0,817.1,816.4,0.7,0.0,115,True,0,300.0
cluster_30,RED,009,1,-120,-2.0,0,4,843.1,886.3,0.0,43.2,114,True,0,300.0
cluster_30,RED,101,0,-120,-2.0,8,0,816.1,657.3,158.8,0.0,117,True,0,300.0
cluster_30,RED,101,1,-120,-2.0,0,6,492.6,565.5,0.0,72.9,113,True,0,300.0
cluster_30,RED,226,0,-120,-2.0,0,7,2180.9,2292.9,0.0,112.0,112,True,0,300.0
cluster_30,RED,226,1,-120,-2.0,1,0,2560.8,2638.0,0.0,77.2,112,True,0,300.0
cluster_30,RED,RED,0,-120,-2.0,0,0,305.5,189.5,116.0,0.0,58,True,0,300.0
cluster_30,RED,RED,1,-120,-2.0,0,0,731.5,847.5,0.0,116.0,58,True,0,300.0
cluster_52,145,RED,0,-120,-2.0,92,0,6004.9,5204.9,800.0,0.0,460,True,0,300.0
cluster_52,RED,145,0,-120,-2.0,11,0,1446.2,1237.1,209.1,0.0,115,True,0,300.0
cluster_52,RED,145,1,-120,-2.0,11,0,1479.7,1301.2,178.5,0.0,112,True,0,300.0
cluster_52,RED,RED,0,-120,-2.0,0,0,769.0,653.0,116.0,0.0,58,True,0,300.0
cluster_52,RED,RED,1,-120,-2.0,0,0,214.0,328.0,0.0,114.0,57,True,0,300.0
cluster_527,200,RED,0,-120,-2.0,18,0,5164.3,4632.3,532.0,0.0,416,True,0,300.0
cluster_527,202,RED,0,-120,-2.0,17,0,4086.4,3696.4,390.0,0.0,320,True,0,300.0
cluster_527,250,RED,0,-120,-2.0,18,0,5345.1,5009.1,336.0,0.0,448,True,0,300.0
cluster_527,ORANGE,RED,0,-120,-2.0,0,1,439.0,381.0,58.0,0.0,44,True,0,300.0
cluster_527,RED,200,0,-120,-2.0,0,1,1580.5,1684.8,0.0,104.3,112,True,0,300.0
cluster_527,RED,200,1,-120,-2.0,2,0,1524.9,1548.9,0.0,24.0,112,True,0,300.0
cluster_527,RED,202,0,-120,-2.0,0,2,1602.9,1710.7,0.0,107.8,111,True,0,300.0
cluster_527,RED,202,1,-120,-2.0,2,0,1533.3,1567.8,0.0,34.5,111,True,0,300.0
cluster_527,RED,250,0,-120,-2.0,0,0,1178.6,1248.5,0.0,69.9,112,True,0,300.0
cluster_527,RED,250,1,-120,-2.0,3,0,1439.6,1479.2,0.0,39.6,112,True,0,300.0
cluster_527,RED,ORANGE,0,-120,-2.0,0,0,10745.5,10843.5,0.0,98.0,98,True,0,300.0
cluster_527,RED,ORANGE,1,-120,-2.0,0,0,8168.0,8248.0,0.0,80.0,81,True,0,300.0
cluster_527,RED,RED,0,-120,-2.0,0,48,197.0,1072.5,0.0,875.5,56,True,0,300.0
cluster_527,RED,RED,1,-120,-2.0,0,0,836.0,950.0,0.0,114.0,57,True,0,300.0
cluster_6,003,RED,0,-120,-2.0,62,0,5401.7,5004.7,397.0,0.0,576,True,0,300.0
cluster_6,017,RED,0,-120,-2.0,0,16,15483.0,16360.7,0.0,877.7,1676,True,0,300.0
cluster_6,205,RED,0,-120,-2.0,17,0,1129.3,1003.3,126.0,0.0,95,True,0,300.0
cluster_6,249,RED,0,-120,-2.0,0,4,1282.6,1238.6,44.0,0.0,189,True,0,300.0
cluster_6,440,RED,0,-120,-2.0,0,73,18146.0,19236.0,0.0,1090.0,2304,True,0,300.0
cluster_6,442,RED,0,-120,-2.0,19,0,1242.4,1026.4,216.0,0.0,108,True,0,300.0
cluster_6,BLUE,RED,0,-120,-2.0,6,0,1277.0,1047.0,230.0,0.0,117,True,0,300.0
cluster_6,ORANGE,RED,0,-120,-2.0,1,0,1057.0,731.0,326.0,0.0,212,True,0,300.0
cluster_6,RED,003,0,-120,-2.0,0,16,987.1,1126.8,0.0,139.7,226,True,0,300.0
cluster_6,RED,003,1,-120,-2.0,0,3,1649.5,1640.0,9.5,0.0,226,True,0,300.0
cluster_6,RED,017,0,-120,-2.0,2,0,880.9,948.5,0.0,67.6,232,True,0,300.0
cluster_6,RED,017,1,-120,-2.0,0,2,917.5,784.0,133.5,0.0,228,True,0,300.0
cluster_6,RED,205,0,-120,-2.0,0,0,4398.5,4063.0,335.5,0.0,224,True,0,300.0
cluster_6,RED,205,1,-120,-2.0,8,0,4103.7,3854.8,248.9,0.0,223,True,0,300.0
cluster_6,RED,249,0,-120,-2.0,0,21,3842.5,4058.5,0.0,216.0,217,True,0,300.0
cluster_6,RED,249,1,-120,-2.0,1,0,3641.5,3728.2,0.0,86.7,220,True,0,300.0
cluster_6,RED,440,0,-120,-2.0,0,0,114.3,110.1,4.2,0.0,180,True,0,300.0
cluster_6,RED,440,1,-120,-2.0,6,0,442.9,421.1,21.8,0.0,178,True,0,300.0
cluster_6,RED,442,0,-120,-2.0,20,0,1609.8,1249.3,360.5,0.0,210,True,0,300.0
cluster_6,RED,BLUE,0,-120,-2.0,0,1,1990.5,2218.5,0.0,228.0,226,True,0,300.0
cluster_6,RED,BLUE,1,-120,-2.0,7,0,1772.5,1813.0,0.0,40.5,229,True,0,300.0
cluster_6,RED,ORANGE,0,-120,-2.0,0,0,886.0,1092.0,0.0,206.0,207,True,0,300.0
cluster_6,RED,ORANGE,1,-120,-2.0,0,48,2084.0,2268.5,0.0,184.5,212,True,0,300.0
cluster_6,RED,RED,0,-120,-2.0,0,1,1250.0,1052.5,197.5,0.0,114,True,0,300.0
cluster_6,RED,RED,1,-120,-2.0,0,4,521.0,749.0,0.0,228.0,114,True,0,300.0
cluster_666,236,RED,0,-120,-2.0,0,7,2263.2,2240.2,23.0,0.0,284,True,0,300.0
cluster_666,247,RED,0,-120,-2.0,13,0,4973.7,5011.7,0.0,38.0,441,True,0,300.0
cluster_666,ORANGE,RED,0,-120,-2.0,0,0,522.0,436.0,86.0,0.0,43,True,0,300.0
cluster_666,RED,236,0,-120,-2.0,0,0,1791.2,1861.6,0.0,70.5,109,True,0,300.0
cluster_666,RED,236,1,-120,-2.0,0,8,1434.1,1499.8,0.0,65.7,110,True,0,300.0
cluster_666,RED,247,0,-120,-2.0,3,0,1362.0,1253.6,108.4,0.0,113,True,0,300.0
cluster_666,RED,247,1,-120,-2.0,3,0,1409.8,1369.1,40.7,0.0,110,True,0,300.0
cluster_666,RED,ORANGE,0,-120,-2.0,0,0,10981.5,11079.5,0.0,98.0,99,True,0,300.0
cluster_666,RED,ORANGE,1,-120,-2.0,0,0,7998.0,8078.0,0.0,80.0,81,True,0,300.0
cluster_666,RED,RED,0,-120,-2.0,0,0,406.0,296.0,110.0,0.0,55,True,0,300.0
cluster_666,RED,RED,1,-120,-2.0,0,0,563.5,675.5,0.0,112.0,56,True,0,300.0
cluster_666,RED,SILVER,0,-120,-2.0,0,0,2299.0,2413.0,0.0,114.0,113,True,0,300.0
cluster_666,RED,SILVER,1,-120,-2.0,10,0,2716.0,2522.0,194.0,0.0,108,True,0,300.0
cluster_666,SILVER,RED,0,-120,-2.0,11,0,720.0,608.0,112.0,0.0,56,True,0,300.0
cluster_667,017,RED,0,-120,-2.0,87,0,7630.9,8604.5,0.0,973.5,689,True,0,300.0
cluster_667,413,RED,0,-120,-2.0,5,0,538.0,644.0,0.0,106.0,52,True,0,300.0
cluster_667,417,RED,0,-120,-2.0,0,16,316.0,534.0,0.0,218.0,56,True,0,300.0
cluster_667,419,RED,0,-120,-2.0,0,10,414.0,516.0,0.0,102.0,54,True,0,300.0
cluster_667,ORANGE,RED,0,-120,-2.0,0,0,798.0,586.0,212.0,0.0,106,True,0,300.0
cluster_667,RED,017,0,-120,-2.0,48,0,1618.5,864.3,754.2,0.0,115,True,0,300.0
cluster_667,RED,017,1,-120,-2.0,0,7,1077.1,1136.8,0.0,59.7,114,True,0,300.0
cluster_667,RED,413,0,-120,-2.0,0,10,5889.0,5861.0,28.0,0.0,84,True,0,300.0
cluster_667,RED,417,0,-120,-2.0,0,16,5112.5,5196.5,0.0,84.0,85,True,0,300.0
cluster_667,RED,419,0,-120,-2.0,0,10,5954.5,6040.5,0.0,86.0,86,True,0,300.0
cluster_667,RED,ORANGE,0,-120,-2.0,0,0,745.5,849.5,0.0,104.0,104,True,0,300.0
cluster_667,RED,ORANGE,1,-120,-2.0,0,0,1029.0,1135.0,0.0,106.0,106,True,0,300.0
cluster_667,RED,RED,0,-120,-2.0,0,0,868.5,756.5,112.0,0.0,56,True,0,300.0
cluster_667,RED,RED,1,-120,-2.0,1,0,149.0,242.0,0.0,93.0,57,True,0,300.0
cluster_702,308,RED,0,-120,-2.0,0,4,894.9,830.9,64.0,0.0,102,True,0,300.0
cluster_702,BLUE,RED,0,-120,-2.0,0,4,985.0,863.5,121.5,0.0,117,True,0,300.0
cluster_702,RED,308,0,-120,-2.0,0,5,6693.2,6773.9,0.0,80.7,80,True,0,300.0
cluster_702,RED,308,1,-120,-2.0,1,0,5205.5,5245.7,0.0,40.2,84,True,0,300.0
cluster_702,RED,BLUE,0,-120,-2.0,0,1,951.0,1069.0,0.0,118.0,116,True,0,300.0
cluster_702,RED,BLUE,1,-120,-2.0,0,1,1018.5,1102.5,0.0,84.0,114,True,0,300.0
cluster_702,RED,RED,0,-120,-2.0,2,0,491.5,379.5,112.0,0.0,57,True,0,300.0
cluster_702,RED,RED,1,-120,-2.0,1,0,569.5,623.5,0.0,54.0,57,True,0,300.0
cluster_717,020,RED,0,-120,-2.0,24,0,3100.9,2933.4,167.5,0.0,230,True,0,300.0
cluster_717,027,RED,0,-120,-2.0,0,3,1191.0,1060.5,130.5,0.0,114,True,0,300.0
cluster_717,ORANGE,RED,0,-120,-2.0,0,3,1016.0,901.5,114.5,0.0,106,True,0,300.0
cluster_717,RED,020,0,-120,-2.0,0,6,697.4,617.0,80.4,0.0,114,True,0,300.0
cluster_717,RED,020,1,-120,-2.0,0,5,773.0,887.0,0.0,114.0,115,True,0,300.0
cluster_717,RED,027,0,-120,-2.0,0,4,742.5,856.5,0.0,114.0,114,True,0,300.0
cluster_717,RED,027,1,-120,-2.0,0,0,1270.5,1384.5,0.0,114.0,114,True,0,300.0
cluster_717,RED,ORANGE,0,-120,-2.0,0,0,986.0,1090.0,0.0,104.0,103,True,0,300.0
cluster_717,RED,ORANGE,1,-120,-2.0,0,0,821.0,927.0,0.0,106.0,106,True,0,300.0
cluster_717,RED,RED,0,-120,-2.0,0,47,208.5,1034.5,0.0,826.0,57,True,0,300.0
cluster_717,RED,RED,1,-120,-2.0,0,0,807.0,921.0,0.0,114.0,57,True,0,300.0
cluster_809,022,RED,0,-120,-2.0,0,12,1009.0,1041.0,0.0,32.0,114,True,0,300.0
cluster_809,241,RED,0,-120,-2.0,17,0,731.5,688.0,43.5,0.0,63,True,0,300.0
cluster_809,ORANGE,RED,0,-120,-2.0,0,47,586.0,1314.0,0.0,728.0,106,True,0,300.0
cluster_809,RED,022,0,-120,-2.0,11,0,1292.0,1148.0,144.0,0.0,115,True,0,300.0
cluster_809,RED,022,1,-120,-2.0,0,0,956.5,1070.5,0.0,114.0,114,True,0,300.0
cluster_809,RED,241,0,-120,-2.0,0,3,1809.0,1917.0,0.0,108.0,107,True,0,300.0
cluster_809,RED,241,1,-120,-2.0,21,0,2406.0,1706.0,700.0,0.0,110,True,0,300.0
cluster_809,RED,ORANGE,0,-120,-2.0,0,0,537.5,641.5,0.0,104.0,104,True,0,300.0
cluster_809,RED,ORANGE,1,-120,-2.0,0,0,1241.0,1347.0,0.0,106.0,106,True,0,300.0
cluster_809,RED,RED,0,-120,-2.0,0,4,667.0,664.5,2.5,0.0,56,True,0,300.0
cluster_809,RED,RED,1,-120,-2.0,0,0,356.0,470.0,0.0,114.0,57,True,0,300.0
cluster_810,238,RED,0,-120,-2.0,0,9,607.0,930.5,0.0,323.5,67,True,0,300.0
cluster_810,243,RED,0,-120,-2.0,1,0,651.5,545.5,106.0,0.0,63,True,0,300.0
cluster_810,244,RED,0,-120,-2.0,15,0,722.5,598.5,124.0,0.0,62,True,0,300.0
cluster_810,ORANGE,RED,0,-120,-2.0,20,0,571.0,483.0,88.0,0.0,44,True,0,300.0
cluster_810,RED,238,0,-120,-2.0,0,20,2024.5,2136.5,0.0,112.0,112,True,0,300.0
cluster_810,RED,238,1,-120,-2.0,11,0,2031.0,1693.0,338.0,0.0,111,True,0,300.0
cluster_810,RED,243,0,-120,-2.0,0,1,2205.0,2315.0,0.0,110.0,110,True,0,300.0
cluster_810,RED,243,1,-120,-2.0,2,0,2465.0,2456.0,9.0,0.0,111,True,0,300.0
cluster_810,RED,244,0,-120,-2.0,3,0,2013.5,2027.5,0.0,14.0,108,True,0,300.0
cluster_810,RED,244,1,-120,-2.0,12,0,2112.0,1738.0,374.0,0.0,107,True,0,300.0
cluster_810,RED,ORANGE,0,-120,-2.0,0,0,11039.5,11137.5,0.0,98.0,98,True,0,300.0
cluster_810,RED,ORANGE,1,-120,-2.0,19,0,8718.0,8008.0,710.0,0.0,81,True,0,300.0
cluster_810,RED,RED,0,-120,-2.0,4,0,533.0,421.0,112.0,0.0,56,True,0,300.0
cluster_810,RED,RED,1,-120,-2.0,1,0,555.5,638.5,0.0,83.0,56,True,0,300.0
cluster_811,408,RED,0,-120,-2.0,0,2,409.0,375.0,34.0,0.0,42,True,0,300.0
cluster_811,ORANGE,RED,0,-120,-2.0,0,0,279.0,193.0,86.0,0.0,43,True,0,300.0
cluster_811,RED,408,0,-120,-2.0,0,0,6206.5,6278.5,0.0,72.0,73,True,0,300.0
cluster_811,RED,408,1,-120,-2.0,0,1,5884.0,5956.0,0.0,72.0,72,True,0,300.0
cluster_811,RED,ORANGE,0,-120,-2.0,0,0,10363.0,10461.0,0.0,98.0,99,True,0,300.0
cluster_811,RED,ORANGE,1,-120,-2.0,0,0,8498.0,8578.0,0.0,80.0,81,True,0,300.0
cluster_811,RED,RED,0,-120,-2.0,0,0,711.0,599.0,112.0,0.0,56,True,0,300.0
cluster_811,RED,RED,1,-120,-2.0,0,0,247.5,359.5,0.0,112.0,56,True,0,300.0
cluster_828,232,RED,0,-120,-2.0,0,8,712.5,790.5,0.0,78.0,66,True,0,300.0
cluster_828,245,RED,0,-120,-2.0,6,0,768.5,814.5,0.0,46.0,62,True,0,300.0
cluster_828,883E,RED,0,-120,-2.0,0,0,1192.5,1252.5,0.0,60.0,130,True,0,300.0
cluster_828,ORANGE,RED,0,-120,-2.0,1,0,384.0,298.0,86.0,0.0,43,True,0,300.0
cluster_828,RED,232,0,-120,-2.0,0,1,1834.0,1904.0,0.0,70.0,108,True,0,300.0
cluster_828,RED,232,1,-120,-2.0,0,7,1687.5,1797.5,0.0,110.0,110,True,0,300.0
cluster_828,RED,245,0,-120,-2.0,0,5,1988.0,2062.0,0.0,74.0,109,True,0,300.0
cluster_828,RED,245,1,-120,-2.0,10,0,2068.0,1713.0,355.0,0.0,110,True,0,300.0
cluster_828,RED,883E,0,-120,-2.0,0,16,488.0,586.0,0.0,98.0,97,True,0,300.0
cluster_828,RED,883E,1,-120,-2.0,16,0,833.0,690.0,143.0,0.0,95,True,0,300.0
cluster_828,RED,ORANGE,0,-120,-2.0,0,0,10612.5,10710.5,0.0,98.0,99,True,0,300.0
cluster_828,RED,ORANGE,1,-120,-2.0,1,0,8318.0,8378.0,0.0,60.0,81,True,0,300.0
cluster_828,RED,RED,0,-120,-2.0,49,0,989.5,877.5,112.0,0.0,56,True,0,300.0
cluster_828,RED,RED,1,-120,-2.0,48,0,979.5,101.5,878.0,0.0,56,True,0,300.0
cluster_828,RED,SILVER,0,-120,-2.0,0,0,1854.0,1968.0,0.0,114.0,113,True,0,300.0
cluster_828,RED,SILVER,1,-120,-2.0,0,16,2737.5,2845.5,0.0,108.0,109,True,0,300.0
cluster_828,SILVER,RED,0,-120,-2.0,0,16,531.0,739.0,0.0,208.0,56,True,0,300.0
cluster_829,234,RED,0,-120,-2.0,27,0,2007.8,1992.2,15.6,0.0,157,True,0,300.0
cluster_829,236,RED,0,-120,-2.0,11,0,2956.1,3399.6,0.0,443.5,252,True,0,300.0
cluster_829,247,RED,0,-120,-2.0,11,0,2263.7,2063.7,200.0,0.0,220,True,0,300.0
cluster_829,ORANGE,RED,0,-120,-2.0,0,19,226.5,530.5,0.0,304.0,43,True,0,300.0
cluster_829,RED,234,0,-120,-2.0,9,0,1977.1,1733.4,243.7,0.0,109,True,0,300.0
cluster_829,RED,234,1,-120,-2.0,0,6,1581.0,1657.5,0.0,76.5,108,True,0,300.0
cluster_829,RED,236,0,-120,-2.0,0,2,1756.0,1804.0,0.0,48.0,108,True,0,300.0
cluster_829,RED,236,1,-120,-2.0,0,4,1843.7,1894.3,0.0,50.6,109,True,0,300.0
cluster_829,RED,247,0,-120,-2.0,2,0,1938.8,1898.1,40.7,0.0,112,True,0,300.0
cluster_829,RED,247,1,-120,-2.0,0,1,1586.6,1681.5,0.0,94.9,110,True,0,300.0
cluster_829,RED,ORANGE,0,-120,-2.0,0,0,10236.5,10334.5,0.0,98.0,99,True,0,300.0
cluster_829,RED,ORANGE,1,-120,-2.0,0,18,8562.5,8640.5,0.0,78.0,80,True,0,300.0
cluster_829,RED,RED,0,-120,-2.0,0,3,566.0,543.5,22.5,0.0,55,True,0,300.0
cluster_829,RED,RED,1,-120,-2.0,0,3,412.5,524.5,0.0,112.0,56,True,0,300.0
cluster_9,001,RED,0,-120,-2.0,23,0,4755.7,4309.2,446.5,0.0,1170,True,0,300.0
cluster_9,003,RED,0,-120,-2.0,33,0,7722.7,7358.4,364.4,0.0,1890,True,0,300.0
cluster_9,009,RED,0,-120,-2.0,33,0,4840.0,4840.5,0.0,0.5,1152,True,0,300.0
cluster_9,013,RED,0,-120,-2.0,0,12,5267.1,6557.6,0.0,1290.5,1218,True,0,300.0
cluster_9,016,RED,0,-120,-2.0,7,0,3316.9,2290.4,1026.5,0.0,696,True,0,300.0
cluster_9,018,RED,0,-120,-2.0,0,12,1314.1,1592.1,0.0,278.0,639,True,0,300.0
cluster_9,102,RED,0,-120,-2.0,8,0,3767.1,3274.1,493.0,0.0,782,True,0,300.0
cluster_9,103,RED,0,-120,-2.0,0,1,2220.9,1941.9,279.0,0.0,540,True,0,300.0
cluster_9,106,RED,0,-120,-2.0,0,8,3714.1,3705.9,8.2,0.0,1027,True,0,300.0
cluster_9,109,RED,0,-120,-2.0,0,38,2539.5,2851.5,0.0,312.0,798,True,0,300.0
cluster_9,128,RED,0,-120,-2.0,0,73,3499.9,4647.9,0.0,1148.0,1012,True,0,300.0
cluster_9,145,RED,0,-120,-2.0,0,44,2854.3,2981.4,0.0,127.1,841,True,0,300.0
cluster_9,147,RED,0,-120,-2.0,0,40,2326.2,2761.8,0.0,435.6,831,True,0,300.0
cluster_9,205,RED,0,-120,-2.0,0,11,1505.7,1319.7,186.0,0.0,384,True,0,300.0
cluster_9,207,RED,0,-120,-2.0,11,0,3431.0,3772.0,0.0,341.0,729,True,0,300.0
cluster_9,214,RED,0,-120,-2.0,36,0,2998.3,2838.3,160.0,0.0,647,True,0,300.0
cluster_9,224,RED,0,-120,-2.0,1,0,1855.4,1697.9,157.4,0.0,459,True,0,300.0
cluster_9,230,RED,0,-120,-2.0,0,2,1916.3,1784.3,132.0,0.0,551,True,0,300.0
cluster_9,237,RED,0,-120,-2.0,14,0,3017.3,3492.3,0.0,475.0,690,True,0,300.0
cluster_9,239,RED,0,-120,-2.0,0,24,1813.9,2588.4,0.0,774.5,533,True,0,300.0
cluster_9,249,RED,0,-120,-2.0,14,0,1710.4,1701.9,8.5,0.0,384,True,0,300.0
cluster_9,306,RED,0,-120,-2.0,0,28,2287.3,3297.3,0.0,1010.0,668,True,0,300.0
cluster_9,308,RED,0,-120,-2.0,5,0,3628.6,3551.6,77.0,0.0,1046,True,0,300.0
cluster_9,421,RED,0,-120,-2.0,0,0,132.0,96.0,36.0,0.0,42,True,0,300.0
cluster_9,425,RED,0,-120,-2.0,0,34,3101.2,3267.2,0.0,166.0,1032,True,0,300.0
cluster_9,620,RED,0,-120,-2.0,3,0,648.5,430.5,218.0,0.0,110,True,0,300.0
cluster_9,BLUE,RED,0,-120,-2.0,101,0,2730.5,2091.5,639.0,0.0,590,True,0,300.0
cluster_9,GREEN,RED,0,-120,-2.0,2,0,1479.0,1197.5,281.5,0.0,464,True,0,300.0
cluster_9,ORANGE,RED,0,-120,-2.0,0,0,1926.5,1994.5,0.0,68.0,452,True,0,300.0
cluster_9,RED,001,0,-120,-2.0,7,0,1527.7,1308.4,219.3,0.0,564,True,0,300.0
cluster_9,RED,001,1,-120,-2.0,0,0,1550.2,1510.8,39.5,0.0,567,True,0,300.0
cluster_9,RED,003,0,-120,-2.0,1,0,801.9,813.3,0.0,11.4,575,True,0,300.0
cluster_9,RED,003,1,-120,-2.0,0,0,1179.8,1119.1,60.7,0.0,565,True,0,300.0
cluster_9,RED,009,0,-120,-2.0,0,3,2234.9,2302.9,0.0,68.0,565,True,0,300.0
cluster_9,RED,009,1,-120,-2.0,3,0,2153.2,2176.9,0.0,23.7,564,True,0,300.0
cluster_9,RED,013,0,-120,-2.0,0,0,3061.0,3302.0,0.0,241.0,565,True,0,300.0
cluster_9,RED,013,1,-120,-2.0,0,1,1731.5,1427.9,303.7,0.0,565,True,0,300.0
cluster_9,RED,016,0,-120,-2.0,0,7,3765.3,3943.6,0.0,178.3,566,True,0,300.0
cluster_9,RED,016,1,-120,-2.0,0,0,3739.8,4119.7,0.0,380.0,565,True,0,300.0
cluster_9,RED,018,0,-120,-2.0,0,1,2568.8,2304.6,264.1,0.0,571,True,0,300.0
cluster_9,RED,018,1,-120,-2.0,0,0,3159.1,2834.2,324.9,0.0,567,True,0,300.0
cluster_9,RED,102,0,-120,-2.0,0,10,3474.1,3796.4,0.0,322.3,564,True,0,300.0
cluster_9,RED,102,1,-120,-2.0,0,0,4670.7,4892.6,0.0,221.9,560,True,0,300.0
cluster_9,RED,103,0,-120,-2.0,2,0,3845.2,4017.2,0.0,172.0,551,True,0,300.0
cluster_9,RED,103,1,-120,-2.0,0,2,4702.4,4789.7,0.0,87.2,552,True,0,300.0
cluster_9,RED,106,0,-120,-2.0,0,6,4737.7,4783.6,0.0,45.9,573,True,0,300.0
cluster_9,RED,106,1,-120,-2.0,5,0,5320.6,5406.4,0.0,85.8,565,True,0,300.0
cluster_9,RED,109,0,-120,-2.0,12,0,3825.2,3588.8,236.4,0.0,571,True,0,300.0
cluster_9,RED,109,1,-120,-2.0,0,0,5278.2,5387.8,0.0,109.6,559,True,0,300.0
cluster_9,RED,128,0,-120,-2.0,3,0,4507.5,4500.7,6.9,0.0,569,True,0,300.0
cluster_9,RED,128,1,-120,-2.0,3,0,5717.1,5724.3,0.0,7.2,564,True,0,300.0
cluster_9,RED,145,0,-120,-2.0,4,0,3882.0,3694.7,187.2,0.0,572,True,0,300.0
cluster_9,RED,145,1,-120,-2.0,0,9,4762.4,5012.3,0.0,249.9,559,True,0,300.0
cluster_9,RED,147,0,-120,-2.0,0,8,3827.3,3728.2,99.1,0.0,569,True,0,300.0
cluster_9,RED,147,1,-120,-2.0,0,7,3438.7,3371.9,66.8,0.0,563,True,0,300.0
cluster_9,RED,205,0,-120,-2.0,0,8,8214.0,8202.9,11.0,0.0,575,True,0,300.0
cluster_9,RED,205,1,-120,-2.0,0,0,8704.0,8831.6,0.0,127.7,562,True,0,300.0
cluster_9,RED,207,0,-120,-2.0,6,0,7563.4,7381.2,182.2,0.0,550,True,0,300.0
cluster_9,RED,207,1,-120,-2.0,10,0,9843.2,9446.7,396.5,0.0,554,True,0,300.0
cluster_9,RED,214,0,-120,-2.0,0,1,5978.6,6114.3,0.0,135.7,563,True,0,300.0
cluster_9,RED,214,1,-120,-2.0,0,3,6689.7,6850.6,0.0,160.9,555,True,0,300.0
cluster_9,RED,224,0,-120,-2.0,0,6,4250.2,4245.6,4.6,0.0,568,True,0,300.0
cluster_9,RED,224,1,-120,-2.0,2,0,11295.0,11396.0,0.0,101.0,549,True,0,300.0
cluster_9,RED,230,0,-120,-2.0,0,0,6611.3,6631.6,0.0,20.3,561,True,0,300.0
cluster_9,RED,230,1,-120,-2.0,0,3,7235.2,7270.8,0.0,35.6,557,True,0,300.0
cluster_9,RED,237,0,-120,-2.0,11,0,6672.4,6470.5,201.9,0.0,554,True,0,300.0
cluster_9,RED,237,1,-120,-2.0,0,0,5163.3,5152.2,11.1,0.0,550,True,0,300.0
cluster_9,RED,239,0,-120,-2.0,13,0,7517.3,7201.4,315.9,0.0,548,True,0,300.0
cluster_9,RED,239,1,-120,-2.0,4,0,8257.5,7906.3,351.2,0.0,551,True,0,300.0
cluster_9,RED,249,0,-120,-2.0,17,0,7438.6,7095.4,343.2,0.0,549,True,0,300.0
cluster_9,RED,249,1,-120,-2.0,1,0,7398.1,7251.9,146.2,0.0,554,True,0,300.0
cluster_9,RED,306,0,-120,-2.0,0,0,17217.0,17314.3,0.0,97.2,396,True,0,300.0
cluster_9,RED,306,1,-120,-2.0,0,1,17333.6,17092.1,241.5,0.0,393,True,0,300.0
cluster_9,RED,308,0,-120,-2.0,0,0,27990.8,27803.5,187.3,0.0,408,True,0,300.0
cluster_9,RED,308,1,-120,-2.0,1,0,20924.8,20774.1,150.7,0.0,426,True,0,300.0
cluster_9,RED,421,0,-120,-2.0,0,0,18810.5,18670.5,140.0,0.0,399,True,0,300.0
cluster_9,RED,421,1,-120,-2.0,9,0,18506.5,18096.5,410.0,0.0,398,True,0,300.0
cluster_9,RED,425,0,-120,-2.0,0,1,1524.0,1512.6,11.4,0.0,420,True,0,300.0
cluster_9,RED,425,1,-120,-2.0,0,1,823.8,838.5,0.0,14.7,441,True,0,300.0
cluster_9,RED,620,0,-120,-2.0,2,0,5993.0,6483.0,0.0,490.0,528,True,0,300.0
cluster_9,RED,620,1,-120,-2.0,50,0,4143.0,3653.0,490.0,0.0,528,True,0,300.0
cluster_9,RED,BLUE,0,-120,-2.0,0,0,1973.5,2117.5,0.0,144.0,585,True,0,300.0
cluster_9,RED,BLUE,1,-120,-2.0,0,0,1673.0,1203.0,470.0,0.0,575,True,0,300.0
cluster_9,RED,GREEN,0,-120,-2.0,0,0,3470.5,3231.0,239.5,0.0,565,True,0,300.0
cluster_9,RED,GREEN,1,-120,-2.0,0,50,3733.0,4249.0,0.0,516.0,576,True,0,300.0
cluster_9,RED,ORANGE,0,-120,-2.0,0,0,4308.0,4831.0,0.0,523.0,578,True,0,300.0
cluster_9,RED,ORANGE,1,-120,-2.0,53,0,2411.0,1822.0,589.0,0.0,554,True,0,300.0
cluster_9,RED,RED,0,-120,-2.0,0,0,588.0,422.0,166.0,0.0,285,True,0,300.0
cluster_9,RED,RED,1,-120,-2.0,0,49,1658.0,2057.5,0.0,399.5,290,True,0,300.0
cluster_9,RED,TRE,0,-120,-2.0,0,0,12090.0,11830.0,260.0,0.0,515,True,0,300.0
cluster_9,RED,TRE,1,-120,-2.0,8,0,12133.0,11723.0,410.0,0.0,545,True,0,300.0
cluster_9,TRE,RED,0,-120,-2.0,0,0,178.0,134.0,44.0,0.0,57,True,0,300.0
cluster_1,027,RED,0,60,1.0,97,0,7398.2,6213.2,1185.0,0.0,855,True,0,390.0
cluster_1,ORANGE,RED,0,60,1.0,0,0,1228.0,1334.0,0.0,106.0,106,True,0,390.0
cluster_1,RED,027,0,60,1.0,0,1,888.0,857.5,30.4,0.0,114,True,0,390.0
cluster_1,RED,027,1,60,1.0,16,0,725.4,669.4,56.0,0.0,113,True,0,390.0
cluster_1,RED,ORANGE,0,60,1.0,0,0,1190.0,1138.5,51.5,0.0,103,True,0,390.0
cluster_1,RED,ORANGE,1,60,1.0,0,47,611.5,1506.0,0.0,894.5,106,True,0,390.0
cluster_1,RED,RED,0,60,1.0,0,0,436.5,493.5,0.0,57.0,57,True,0,390.0
cluster_1,RED,RED,1,60,1.0,0,3,579.0,611.0,0.0,32.0,57,True,0,390.0
cluster_1062,ORANGE,RED,0,60,1.0,0,0,459.0,502.0,0.0,43.0,43,True,0,390.0
cluster_1062,RED,ORANGE,0,60,1.0,0,0,10832.0,10783.0,49.0,0.0,99,True,0,390.0
cluster_1062,RED,ORANGE,1,60,1.0,0,0,8118.0,8078.0,40.0,0.0,81,True,0,390.0
cluster_1062,RED,RED,0,60,1.0,0,0,242.5,297.5,0.0,55.0,55,True,0,390.0
cluster_1062,RED,RED,1,60,1.0,0,0,730.5,674.5,56.0,0.0,56,True,0,390.0
cluster_14,018,RED,0,60,1.0,0,0,2.9,1.0,1.9,0.0,3,True,0,390.0
cluster_14,RED,018,0,60,1.0,0,0,3.0,2.2,0.8,0.0,2,True,0,390.0
cluster_14,RED,018,1,60,1.0,0,0,0.5,0.0,0.5,0.0,1,True,0,390.0
cluster_14,RED,023,0,60,1.0,0,0,10.6,8.6,2.0,0.0,2,True,0,390.0
cluster_14,RED,023,1,60,1.0,0,0,0.7,0.4,0.2,0.0,2,True,0,390.0
cluster_14,RED,BLUE,0,60,1.0,0,0,24.0,22.0,2.0,0.0,2,True,0,390.0
cluster_14,RED,GREEN,1,60,1.0,0,0,17.0,15.0,2.0,0.0,2,True,0,390.0
cluster_14,RED,ORANGE,0,60,1.0,0,0,44.0,42.0,2.0,0.0,2,True,0,390.0
cluster_147,215,RED,0,60,1.0,18,0,5505.5,5266.0,239.5,0.0,408,True,0,390.0
cluster_147,217,RED,0,60,1.0,0,29,7954.7,7389.4,565.3,0.0,571,True,0,390.0
cluster_147,226,RED,0,60,1.0,5,0,569.0,525.0,44.0,0.0,56,True,0,390.0
cluster_147,BLUE,RED,0,60,1.0,0,0,1593.5,1711.5,0.0,118.0,118,True,0,390.0
cluster_147,RED,215,0,60,1.0,0,0,1778.6,1723.7,54.8,0.0,113,True,0,390.0
cluster_147,RED,215,1,60,1.0,2,0,1344.4,1324.2,20.2,0.0,114,True,0,390.0
cluster_147,RED,217,0,60,1.0,0,8,1369.7,1614.2,0.0,244.5,115,True,0,390.0
cluster_147,RED,217,1,60,1.0,0,15,1292.6,1716.1,0.0,423.5,112,True,0,390.0
cluster_147,RED,226,0,60,1.0,0,0,3042.5,2986.5,56.0,0.0,113,True,0,390.0
cluster_147,RED,226,1,60,1.0,0,16,2067.5,2761.5,0.0,694.0,114,True,0,390.0
cluster_147,RED,BLUE,0,60,1.0,0,0,621.5,563.5,58.0,0.0,117,True,0,390.0
cluster_147,RED,BLUE,1,60,1.0,0,0,476.5,417.5,59.0,0.0,121,True,0,390.0
cluster_147,RED,RED,0,60,1.0,46,0,1062.0,193.5,868.5,0.0,59,True,0,390.0
cluster_147,RED,RED,1,60,1.0,1,0,936.5,877.5,59.0,0.0,59,True,0,390.0
cluster_15,009,RED,0,60,1.0,20,0,6068.8,5803.8,265.0,0.0,580,True,0,390.0
cluster_15,147,RED,0,60,1.0,7,0,6831.3,6484.3,347.0,0.0,598,True,0,390.0
cluster_15,219,RED,0,60,1.0,0,16,8236.8,8743.2,0.0,506.5,934,True,0,390.0
cluster_15,226,RED,0,60,1.0,21,0,11063.4,10885.9,177.5,0.0,980,True,0,390.0
cluster_15,RED,009,0,60,1.0,1,0,861.5,847.4,14.1,0.0,114,True,0,390.0
cluster_15,RED,009,1,60,1.0,1,0,772.3,720.9,51.4,0.0,115,True,0,390.0
cluster_15,RED,147,0,60,1.0,0,0,1195.9,1145.6,50.4,0.0,115,True,0,390.0
cluster_15,RED,147,1,60,1.0,0,0,1154.3,1257.8,0.0,103.5,113,True,0,390.0
cluster_15,RED,219,0,60,1.0,6,0,2188.4,2139.4,48.9,0.0,115,True,0,390.0
cluster_15,RED,219,1,60,1.0,0,0,1986.0,1936.2,49.8,0.0,114,True,0,390.0
cluster_15,RED,226,0,60,1.0,0,0,1475.0,1428.4,46.6,0.0,113,True,0,390.0
cluster_15,RED,226,1,60,1.0,0,0,1731.7,1690.3,41.4,0.0,113,True,0,390.0
cluster_15,RED,RED,0,60,1.0,0,0,565.5,623.5,0.0,58.0,58,True,0,390.0
cluster_15,RED,RED,1,60,1.0,0,0,585.0,536.0,49.0,0.0,57,True,0,390.0
cluster_191,025,RED,0,60,1.0,3,0,6386.8,6904.3,0.0,517.5,585,True,0,390.0
cluster_191,057,RED,0,60,1.0,48,0,22263.3,20111.9,2151.4,0.0,1927,True,0,390.0
cluster_191,104,RED,0,60,1.0,0,5,3922.7,4418.7,0.0,496.0,496,True,0,390.0
cluster_191,108,RED,0,60,1.0,0,2,4140.7,4078.7,62.0,0.0,418,True,0,390.0
cluster_191,221,RED,0,60,1.0,8,0,6464.2,6593.2,0.0,129.0,609,True,0,390.0
cluster_191,223,RED,0,60,1.0,0,27,2913.7,3123.7,0.0,210.0,270,True,0,390.0
cluster_191,226,RED,0,60,1.0,6,0,2022.9,2082.9,0.0,60.0,220,True,0,390.0
cluster_191,RED,025,0,60,1.0,0,0,244.5,300.3,0.0,55.8,118,True,0,390.0
cluster_191,RED,025,1,60,1.0,1,0,663.5,605.5,58.0,0.0,116,True,0,390.0
cluster_191,RED,057,0,60,1.0,0,0,485.4,491.5,0.0,6.2,118,True,0,390.0
cluster_191,RED,057,1,60,1.0,2,0,595.4,564.9,30.5,0.0,114,True,0,390.0
cluster_191,RED,104,0,60,1.0,13,0,1295.8,1239.8,56.0,0.0,113,True,0,390.0
cluster_191,RED,104,1,60,1.0,0,0,693.4,644.2,49.2,0.0,111,True,0,390.0
cluster_191,RED,108,0,60,1.0,0,0,1427.6,1370.6,57.0,0.0,114,True,0,390.0
cluster_191,RED,108,1,60,1.0,7,0,1304.7,1390.5,0.0,85.8,116,True,0,390.0
cluster_191,RED,221,0,60,1.0,12,0,2003.3,1952.9,50.4,0.0,115,True,0,390.0
cluster_191,RED,221,1,60,1.0,3,0,1692.7,1652.0,40.7,0.0,113,True,0,390.0
cluster_191,RED,223,0,60,1.0,0,3,2477.5,2513.3,0.0,35.8,110,True,0,390.0
cluster_191,RED,223,1,60,1.0,0,6,2296.4,2564.3,0.0,267.9,111,True,0,390.0
cluster_191,RED,226,0,60,1.0,0,0,1999.0,1943.0,56.0,0.0,112,True,0,390.0
cluster_191,RED,226,1,60,1.0,4,0,2904.5,2847.5,57.0,0.0,113,True,0,390.0
cluster_191,RED,RED,0,60,1.0,0,0,943.0,1001.0,0.0,58.0,58,True,0,390.0
cluster_191,RED,RED,1,60,1.0,0,0,995.0,937.0,58.0,0.0,58,True,0,390.0
cluster_22,023,RED,0,60,1.0,63,0,12097.3,11828.3,269.0,0.0,1400,True,0,390.0
cluster_22,103,RED,0,60,1.0,8,0,6969.8,6836.8,133.0,0.0,667,True,0,390.0
cluster_22,207,RED,0,60,1.0,0,1,9190.6,9078.6,112.0,0.0,799,True,0,390.0
cluster_22,237,RED,0,60,1.0,0,42,7302.9,7330.9,0.0,28.0,608,True,0,390.0
cluster_22,425,RED,0,60,1.0,0,16,8463.7,8832.7,0.0,369.0,849,True,0,390.0
cluster_22,BLUE,RED,0,60,1.0,0,48,1758.0,1875.0,0.0,117.0,117,True,0,390.0
cluster_22,ORANGE,RED,0,60,1.0,0,0,1056.0,1162.0,0.0,106.0,106,True,0,390.0
cluster_22,RED,023,0,60,1.0,5,0,584.1,528.4,55.7,0.0,116,True,0,390.0
cluster_22,RED,023,1,60,1.0,0,0,587.3,602.4,0.0,15.1,115,True,0,390.0
cluster_22,RED,103,0,60,1.0,0,10,863.0,1062.1,0.0,199.1,110,True,0,390.0
cluster_22,RED,103,1,60,1.0,0,0,1350.6,1295.6,55.0,0.0,110,True,0,390.0
cluster_22,RED,207,0,60,1.0,4,0,2028.7,1977.7,50.9,0.0,110,True,0,390.0
cluster_22,RED,207,1,60,1.0,0,1,1960.5,1978.5,0.0,18.0,111,True,0,390.0
cluster_22,RED,237,0,60,1.0,0,2,1127.6,1141.7,0.0,14.0,110,True,0,390.0
cluster_22,RED,237,1,60,1.0,6,0,1333.6,1293.0,40.6,0.0,110,True,0,390.0
cluster_22,RED,425,0,60,1.0,1,0,374.4,361.6,12.8,0.0,88,True,0,390.0
cluster_22,RED,425,1,60,1.0,1,0,229.1,210.5,18.7,0.0,88,True,0,390.0
cluster_22,RED,BLUE,0,60,1.0,0,0,646.0,589.0,57.0,0.0,113,True,0,390.0
cluster_22,RED,BLUE,1,60,1.0,0,0,1233.5,1176.5,57.0,0.0,114,True,0,390.0
cluster_22,RED,ORANGE,0,60,1.0,0,0,1005.0,953.5,51.5,0.0,103,True,0,390.0
cluster_22,RED,ORANGE,1,60,1.0,0,0,742.0,689.0,53.0,0.0,106,True,0,390.0
cluster_22,RED,RED,0,60,1.0,1,0,239.5,275.0,0.0,35.5,58,True,0,390.0
cluster_22,RED,RED,1,60,1.0,0,0,815.0,758.0,57.0,0.0,57,True,0,390.0
cluster_29,RED,023,0,60,1.0,0,0,5.0,4.0,1.0,0.0,1,True,0,390.0
cluster_29,RED,BLUE,0,60,1.0,0,0,13.0,12.0,1.0,0.0,1,True,0,390.0
cluster_29,RED,GREEN,1,60,1.0,0,0,29.5,28.5,1.0,0.0,1,True,0,390.0
cluster_29,RED,ORANGE,0,60,1.0,0,0,23.0,22.0,1.0,0.0,1,True,0,390.0
cluster_30,009,RED,0,60,1.0,12,0,4954.6,4961.2,0.0,6.6,506,True,0,390.0
cluster_30,101,RED,0,60,1.0,30,0,19339.8,18579.3,760.5,0.0,1567,True,0,390.0
cluster_30,226,RED,0,60,1.0,0,10,3172.7,3435.2,0.0,262.5,330,True,0,390.0
cluster_30,RED,009,0,60,1.0,4,0,817.1,789.0,28.0,0.0,115,True,0,390.0
cluster_30,RED,009,1,60,1.0,1,0,843.1,810.2,32.9,0.0,114,True,0,390.0
cluster_30,RED,101,0,60,1.0,0,0,816.1,771.7,44.4,0.0,117,True,0,390.0
cluster_30,RED,101,1,60,1.0,0,0,492.6,495.4,0.0,2.8,113,True,0,390.0
cluster_30,RED,226,0,60,1.0,0,0,2180.9,2124.9,56.0,0.0,112,True,0,390.0
cluster_30,RED,226,1,60,1.0,0,1,2560.8,2536.4,24.4,0.0,112,True,0,390.0
cluster_30,RED,RED,0,60,1.0,1,0,305.5,333.5,0.0,28.0,58,True,0,390.0
cluster_30,RED,RED,1,60,1.0,1,0,731.5,673.5,58.0,0.0,58,True,0,390.0
cluster_52,145,RED,0,60,1.0,0,50,6004.9,6125.2,0.0,120.3,460,True,0,390.0
cluster_52,RED,145,0,60,1.0,0,6,1446.2,1572.2,0.0,126.0,115,True,0,390.0
cluster_52,RED,145,1,60,1.0,0,4,1479.7,1553.6,0.0,74.0,112,True,0,390.0
cluster_52,RED,RED,0,60,1.0,0,0,769.0,827.0,0.0,58.0,58,True,0,390.0
cluster_52,RED,RED,1,60,1.0,0,0,214.0,157.0,57.0,0.0,57,True,0,390.0
cluster_527,200,RED,0,60,1.0,1,0,5164.3,5320.3,0.0,156.0,416,True,0,390.0
cluster_527,202,RED,0,60,1.0,0,9,4086.4,4326.4,0.0,240.0,320,True,0,390.0
cluster_527,250,RED,0,60,1.0,8,0,5345.1,5353.1,0.0,8.0,448,True,0,390.0
cluster_527,ORANGE,RED,0,60,1.0,0,0,439.0,483.0,0.0,44.0,44,True,0,390.0
cluster_527,RED,200,0,60,1.0,0,2,1580.5,1582.7,0.0,2.2,112,True,0,390.0
cluster_527,RED,200,1,60,1.0,0,2,1524.9,1525.5,0.0,0.6,112,True,0,390.0
cluster_527,RED,202,0,60,1.0,2,0,1602.9,1550.8,52.2,0.0,111,True,0,390.0
cluster_527,RED,202,1,60,1.0,0,0,1533.3,1487.9,45.4,0.0,111,True,0,390.0
cluster_527,RED,250,0,60,1.0,0,0,1178.6,1134.4,44.2,0.0,112,True,0,390.0
cluster_527,RED,250,1,60,1.0,0,0,1439.6,1387.6,52.0,0.0,112,True,0,390.0
cluster_527,RED,ORANGE,0,60,1.0,0,0,10745.5,10696.5,49.0,0.0,98,True,0,390.0
cluster_527,RED,ORANGE,1,60,1.0,0,0,8168.0,8128.0,40.0,0.0,81,True,0,390.0
cluster_527,RED,RED,0,60,1.0,0,0,197.0,253.0,0.0,56.0,56,True,0,390.0
cluster_527,RED,RED,1,60,1.0,0,0,836.0,779.0,57.0,0.0,57,True,0,390.0
cluster_6,003,RED,0,60,1.0,29,0,5401.7,5234.2,167.5,0.0,576,True,0,390.0
cluster_6,017,RED,0,60,1.0,0,8,15483.0,15423.8,59.2,0.0,1676,True,0,390.0
cluster_6,205,RED,0,60,1.0,16,0,1129.3,864.8,264.5,0.0,95,True,0,390.0
cluster_6,249,RED,0,60,1.0,0,0,1282.6,1425.6,0.0,143.0,189,True,0,390.0
cluster_6,440,RED,0,60,1.0,0,4,18146.0,18212.0,0.0,66.0,2304,True,0,390.0
cluster_6,442,RED,0,60,1.0,3,0,1242.4,972.9,269.5,0.0,108,True,0,390.0
cluster_6,BLUE,RED,0,60,1.0,0,0,1277.0,1394.0,0.0,117.0,117,True,0,390.0
cluster_6,ORANGE,RED,0,60,1.0,1,0,1057.0,1248.5,0.0,191.5,212,True,0,390.0
cluster_6,RED,003,0,60,1.0,0,23,987.1,1267.4,0.0,280.3,226,True,0,390.0
cluster_6,RED,003,1,60,1.0,0,8,1649.5,1667.2,0.0,17.7,226,True,0,390.0
cluster_6,RED,017,0,60,1.0,0,1,880.9,875.2,5.6,0.0,232,True,0,390.0
cluster_6,RED,017,1,60,1.0,0,0,917.5,859.8,57.7,0.0,228,True,0,390.0
cluster_6,RED,205,0,60,1.0,0,0,4398.5,4286.5,112.0,0.0,224,True,0,390.0
cluster_6,RED,205,1,60,1.0,0,7,4103.7,4335.9,0.0,232.1,223,True,0,390.0
cluster_6,RED,249,0,60,1.0,0,0,3842.5,3734.5,108.0,0.0,217,True,0,390.0
cluster_6,RED,249,1,60,1.0,3,0,3641.5,3636.1,5.4,0.0,220,True,0,390.0
cluster_6,RED,440,0,60,1.0,0,0,114.3,103.2,11.1,0.0,180,True,0,390.0
cluster_6,RED,440,1,60,1.0,6,0,442.9,402.1,40.8,0.0,178,True,0,390.0
cluster_6,RED,442,0,60,1.0,0,20,1609.8,1933.5,0.0,323.7,210,True,0,390.0
cluster_6,RED,BLUE,0,60,1.0,0,0,1990.5,1876.5,114.0,0.0,226,True,0,390.0
cluster_6,RED,BLUE,1,60,1.0,0,0,1772.5,1657.5,115.0,0.0,229,True,0,390.0
cluster_6,RED,ORANGE,0,60,1.0,0,0,886.0,784.5,101.5,0.0,207,True,0,390.0
cluster_6,RED,ORANGE,1,60,1.0,0,0,2084.0,1978.0,106.0,0.0,212,True,0,390.0
cluster_6,RED,RED,0,60,1.0,0,1,1250.0,1362.0,0.0,112.0,114,True,0,390.0
cluster_6,RED,RED,1,60,1.0,0,0,521.0,411.0,110.0,0.0,114,True,0,390.0
cluster_666,236,RED,0,60,1.0,0,0,2263.2,2424.7,0.0,161.5,284,True,0,390.0
cluster_666,247,RED,0,60,1.0,0,4,4973.7,4874.7,99.0,0.0,441,True,0,390.0
cluster_666,ORANGE,RED,0,60,1.0,0,19,522.0,565.0,0.0,43.0,43,True,0,390.0
cluster_666,RED,236,0,60,1.0,0,6,1791.2,1900.2,0.0,109.0,109,True,0,390.0
cluster_666,RED,236,1,60,1.0,1,0,1434.1,1379.1,55.0,0.0,110,True,0,390.0
cluster_666,RED,247,0,60,1.0,2,0,1362.0,1312.6,49.4,0.0,113,True,0,390.0
cluster_666,RED,247,1,60,1.0,0,0,1409.8,1360.2,49.5,0.0,110,True,0,390.0
cluster_666,RED,ORANGE,0,60,1.0,0,0,10981.5,10932.5,49.0,0.0,99,True,0,390.0
cluster_666,RED,ORANGE,1,60,1.0,0,18,7998.0,8699.0,0.0,701.0,81,True,0,390.0
cluster_666,RED,RED,0,60,1.0,0,3,406.0,461.0,0.0,55.0,55,True,0,390.0
cluster_666,RED,RED,1,60,1.0,0,3,563.5,608.5,0.0,45.0,56,True,0,390.0
cluster_666,RED,SILVER,0,60,1.0,0,16,2299.0,2962.0,0.0,663.0,113,True,0,390.0
cluster_666,RED,SILVER,1,60,1.0,0,0,2716.0,2663.0,53.0,0.0,108,True,0,390.0
cluster_666,SILVER,RED,0,60,1.0,0,16,720.0,776.0,0.0,56.0,56,True,0,390.0
cluster_667,017,RED,0,60,1.0,52,0,7630.9,7022.4,608.5,0.0,689,True,0,390.0
cluster_667,413,RED,0,60,1.0,0,0,538.0,590.0,0.0,52.0,52,True,0,390.0
cluster_667,417,RED,0,60,1.0,0,0,316.0,372.0,0.0,56.0,56,True,0,390.0
cluster_667,419,RED,0,60,1.0,0,0,414.0,468.0,0.0,54.0,54,True,0,390.0
cluster_667,ORANGE,RED,0,60,1.0,0,0,798.0,904.0,0.0,106.0,106,True,0,390.0
cluster_667,RED,017,0,60,1.0,0,0,1618.5,1561.5,57.0,0.0,115,True,0,390.0
cluster_667,RED,017,1,60,1.0,10,0,1077.1,1061.1,16.0,0.0,114,True,0,390.0
cluster_667,RED,413,0,60,1.0,0,0,5889.0,5847.0,42.0,0.0,84,True,0,390.0
cluster_667,RED,417,0,60,1.0,0,0,5112.5,5070.5,42.0,0.0,85,True,0,390.0
cluster_667,RED,419,0,60,1.0,0,0,5954.5,5911.5,43.0,0.0,86,True,0,390.0
cluster_667,RED,ORANGE,0,60,1.0,0,0,745.5,694.0,51.5,0.0,104,True,0,390.0
cluster_667,RED,ORANGE,1,60,1.0,0,2,1029.0,1026.0,3.0,0.0,106,True,0,390.0
cluster_667,RED,RED,0,60,1.0,0,1,868.5,924.5,0.0,56.0,56,True,0,390.0
cluster_667,RED,RED,1,60,1.0,0,49,149.0,1121.0,0.0,972.0,57,True,0,390.0
cluster_702,308,RED,0,60,1.0,4,0,894.9,896.9,0.0,2.0,102,True,0,390.0
cluster_702,BLUE,RED,0,60,1.0,0,0,985.0,1102.0,0.0,117.0,117,True,0,390.0
cluster_702,RED,308,0,60,1.0,0,0,6693.2,6655.4,37.8,0.0,80,True,0,390.0
cluster_702,RED,308,1,60,1.0,0,0,5205.5,5163.5,42.0,0.0,84,True,0,390.0
cluster_702,RED,BLUE,0,60,1.0,0,0,951.0,892.0,59.0,0.0,116,True,0,390.0
cluster_702,RED,BLUE,1,60,1.0,0,0,1018.5,961.5,57.0,0.0,114,True,0,390.0
cluster_702,RED,RED,0,60,1.0,0,0,491.5,548.5,0.0,57.0,57,True,0,390.0
cluster_702,RED,RED,1,60,1.0,0,0,569.5,512.5,57.0,0.0,57,True,0,390.0
cluster_717,020,RED,0,60,1.0,2,0,3100.9,2803.4,297.5,0.0,230,True,0,390.0
cluster_717,027,RED,0,60,1.0,0,0,1191.0,1305.0,0.0,114.0,114,True,0,390.0
cluster_717,ORANGE,RED,0,60,1.0,0,0,1016.0,1122.0,0.0,106.0,106,True,0,390.0
cluster_717,RED,020,0,60,1.0,0,0,697.4,663.7,33.7,0.0,114,True,0,390.0
cluster_717,RED,020,1,60,1.0,0,0,773.0,718.5,54.5,0.0,115,True,0,390.0
cluster_717,RED,027,0,60,1.0,0,0,742.5,685.5,57.0,0.0,114,True,0,390.0
cluster_717,RED,027,1,60,1.0,0,0,1270.5,1213.5,57.0,0.0,114,True,0,390.0
cluster_717,RED,ORANGE,0,60,1.0,0,0,986.0,934.5,51.5,0.0,103,True,0,390.0
cluster_717,RED,ORANGE,1,60,1.0,0,0,821.0,768.0,53.0,0.0,106,True,0,390.0
cluster_717,RED,RED,0,60,1.0,0,0,208.5,265.5,0.0,57.0,57,True,0,390.0
cluster_717,RED,RED,1,60,1.0,0,0,807.0,750.0,57.0,0.0,57,True,0,390.0
cluster_809,022,RED,0,60,1.0,0,0,1009.0,1123.0,0.0,114.0,114,True,0,390.0
cluster_809,241,RED,0,60,1.0,0,0,731.5,794.5,0.0,63.0,63,True,0,390.0
cluster_809,ORANGE,RED,0,60,1.0,0,0,586.0,692.0,0.0,106.0,106,True,0,390.0
cluster_809,RED,022,0,60,1.0,4,0,1292.0,1235.0,57.0,0.0,115,True,0,390.0
cluster_809,RED,022,1,60,1.0,0,0,956.5,899.5,57.0,0.0,114,True,0,390.0
cluster_809,RED,241,0,60,1.0,0,0,1809.0,1755.0,54.0,0.0,107,True,0,390.0
cluster_809,RED,241,1,60,1.0,0,0,2406.0,2351.0,55.0,0.0,110,True,0,390.0
cluster_809,RED,ORANGE,0,60,1.0,0,0,537.5,486.0,51.5,0.0,104,True,0,390.0
cluster_809,RED,ORANGE,1,60,1.0,0,0,1241.0,1188.0,53.0,0.0,106,True,0,390.0
cluster_809,RED,RED,0,60,1.0,1,0,667.0,700.5,0.0,33.5,56,True,0,390.0
cluster_809,RED,RED,1,60,1.0,1,0,356.0,299.0,57.0,0.0,57,True,0,390.0
cluster_810,238,RED,0,60,1.0,2,0,607.0,634.0,0.0,27.0,67,True,0,390.0
cluster_810,243,RED,0,60,1.0,0,7,651.5,714.5,0.0,63.0,63,True,0,390.0
cluster_810,244,RED,0,60,1.0,0,7,722.5,784.5,0.0,62.0,62,True,0,390.0
cluster_810,ORANGE,RED,0,60,1.0,0,0,571.0,615.0,0.0,44.0,44,True,0,390.0
cluster_810,RED,238,0,60,1.0,0,0,2024.5,1968.5,56.0,0.0,112,True,0,390.0
cluster_810,RED,238,1,60,1.0,2,0,2031.0,1975.0,56.0,0.0,111,True,0,390.0
cluster_810,RED,243,0,60,1.0,0,4,2205.0,2280.0,0.0,75.0,110,True,0,390.0
cluster_810,RED,243,1,60,1.0,0,3,2465.0,2502.0,0.0,37.0,111,True,0,390.0
cluster_810,RED,244,0,60,1.0,0,0,2013.5,1959.5,54.0,0.0,108,True,0,390.0
cluster_810,RED,244,1,60,1.0,0,7,2112.0,2336.0,0.0,224.0,107,True,0,390.0
cluster_810,RED,ORANGE,0,60,1.0,0,0,11039.5,10990.5,49.0,0.0,98,True,0,390.0
cluster_810,RED,ORANGE,1,60,1.0,0,0,8718.0,8678.0,40.0,0.0,81,True,0,390.0
cluster_810,RED,RED,0,60,1.0,0,0,533.0,589.0,0.0,56.0,56,True,0,390.0
cluster_810,RED,RED,1,60,1.0,1,0,555.5,499.5,56.0,0.0,56,True,0,390.0
cluster_811,408,RED,0,60,1.0,0,0,409.0,451.0,0.0,42.0,42,True,0,390.0
cluster_811,ORANGE,RED,0,60,1.0,0,0,279.0,322.0,0.0,43.0,43,True,0,390.0
cluster_811,RED,408,0,60,1.0,0,9,6206.5,6677.5,0.0,471.0,73,True,0,390.0
cluster_811,RED,408,1,60,1.0,0,0,5884.0,5848.0,36.0,0.0,72,True,0,390.0
cluster_811,RED,ORANGE,0,60,1.0,0,0,10363.0,10314.0,49.0,0.0,99,True,0,390.0
cluster_811,RED,ORANGE,1,60,1.0,0,0,8498.0,8458.0,40.0,0.0,81,True,0,390.0
cluster_811,RED,RED,0,60,1.0,0,0,711.0,767.0,0.0,56.0,56,True,0,390.0
cluster_811,RED,RED,1,60,1.0,0,0,247.5,191.5,56.0,0.0,56,True,0,390.0
cluster_828,232,RED,0,60,1.0,4,0,712.5,661.0,51.5,0.0,66,True,0,390.0
cluster_828,245,RED,0,60,1.0,0,11,768.5,830.5,0.0,62.0,62,True,0,390.0
cluster_828,883E,RED,0,60,1.0,0,16,1192.5,1322.5,0.0,130.0,130,True,0,390.0
cluster_828,ORANGE,RED,0,60,1.0,0,0,384.0,427.0,0.0,43.0,43,True,0,390.0
cluster_828,RED,232,0,60,1.0,4,0,1834.0,1780.0,54.0,0.0,108,True,0,390.0
cluster_828,RED,232,1,60,1.0,1,0,1687.5,1632.5,55.0,0.0,110,True,0,390.0
cluster_828,RED,245,0,60,1.0,0,1,1988.0,2023.0,0.0,35.0,109,True,0,390.0
cluster_828,RED,245,1,60,1.0,0,9,2068.0,2376.0,0.0,308.0,110,True,0,390.0
cluster_828,RED,883E,0,60,1.0,0,16,488.0,679.0,0.0,191.0,97,True,0,390.0
cluster_828,RED,883E,1,60,1.0,0,0,833.0,785.0,48.0,0.0,95,True,0,390.0
cluster_828,RED,ORANGE,0,60,1.0,0,0,10612.5,10563.5,49.0,0.0,99,True,0,390.0
cluster_828,RED,ORANGE,1,60,1.0,0,0,8318.0,8278.0,40.0,0.0,81,True,0,390.0
cluster_828,RED,RED,0,60,1.0,0,0,989.5,1045.5,0.0,56.0,56,True,0,390.0
cluster_828,RED,RED,1,60,1.0,0,0,979.5,953.5,26.0,0.0,56,True,0,390.0
cluster_828,RED,SILVER,0,60,1.0,0,16,1854.0,2517.0,0.0,663.0,113,True,0,390.0
cluster_828,RED,SILVER,1,60,1.0,0,0,2737.5,2683.5,54.0,0.0,109,True,0,390.0
cluster_828,SILVER,RED,0,60,1.0,0,16,531.0,587.0,0.0,56.0,56,True,0,390.0
cluster_829,234,RED,0,60,1.0,0,15,2007.8,2104.8,0.0,97.0,157,True,0,390.0
cluster_829,236,RED,0,60,1.0,0,15,2956.1,2940.6,15.5,0.0,252,True,0,390.0
cluster_829,247,RED,0,60,1.0,0,5,2263.7,2403.7,0.0,140.0,220,True,0,390.0
cluster_829,ORANGE,RED,0,60,1.0,0,0,226.5,269.5,0.0,43.0,43,True,0,390.0
cluster_829,RED,234,0,60,1.0,3,0,1977.1,1926.5,50.6,0.0,109,True,0,390.0
cluster_829,RED,234,1,60,1.0,0,18,1581.0,2215.0,0.0,634.0,108,True,0,390.0
cluster_829,RED,236,0,60,1.0,0,15,1756.0,2232.0,0.0,476.0,108,True,0,390.0
cluster_829,RED,236,1,60,1.0,0,0,1843.7,2124.2,0.0,280.5,109,True,0,390.0
cluster_829,RED,247,0,60,1.0,0,3,1938.8,2033.8,0.0,95.0,112,True,0,390.0
cluster_829,RED,247,1,60,1.0,0,2,1586.6,1650.3,0.0,63.6,110,True,0,390.0
cluster_829,RED,ORANGE,0,60,1.0,0,0,10236.5,10187.5,49.0,0.0,99,True,0,390.0
cluster_829,RED,ORANGE,1,60,1.0,0,0,8562.5,8523.5,39.0,0.0,80,True,0,390.0
cluster_829,RED,RED,0,60,1.0,0,0,566.0,621.0,0.0,55.0,55,True,0,390.0
cluster_829,RED,RED,1,60,1.0,0,0,412.5,356.5,56.0,0.0,56,True,0,390.0
cluster_9,001,RED,0,60,1.0,0,18,4755.7,4493.7,262.0,0.0,1170,True,0,390.0
cluster_9,003,RED,0,60,1.0,9,0,7722.7,7640.8,82.0,0.0,1890,True,0,390.0
cluster_9,009,RED,0,60,1.0,16,0,4840.0,4603.5,236.5,0.0,1152,True,0,390.0
cluster_9,013,RED,0,60,1.0,66,0,5267.1,4403.1,864.0,0.0,1218,True,0,390.0
cluster_9,016,RED,0,60,1.0,0,40,3316.9,3775.4,0.0,458.5,696,True,0,390.0
cluster_9,018,RED,0,60,1.0,8,0,1314.1,1079.8,234.3,0.0,639,True,0,390.0
cluster_9,102,RED,0,60,1.0,0,39,3767.1,3873.1,0.0,106.0,782,True,0,390.0
cluster_9,103,RED,0,60,1.0,0,5,2220.9,2323.4,0.0,102.5,540,True,0,390.0
cluster_9,106,RED,0,60,1.0,10,0,3714.1,3951.4,0.0,237.3,1027,True,0,390.0
cluster_9,109,RED,0,60,1.0,4,0,2539.5,2633.5,0.0,94.0,798,True,0,390.0
cluster_9,128,RED,0,60,1.0,0,45,3499.9,3468.4,31.5,0.0,1012,True,0,390.0
cluster_9,145,RED,0,60,1.0,0,11,2854.3,3136.1,0.0,281.8,841,True,0,390.0
cluster_9,147,RED,0,60,1.0,0,5,2326.2,2342.2,0.0,16.0,831,True,0,390.0
cluster_9,205,RED,0,60,1.0,0,21,1505.7,1677.7,0.0,172.0,384,True,0,390.0
cluster_9,207,RED,0,60,1.0,6,0,3431.0,3060.0,371.0,0.0,729,True,0,390.0
cluster_9,214,RED,0,60,1.0,40,0,2998.3,2662.8,335.5,0.0,647,True,0,390.0
cluster_9,224,RED,0,60,1.0,11,0,1855.4,1793.4,62.0,0.0,459,True,0,390.0
cluster_9,230,RED,0,60,1.0,8,0,1916.3,1935.3,0.0,19.0,551,True,0,390.0
cluster_9,237,RED,0,60,1.0,13,0,3017.3,2618.8,398.5,0.0,690,True,0,390.0
cluster_9,239,RED,0,60,1.0,0,3,1813.9,1740.4,73.5,0.0,533,True,0,390.0
cluster_9,249,RED,0,60,1.0,6,0,1710.4,1498.4,212.0,0.0,384,True,0,390.0
cluster_9,306,RED,0,60,1.0,16,0,2287.3,2055.3,232.0,0.0,668,True,0,390.0
cluster_9,308,RED,0,60,1.0,0,14,3628.6,3684.6,0.0,56.0,1046,True,0,390.0
cluster_9,421,RED,0,60,1.0,0,0,132.0,150.0,0.0,18.0,42,True,0,390.0
cluster_9,425,RED,0,60,1.0,0,26,3101.2,3373.2,0.0,272.0,1032,True,0,390.0
cluster_9,620,RED,0,60,1.0,0,48,648.5,600.5,48.0,0.0,110,True,0,390.0
cluster_9,BLUE,RED,0,60,1.0,111,0,2730.5,1785.0,945.5,0.0,590,True,0,390.0
cluster_9,GREEN,RED,0,60,1.0,0,2,1479.0,1692.5,0.0,213.5,464,True,0,390.0
cluster_9,ORANGE,RED,0,60,1.0,56,0,1926.5,1306.5,620.0,0.0,452,True,0,390.0
cluster_9,RED,001,0,60,1.0,0,0,1527.7,1520.7,7.0,0.0,564,True,0,390.0
cluster_9,RED,001,1,60,1.0,0,1,1550.2,1608.8,0.0,58.6,567,True,0,390.0
cluster_9,RED,003,0,60,1.0,0,0,801.9,747.5,54.4,0.0,575,True,0,390.0
cluster_9,RED,003,1,60,1.0,0,0,1179.8,1159.7,20.0,0.0,565,True,0,390.0
cluster_9,RED,009,0,60,1.0,0,0,2234.9,2105.6,129.3,0.0,565,True,0,390.0
cluster_9,RED,009,1,60,1.0,0,1,2153.2,2122.0,31.2,0.0,564,True,0,390.0
cluster_9,RED,013,0,60,1.0,0,13,3061.0,3126.6,0.0,65.6,565,True,0,390.0
cluster_9,RED,013,1,60,1.0,0,5,1731.5,2237.8,0.0,506.3,565,True,0,390.0
cluster_9,RED,016,0,60,1.0,4,0,3765.3,3576.6,188.7,0.0,566,True,0,390.0
cluster_9,RED,016,1,60,1.0,0,0,3739.8,3628.4,111.3,0.0,565,True,0,390.0
cluster_9,RED,018,0,60,1.0,0,2,2568.8,2781.6,0.0,212.8,571,True,0,390.0
cluster_9,RED,018,1,60,1.0,0,14,3159.1,3403.5,0.0,244.4,567,True,0,390.0
cluster_9,RED,102,0,60,1.0,0,3,3474.1,3578.3,0.0,104.2,564,True,0,390.0
cluster_9,RED,102,1,60,1.0,0,10,4670.7,4730.1,0.0,59.5,560,True,0,390.0
cluster_9,RED,103,0,60,1.0,10,0,3845.2,3656.9,188.2,0.0,551,True,0,390.0
cluster_9,RED,103,1,60,1.0,21,0,4702.4,4465.3,237.2,0.0,552,True,0,390.0
cluster_9,RED,106,0,60,1.0,1,0,4737.7,4631.0,106.6,0.0,573,True,0,390.0
cluster_9,RED,106,1,60,1.0,18,0,5320.6,5154.9,165.8,0.0,565,True,0,390.0
cluster_9,RED,109,0,60,1.0,0,4,3825.2,3979.2,0.0,154.0,571,True,0,390.0
cluster_9,RED,109,1,60,1.0,1,0,5278.2,5149.7,128.5,0.0,559,True,0,390.0
cluster_9,RED,128,0,60,1.0,9,0,4507.5,4438.8,68.7,0.0,569,True,0,390.0
cluster_9,RED,128,1,60,1.0,27,0,5717.1,5481.9,235.2,0.0,564,True,0,390.0
cluster_9,RED,145,0,60,1.0,0,10,3882.0,4075.6,0.0,193.7,572,True,0,390.0
cluster_9,RED,145,1,60,1.0,9,0,4762.4,4534.9,227.5,0.0,559,True,0,390.0
cluster_9,RED,147,0,60,1.0,2,0,3827.3,3667.9,159.5,0.0,569,True,0,390.0
cluster_9,RED,147,1,60,1.0,0,18,3438.7,3666.8,0.0,228.2,563,True,0,390.0
cluster_9,RED,205,0,60,1.0,0,10,8214.0,8358.4,0.0,144.4,575,True,0,390.0
cluster_9,RED,205,1,60,1.0,0,2,8704.0,8664.0,39.9,0.0,562,True,0,390.0
cluster_9,RED,207,0,60,1.0,0,1,7563.4,7462.2,101.2,0.0,550,True,0,390.0
cluster_9,RED,207,1,60,1.0,2,0,9843.2,9674.8,168.5,0.0,554,True,0,390.0
cluster_9,RED,214,0,60,1.0,0,5,5978.6,5909.3,69.3,0.0,563,True,0,390.0
cluster_9,RED,214,1,60,1.0,3,0,6689.7,6575.1,114.6,0.0,555,True,0,390.0
cluster_9,RED,224,0,60,1.0,0,0,4250.2,4136.6,113.6,0.0,568,True,0,390.0
cluster_9,RED,224,1,60,1.0,1,0,11295.0,11049.0,246.0,0.0,549,True,0,390.0
cluster_9,RED,230,0,60,1.0,0,1,6611.3,6760.2,0.0,148.9,561,True,0,390.0
cluster_9,RED,230,1,60,1.0,1,0,7235.2,7060.0,175.2,0.0,557,True,0,390.0
cluster_9,RED,237,0,60,1.0,2,0,6672.4,6823.8,0.0,151.4,554,True,0,390.0
cluster_9,RED,237,1,60,1.0,0,2,5163.3,5132.3,31.0,0.0,550,True,0,390.0
cluster_9,RED,239,0,60,1.0,12,0,7517.3,7375.2,142.1,0.0,548,True,0,390.0
cluster_9,RED,239,1,60,1.0,19,0,8257.5,8118.9,138.6,0.0,551,True,0,390.0
cluster_9,RED,249,0,60,1.0,0,14,7438.6,7759.2,0.0,320.6,549,True,0,390.0
cluster_9,RED,249,1,60,1.0,0,0,7398.1,7225.1,172.9,0.0,554,True,0,390.0
cluster_9,RED,306,0,60,1.0,0,0,17217.0,17250.4,0.0,33.4,396,True,0,390.0
cluster_9,RED,306,1,60,1.0,0,9,17333.6,17727.6,0.0,394.0,393,True,0,390.0
cluster_9,RED,308,0,60,1.0,1,0,27990.8,27877.8,113.0,0.0,408,True,0,390.0
cluster_9,RED,308,1,60,1.0,0,1,20924.8,21133.3,0.0,208.6,426,True,0,390.0
cluster_9,RED,421,0,60,1.0,11,0,18810.5,18610.5,200.0,0.0,399,True,0,390.0
cluster_9,RED,421,1,60,1.0,0,0,18506.5,18306.5,200.0,0.0,398,True,0,390.0
cluster_9,RED,425,0,60,1.0,0,4,1524.0,1497.8,26.2,0.0,420,True,0,390.0
cluster_9,RED,425,1,60,1.0,0,0,823.8,778.2,45.5,0.0,441,True,0,390.0
cluster_9,RED,620,0,60,1.0,47,0,5993.0,5788.0,205.0,0.0,528,True,0,390.0
cluster_9,RED,620,1,60,1.0,0,48,4143.0,4878.0,0.0,735.0,528,True,0,390.0
cluster_9,RED,BLUE,0,60,1.0,2,0,1973.5,1851.0,122.5,0.0,585,True,0,390.0
cluster_9,RED,BLUE,1,60,1.0,0,5,1673.0,2197.0,0.0,524.0,575,True,0,390.0
cluster_9,RED,GREEN,0,60,1.0,50,0,3470.5,3310.0,160.5,0.0,565,True,0,390.0
cluster_9,RED,GREEN,1,60,1.0,0,0,3733.0,3622.0,111.0,0.0,576,True,0,390.0
cluster_9,RED,ORANGE,0,60,1.0,53,0,4308.0,4067.0,241.0,0.0,578,True,0,390.0
cluster_9,RED,ORANGE,1,60,1.0,1,0,2411.0,2157.0,254.0,0.0,554,True,0,390.0
cluster_9,RED,RED,0,60,1.0,2,0,588.0,829.0,0.0,241.0,285,True,0,390.0
cluster_9,RED,RED,1,60,1.0,0,49,1658.0,2049.5,0.0,391.5,290,True,0,390.0
cluster_9,RED,TRE,0,60,1.0,18,0,12090.0,11830.0,260.0,0.0,515,True,0,390.0
cluster_9,RED,TRE,1,60,1.0,0,3,12133.0,11951.0,182.0,0.0,545,True,0,390.0
cluster_9,TRE,RED,0,60,1.0,0,3,178.0,197.0,0.0,19.0,57,True,0,390.0
cluster_1,027,RED,0,120,2.0,192,0,7398.2,5125.7,2272.5,0.0,855,True,0,330.0
cluster_1,ORANGE,RED,0,120,2.0,0,47,1228.0,1420.0,0.0,192.0,106,True,0,330.0
cluster_1,RED,027,0,120,2.0,29,0,888.0,801.7,86.2,0.0,114,True,0,330.0
cluster_1,RED,027,1,120,2.0,16,0,725.4,613.4,112.0,0.0,113,True,0,330.0
cluster_1,RED,ORANGE,0,120,2.0,0,0,1190.0,1087.5,102.5,0.0,103,True,0,330.0
cluster_1,RED,ORANGE,1,120,2.0,0,47,611.5,1453.0,0.0,841.5,106,True,0,330.0
cluster_1,RED,RED,0,120,2.0,0,4,436.5,550.5,0.0,114.0,57,True,0,330.0
cluster_1,RED,RED,1,120,2.0,0,3,579.0,554.0,25.0,0.0,57,True,0,330.0
cluster_1062,ORANGE,RED,0,120,2.0,0,0,459.0,545.0,0.0,86.0,43,True,0,330.0
cluster_1062,RED,ORANGE,0,120,2.0,0,0,10832.0,10734.0,98.0,0.0,99,True,0,330.0
cluster_1062,RED,ORANGE,1,120,2.0,0,0,8118.0,8038.0,80.0,0.0,81,True,0,330.0
cluster_1062,RED,RED,0,120,2.0,0,0,242.5,352.5,0.0,110.0,55,True,0,330.0
cluster_1062,RED,RED,1,120,2.0,0,0,730.5,618.5,112.0,0.0,56,True,0,330.0
cluster_14,018,RED,0,120,2.0,0,0,2.9,0.3,2.6,0.0,3,True,0,330.0
cluster_14,023,RED,0,120,2.0,0,0,0.0,0.2,0.0,0.2,0,True,0,330.0
cluster_14,RED,018,0,120,2.0,0,0,3.0,1.0,2.0,0.0,2,True,0,330.0
cluster_14,RED,018,1,120,2.0,0,0,0.5,0.0,0.5,0.0,1,True,0,330.0
cluster_14,RED,023,0,120,2.0,0,0,10.6,6.6,4.0,0.0,2,True,0,330.0
cluster_14,RED,023,1,120,2.0,0,0,0.7,0.1,0.5,0.0,2,True,0,330.0
cluster_14,RED,BLUE,0,120,2.0,0,0,24.0,20.0,4.0,0.0,2,True,0,330.0
cluster_14,RED,GREEN,1,120,2.0,0,0,17.0,13.0,4.0,0.0,2,True,0,330.0
cluster_14,RED,ORANGE,0,120,2.0,0,0,44.0,40.0,4.0,0.0,2,True,0,330.0
cluster_147,215,RED,0,120,2.0,47,0,5505.5,4599.0,906.5,0.0,408,True,0,330.0
cluster_147,217,RED,0,120,2.0,0,1,7954.7,6608.6,1346.1,0.0,571,True,0,330.0
cluster_147,226,RED,0,120,2.0,0,11,569.0,581.0,0.0,12.0,56,True,0,330.0
cluster_147,BLUE,RED,0,120,2.0,0,0,1593.5,1829.5,0.0,236.0,118,True,0,330.0
cluster_147,RED,215,0,120,2.0,22,0,1778.6,1702.0,76.5,0.0,113,True,0,330.0
cluster_147,RED,215,1,120,2.0,0,2,1344.4,1463.8,0.0,119.3,114,True,0,330.0
cluster_147,RED,217,0,120,2.0,0,8,1369.7,1565.0,0.0,195.3,115,True,0,330.0
cluster_147,RED,217,1,120,2.0,0,15,1292.6,1661.1,0.0,368.5,112,True,0,330.0
cluster_147,RED,226,0,120,2.0,0,0,3042.5,2930.5,112.0,0.0,113,True,0,330.0
cluster_147,RED,226,1,120,2.0,0,16,2067.5,2705.5,0.0,638.0,114,True,0,330.0
cluster_147,RED,BLUE,0,120,2.0,0,0,621.5,505.5,116.0,0.0,117,True,0,330.0
cluster_147,RED,BLUE,1,120,2.0,0,48,476.5,1318.5,0.0,842.0,121,True,0,330.0
cluster_147,RED,RED,0,120,2.0,46,0,1062.0,252.5,809.5,0.0,59,True,0,330.0
cluster_147,RED,RED,1,120,2.0,2,0,936.5,818.5,118.0,0.0,59,True,0,330.0
cluster_15,009,RED,0,120,2.0,29,0,6068.8,5863.8,205.0,0.0,580,True,0,330.0
cluster_15,147,RED,0,120,2.0,17,0,6831.3,6399.8,431.5,0.0,598,True,0,330.0
cluster_15,219,RED,0,120,2.0,0,14,8236.8,8869.8,0.0,633.0,934,True,0,330.0
cluster_15,226,RED,0,120,2.0,35,0,11063.4,10910.9,152.5,0.0,980,True,0,330.0
cluster_15,RED,009,0,120,2.0,0,0,861.5,837.7,23.8,0.0,114,True,0,330.0
cluster_15,RED,009,1,120,2.0,3,0,772.3,756.9,15.5,0.0,115,True,0,330.0
cluster_15,RED,147,0,120,2.0,0,5,1195.9,1305.0,0.0,109.1,115,True,0,330.0
cluster_15,RED,147,1,120,2.0,3,0,1154.3,1206.2,0.0,51.9,113,True,0,330.0
cluster_15,RED,219,0,120,2.0,6,0,2188.4,2091.5,96.9,0.0,115,True,0,330.0
cluster_15,RED,219,1,120,2.0,0,0,1986.0,1886.2,99.7,0.0,114,True,0,330.0
cluster_15,RED,226,0,120,2.0,0,1,1475.0,1403.6,71.4,0.0,113,True,0,330.0
cluster_15,RED,226,1,120,2.0,0,0,1731.7,1643.7,88.1,0.0,113,True,0,330.0
cluster_15,RED,RED,0,120,2.0,0,2,565.5,681.5,0.0,116.0,58,True,0,330.0
cluster_15,RED,RED,1,120,2.0,4,0,585.0,499.0,86.0,0.0,57,True,0,330.0
cluster_191,025,RED,0,120,2.0,0,46,6386.8,7489.3,0.0,1102.5,585,True,0,330.0
cluster_191,057,RED,0,120,2.0,148,0,22263.3,19227.7,3035.6,0.0,1927,True,0,330.0
cluster_191,104,RED,0,120,2.0,0,18,3922.7,4736.3,0.0,813.6,496,True,0,330.0
cluster_191,108,RED,0,120,2.0,4,0,4140.7,4176.8,0.0,36.1,418,True,0,330.0
cluster_191,221,RED,0,120,2.0,0,0,6464.2,6842.2,0.0,378.0,609,True,0,330.0
cluster_191,223,RED,0,120,2.0,0,48,2913.7,3213.7,0.0,300.0,270,True,0,330.0
cluster_191,226,RED,0,120,2.0,12,0,2022.9,2172.9,0.0,150.0,220,True,0,330.0
cluster_191,RED,025,0,120,2.0,0,0,244.5,241.3,3.2,0.0,118,True,0,330.0
cluster_191,RED,025,1,120,2.0,1,0,663.5,550.8,112.7,0.0,116,True,0,330.0
cluster_191,RED,057,0,120,2.0,0,0,485.4,498.6,0.0,13.2,118,True,0,330.0
cluster_191,RED,057,1,120,2.0,2,0,595.4,518.6,76.8,0.0,114,True,0,330.0
cluster_191,RED,104,0,120,2.0,28,0,1295.8,1183.8,112.0,0.0,113,True,0,330.0
cluster_191,RED,104,1,120,2.0,0,2,693.4,724.0,0.0,30.6,111,True,0,330.0
cluster_191,RED,108,0,120,2.0,0,1,1427.6,1341.5,86.1,0.0,114,True,0,330.0
cluster_191,RED,108,1,120,2.0,1,0,1304.7,1498.3,0.0,193.6,116,True,0,330.0
cluster_191,RED,221,0,120,2.0,12,0,2003.3,1905.4,97.9,0.0,115,True,0,330.0
cluster_191,RED,221,1,120,2.0,6,0,1692.7,1600.2,92.5,0.0,113,True,0,330.0
cluster_191,RED,223,0,120,2.0,0,6,2477.5,2546.2,0.0,68.7,110,True,0,330.0
cluster_191,RED,223,1,120,2.0,0,6,2296.4,2618.0,0.0,321.6,111,True,0,330.0
cluster_191,RED,226,0,120,2.0,0,0,1999.0,1901.3,97.7,0.0,112,True,0,330.0
cluster_191,RED,226,1,120,2.0,4,0,2904.5,2790.5,114.0,0.0,113,True,0,330.0
cluster_191,RED,RED,0,120,2.0,0,0,943.0,1059.0,0.0,116.0,58,True,0,330.0
cluster_191,RED,RED,1,120,2.0,47,0,995.0,879.0,116.0,0.0,58,True,0,330.0
cluster_22,023,RED,0,120,2.0,79,0,12097.3,12269.5,0.0,172.2,1400,True,0,330.0
cluster_22,103,RED,0,120,2.0,43,0,6969.8,6503.8,466.0,0.0,667,True,0,330.0
cluster_22,207,RED,0,120,2.0,3,0,9190.6,9134.0,56.6,0.0,799,True,0,330.0
cluster_22,237,RED,0,120,2.0,0,62,7302.9,7557.9,0.0,255.0,608,True,0,330.0
cluster_22,425,RED,0,120,2.0,0,10,8463.7,8281.7,182.0,0.0,849,True,0,330.0
cluster_22,BLUE,RED,0,120,2.0,0,48,1758.0,1992.0,0.0,234.0,117,True,0,330.0
cluster_22,ORANGE,RED,0,120,2.0,0,1,1056.0,1268.0,0.0,212.0,106,True,0,330.0
cluster_22,RED,023,0,120,2.0,5,0,584.1,472.8,111.3,0.0,116,True,0,330.0
cluster_22,RED,023,1,120,2.0,0,0,587.3,556.9,30.5,0.0,115,True,0,330.0
cluster_22,RED,103,0,120,2.0,0,10,863.0,1009.2,0.0,146.2,110,True,0,330.0
cluster_22,RED,103,1,120,2.0,0,0,1350.6,1240.6,110.0,0.0,110,True,0,330.0
cluster_22,RED,207,0,120,2.0,6,0,2028.7,1928.9,99.8,0.0,110,True,0,330.0
cluster_22,RED,207,1,120,2.0,0,2,1960.5,2025.7,0.0,65.2,111,True,0,330.0
cluster_22,RED,237,0,120,2.0,0,9,1127.6,1375.2,0.0,247.6,110,True,0,330.0
cluster_22,RED,237,1,120,2.0,6,0,1333.6,1253.6,80.0,0.0,110,True,0,330.0
cluster_22,RED,425,0,120,2.0,1,0,374.4,341.8,32.6,0.0,88,True,0,330.0
cluster_22,RED,425,1,120,2.0,1,0,229.1,235.7,0.0,6.6,88,True,0,330.0
cluster_22,RED,BLUE,0,120,2.0,0,0,646.0,532.0,114.0,0.0,113,True,0,330.0
cluster_22,RED,BLUE,1,120,2.0,0,0,1233.5,1119.5,114.0,0.0,114,True,0,330.0
cluster_22,RED,ORANGE,0,120,2.0,0,0,1005.0,902.5,102.5,0.0,103,True,0,330.0
cluster_22,RED,ORANGE,1,120,2.0,0,0,742.0,636.0,106.0,0.0,106,True,0,330.0
cluster_22,RED,RED,0,120,2.0,2,0,239.5,303.0,0.0,63.5,58,True,0,330.0
cluster_22,RED,RED,1,120,2.0,1,0,815.0,701.0,114.0,0.0,57,True,0,330.0
cluster_29,RED,023,0,120,2.0,0,0,5.0,3.0,2.0,0.0,1,True,0,330.0
cluster_29,RED,BLUE,0,120,2.0,0,0,13.0,11.0,2.0,0.0,1,True,0,330.0
cluster_29,RED,GREEN,1,120,2.0,0,0,29.5,27.5,2.0,0.0,1,True,0,330.0
cluster_29,RED,ORANGE,0,120,2.0,0,0,23.0,21.0,2.0,0.0,1,True,0,330.0
cluster_30,009,RED,0,120,2.0,0,1,4954.6,5068.2,0.0,113.6,506,True,0,330.0
cluster_30,101,RED,0,120,2.0,66,0,19339.8,17678.8,1661.0,0.0,1567,True,0,330.0
cluster_30,226,RED,0,120,2.0,0,13,3172.7,3706.7,0.0,534.0,330,True,0,330.0
cluster_30,RED,009,0,120,2.0,8,0,817.1,742.2,74.8,0.0,115,True,0,330.0
cluster_30,RED,009,1,120,2.0,0,8,843.1,881.0,0.0,37.9,114,True,0,330.0
cluster_30,RED,101,0,120,2.0,7,0,816.1,746.1,70.0,0.0,117,True,0,330.0
cluster_30,RED,101,1,120,2.0,0,0,492.6,496.9,0.0,4.3,113,True,0,330.0
cluster_30,RED,226,0,120,2.0,0,0,2180.9,2076.9,104.0,0.0,112,True,0,330.0
cluster_30,RED,226,1,120,2.0,0,6,2560.8,2619.1,0.0,58.3,112,True,0,330.0
cluster_30,RED,RED,0,120,2.0,1,0,305.5,391.5,0.0,86.0,58,True,0,330.0
cluster_30,RED,RED,1,120,2.0,1,0,731.5,615.5,116.0,0.0,58,True,0,330.0
cluster_52,145,RED,0,120,2.0,0,56,6004.9,5592.2,412.7,0.0,460,True,0,330.0
cluster_52,RED,145,0,120,2.0,0,4,1446.2,1531.6,0.0,85.4,115,True,0,330.0
cluster_52,RED,145,1,120,2.0,0,10,1479.7,1662.5,0.0,182.8,112,True,0,330.0
cluster_52,RED,RED,0,120,2.0,0,0,769.0,885.0,0.0,116.0,58,True,0,330.0
cluster_52,RED,RED,1,120,2.0,0,47,214.0,1040.0,0.0,826.0,57,True,0,330.0
cluster_527,200,RED,0,120,2.0,0,1,5164.3,5476.3,0.0,312.0,416,True,0,330.0
cluster_527,202,RED,0,120,2.0,0,10,4086.4,4276.4,0.0,190.0,320,True,0,330.0
cluster_527,250,RED,0,120,2.0,3,0,5345.1,5421.1,0.0,76.0,448,True,0,330.0
cluster_527,ORANGE,RED,0,120,2.0,0,0,439.0,527.0,0.0,88.0,44,True,0,330.0
cluster_527,RED,200,0,120,2.0,0,3,1580.5,1549.9,30.7,0.0,112,True,0,330.0
cluster_527,RED,200,1,120,2.0,0,0,1524.9,1530.6,0.0,5.7,112,True,0,330.0
cluster_527,RED,202,0,120,2.0,0,0,1602.9,1551.0,52.0,0.0,111,True,0,330.0
cluster_527,RED,202,1,120,2.0,0,3,1533.3,1601.8,0.0,68.5,111,True,0,330.0
cluster_527,RED,250,0,120,2.0,0,16,1178.6,1643.1,0.0,464.5,112,True,0,330.0
cluster_527,RED,250,1,120,2.0,0,0,1439.6,1393.8,45.8,0.0,112,True,0,330.0
cluster_527,RED,ORANGE,0,120,2.0,0,0,10745.5,10647.5,98.0,0.0,98,True,0,330.0
cluster_527,RED,ORANGE,1,120,2.0,0,0,8168.0,8088.0,80.0,0.0,81,True,0,330.0
cluster_527,RED,RED,0,120,2.0,0,0,197.0,309.0,0.0,112.0,56,True,0,330.0
cluster_527,RED,RED,1,120,2.0,0,0,836.0,722.0,114.0,0.0,57,True,0,330.0
cluster_6,003,RED,0,120,2.0,61,0,5401.7,4583.2,818.5,0.0,576,True,0,330.0
cluster_6,017,RED,0,120,2.0,0,6,15483.0,15342.4,140.6,0.0,1676,True,0,330.0
cluster_6,205,RED,0,120,2.0,25,0,1129.3,741.8,387.5,0.0,95,True,0,330.0
cluster_6,249,RED,0,120,2.0,1,0,1282.6,1530.6,0.0,248.0,189,True,0,330.0
cluster_6,440,RED,0,120,2.0,5,0,18146.0,18356.0,0.0,210.0,2304,True,0,330.0
cluster_6,442,RED,0,120,2.0,3,0,1242.4,1080.9,161.5,0.0,108,True,0,330.0
cluster_6,BLUE,RED,0,120,2.0,0,55,1277.0,1511.0,0.0,234.0,117,True,0,330.0
cluster_6,ORANGE,RED,0,120,2.0,0,0,1057.0,1460.5,0.0,403.5,212,True,0,330.0
cluster_6,RED,003,0,120,2.0,0,6,987.1,1170.2,0.0,183.1,226,True,0,330.0
cluster_6,RED,003,1,120,2.0,1,0,1649.5,1615.4,34.1,0.0,226,True,0,330.0
cluster_6,RED,017,0,120,2.0,0,29,880.9,1157.0,0.0,276.1,232,True,0,330.0
cluster_6,RED,017,1,120,2.0,1,0,917.5,789.3,128.2,0.0,228,True,0,330.0
cluster_6,RED,205,0,120,2.0,14,0,4398.5,4174.5,224.0,0.0,224,True,0,330.0
cluster_6,RED,205,1,120,2.0,0,0,4103.7,4283.0,0.0,179.2,223,True,0,330.0
cluster_6,RED,249,0,120,2.0,0,0,3842.5,3636.2,206.3,0.0,217,True,0,330.0
cluster_6,RED,249,1,120,2.0,4,0,3641.5,3530.5,111.0,0.0,220,True,0,330.0
cluster_6,RED,440,0,120,2.0,0,0,114.3,101.0,13.4,0.0,180,True,0,330.0
cluster_6,RED,440,1,120,2.0,1,0,442.9,449.7,0.0,6.8,178,True,0,330.0
cluster_6,RED,442,0,120,2.0,0,0,1609.8,1939.5,0.0,329.7,210,True,0,330.0
cluster_6,RED,BLUE,0,120,2.0,0,55,1990.5,2913.5,0.0,923.0,226,True,0,330.0
cluster_6,RED,BLUE,1,120,2.0,0,7,1772.5,1730.0,42.5,0.0,229,True,0,330.0
cluster_6,RED,ORANGE,0,120,2.0,0,0,886.0,681.5,204.5,0.0,207,True,0,330.0
cluster_6,RED,ORANGE,1,120,2.0,1,0,2084.0,1881.5,202.5,0.0,212,True,0,330.0
cluster_6,RED,RED,0,120,2.0,0,1,1250.0,1476.0,0.0,226.0,114,True,0,330.0
cluster_6,RED,RED,1,120,2.0,0,0,521.0,414.5,106.5,0.0,114,True,0,330.0
cluster_666,236,RED,0,120,2.0,5,0,2263.2,2548.7,0.0,285.5,284,True,0,330.0
cluster_666,247,RED,0,120,2.0,0,6,4973.7,4764.0,209.7,0.0,441,True,0,330.0
cluster_666,ORANGE,RED,0,120,2.0,0,19,522.0,608.0,0.0,86.0,43,True,0,330.0
cluster_666,RED,236,0,120,2.0,0,6,1791.2,1849.7,0.0,58.5,109,True,0,330.0
cluster_666,RED,236,1,120,2.0,2,0,1434.1,1324.1,110.0,0.0,110,True,0,330.0
cluster_666,RED,247,0,120,2.0,5,0,1362.0,1353.7,8.3,0.0,113,True,0,330.0
cluster_666,RED,247,1,120,2.0,0,3,1409.8,1407.6,2.2,0.0,110,True,0,330.0
cluster_666,RED,ORANGE,0,120,2.0,0,0,10981.5,10883.5,98.0,0.0,99,True,0,330.0
cluster_666,RED,ORANGE,1,120,2.0,0,18,7998.0,8660.0,0.0,662.0,81,True,0,330.0
cluster_666,RED,RED,0,120,2.0,0,3,406.0,516.0,0.0,110.0,55,True,0,330.0
cluster_666,RED,RED,1,120,2.0,0,3,563.5,552.5,11.0,0.0,56,True,0,330.0
cluster_666,RED,SILVER,0,120,2.0,0,16,2299.0,2905.0,0.0,606.0,113,True,0,330.0
cluster_666,RED,SILVER,1,120,2.0,10,0,2716.0,2610.0,106.0,0.0,108,True,0,330.0
cluster_666,SILVER,RED,0,120,2.0,0,5,720.0,572.0,148.0,0.0,56,True,0,330.0
cluster_667,017,RED,0,120,2.0,142,0,7630.9,5622.4,2008.5,0.0,689,True,0,330.0
cluster_667,413,RED,0,120,2.0,15,0,538.0,342.0,196.0,0.0,52,True,0,330.0
cluster_667,417,RED,0,120,2.0,0,0,316.0,428.0,0.0,112.0,56,True,0,330.0
cluster_667,419,RED,0,120,2.0,0,0,414.0,522.0,0.0,108.0,54,True,0,330.0
cluster_667,ORANGE,RED,0,120,2.0,0,3,798.0,1010.0,0.0,212.0,106,True,0,330.0
cluster_667,RED,017,0,120,2.0,48,0,1618.5,1504.5,114.0,0.0,115,True,0,330.0
cluster_667,RED,017,1,120,2.0,11,0,1077.1,1013.1,64.0,0.0,114,True,0,330.0
cluster_667,RED,413,0,120,2.0,0,0,5889.0,5805.0,84.0,0.0,84,True,0,330.0
cluster_667,RED,417,0,120,2.0,0,0,5112.5,5028.5,84.0,0.0,85,True,0,330.0
cluster_667,RED,419,0,120,2.0,0,0,5954.5,5868.5,86.0,0.0,86,True,0,330.0
cluster_667,RED,ORANGE,0,120,2.0,0,0,745.5,643.0,102.5,0.0,104,True,0,330.0
cluster_667,RED,ORANGE,1,120,2.0,0,2,1029.0,973.0,56.0,0.0,106,True,0,330.0
cluster_667,RED,RED,0,120,2.0,0,49,868.5,980.5,0.0,112.0,56,True,0,330.0
cluster_667,RED,RED,1,120,2.0,0,49,149.0,1064.0,0.0,915.0,57,True,0,330.0
cluster_702,308,RED,0,120,2.0,3,0,894.9,968.9,0.0,74.0,102,True,0,330.0
cluster_702,BLUE,RED,0,120,2.0,0,0,985.0,1219.0,0.0,234.0,117,True,0,330.0
cluster_702,RED,308,0,120,2.0,0,2,6693.2,6658.2,35.0,0.0,80,True,0,330.0
cluster_702,RED,308,1,120,2.0,1,0,5205.5,5121.5,84.0,0.0,84,True,0,330.0
cluster_702,RED,BLUE,0,120,2.0,0,0,951.0,833.0,118.0,0.0,116,True,0,330.0
cluster_702,RED,BLUE,1,120,2.0,1,0,1018.5,904.5,114.0,0.0,114,True,0,330.0
cluster_702,RED,RED,0,120,2.0,0,0,491.5,605.5,0.0,114.0,57,True,0,330.0
cluster_702,RED,RED,1,120,2.0,0,1,569.5,485.5,84.0,0.0,57,True,0,330.0
cluster_717,020,RED,0,120,2.0,22,0,3100.9,2353.4,747.5,0.0,230,True,0,330.0
cluster_717,027,RED,0,120,2.0,0,0,1191.0,1419.0,0.0,228.0,114,True,0,330.0
cluster_717,ORANGE,RED,0,120,2.0,0,1,1016.0,1228.0,0.0,212.0,106,True,0,330.0
cluster_717,RED,020,0,120,2.0,0,0,697.4,606.7,90.7,0.0,114,True,0,330.0
cluster_717,RED,020,1,120,2.0,0,0,773.0,699.0,74.0,0.0,115,True,0,330.0
cluster_717,RED,027,0,120,2.0,0,0,742.5,628.5,114.0,0.0,114,True,0,330.0
cluster_717,RED,027,1,120,2.0,0,0,1270.5,1156.5,114.0,0.0,114,True,0,330.0
cluster_717,RED,ORANGE,0,120,2.0,0,0,986.0,883.5,102.5,0.0,103,True,0,330.0
cluster_717,RED,ORANGE,1,120,2.0,0,0,821.0,715.0,106.0,0.0,106,True,0,330.0
cluster_717,RED,RED,0,120,2.0,0,0,208.5,322.5,0.0,114.0,57,True,0,330.0
cluster_717,RED,RED,1,120,2.0,0,0,807.0,693.0,114.0,0.0,57,True,0,330.0
cluster_809,022,RED,0,120,2.0,0,0,1009.0,1237.0,0.0,228.0,114,True,0,330.0
cluster_809,241,RED,0,120,2.0,20,0,731.5,437.5,294.0,0.0,63,True,0,330.0
cluster_809,ORANGE,RED,0,120,2.0,0,1,586.0,798.0,0.0,212.0,106,True,0,330.0
cluster_809,RED,022,0,120,2.0,17,0,1292.0,1178.0,114.0,0.0,115,True,0,330.0
cluster_809,RED,022,1,120,2.0,0,0,956.5,842.5,114.0,0.0,114,True,0,330.0
cluster_809,RED,241,0,120,2.0,0,1,1809.0,1729.0,80.0,0.0,107,True,0,330.0
cluster_809,RED,241,1,120,2.0,21,0,2406.0,2296.0,110.0,0.0,110,True,0,330.0
cluster_809,RED,ORANGE,0,120,2.0,0,0,537.5,435.0,102.5,0.0,104,True,0,330.0
cluster_809,RED,ORANGE,1,120,2.0,0,0,1241.0,1135.0,106.0,0.0,106,True,0,330.0
cluster_809,RED,RED,0,120,2.0,1,0,667.0,756.5,0.0,89.5,56,True,0,330.0
cluster_809,RED,RED,1,120,2.0,1,0,356.0,242.0,114.0,0.0,57,True,0,330.0
cluster_810,238,RED,0,120,2.0,12,0,607.0,461.0,146.0,0.0,67,True,0,330.0
cluster_810,243,RED,0,120,2.0,0,7,651.5,777.5,0.0,126.0,63,True,0,330.0
cluster_810,244,RED,0,120,2.0,0,5,722.5,786.5,0.0,64.0,62,True,0,330.0
cluster_810,ORANGE,RED,0,120,2.0,0,0,571.0,659.0,0.0,88.0,44,True,0,330.0
cluster_810,RED,238,0,120,2.0,0,0,2024.5,1912.5,112.0,0.0,112,True,0,330.0
cluster_810,RED,238,1,120,2.0,13,0,2031.0,1950.0,81.0,0.0,111,True,0,330.0
cluster_810,RED,243,0,120,2.0,0,4,2205.0,2225.0,0.0,20.0,110,True,0,330.0
cluster_810,RED,243,1,120,2.0,0,3,2465.0,2446.0,19.0,0.0,111,True,0,330.0
cluster_810,RED,244,0,120,2.0,2,0,2013.5,1905.5,108.0,0.0,108,True,0,330.0
cluster_810,RED,244,1,120,2.0,0,7,2112.0,2312.0,0.0,200.0,107,True,0,330.0
cluster_810,RED,ORANGE,0,120,2.0,0,0,11039.5,10941.5,98.0,0.0,98,True,0,330.0
cluster_810,RED,ORANGE,1,120,2.0,19,0,8718.0,8638.0,80.0,0.0,81,True,0,330.0
cluster_810,RED,RED,0,120,2.0,2,0,533.0,565.0,0.0,32.0,56,True,0,330.0
cluster_810,RED,RED,1,120,2.0,2,0,555.5,443.5,112.0,0.0,56,True,0,330.0
cluster_811,408,RED,0,120,2.0,0,9,409.0,493.0,0.0,84.0,42,True,0,330.0
cluster_811,ORANGE,RED,0,120,2.0,0,0,279.0,365.0,0.0,86.0,43,True,0,330.0
cluster_811,RED,408,0,120,2.0,0,9,6206.5,6641.5,0.0,435.0,73,True,0,330.0
cluster_811,RED,408,1,120,2.0,0,0,5884.0,5812.0,72.0,0.0,72,True,0,330.0
cluster_811,RED,ORANGE,0,120,2.0,0,0,10363.0,10265.0,98.0,0.0,99,True,0,330.0
cluster_811,RED,ORANGE,1,120,2.0,0,0,8498.0,8418.0,80.0,0.0,81,True,0,330.0
cluster_811,RED,RED,0,120,2.0,0,0,711.0,823.0,0.0,112.0,56,True,0,330.0
cluster_811,RED,RED,1,120,2.0,0,0,247.5,135.5,112.0,0.0,56,True,0,330.0
cluster_828,232,RED,0,120,2.0,1,0,712.5,704.5,8.0,0.0,66,True,0,330.0
cluster_828,245,RED,0,120,2.0,0,10,768.5,870.0,0.0,101.5,62,True,0,330.0
cluster_828,883E,RED,0,120,2.0,0,16,1192.5,1452.5,0.0,260.0,130,True,0,330.0
cluster_828,ORANGE,RED,0,120,2.0,1,0,384.0,440.0,0.0,56.0,43,True,0,330.0
cluster_828,RED,232,0,120,2.0,0,0,1834.0,1847.0,0.0,13.0,108,True,0,330.0
cluster_828,RED,232,1,120,2.0,1,0,1687.5,1577.5,110.0,0.0,110,True,0,330.0
cluster_828,RED,245,0,120,2.0,0,1,1988.0,1968.0,20.0,0.0,109,True,0,330.0
cluster_828,RED,245,1,120,2.0,0,9,2068.0,2321.0,0.0,253.0,110,True,0,330.0
cluster_828,RED,883E,0,120,2.0,0,16,488.0,630.0,0.0,142.0,97,True,0,330.0
cluster_828,RED,883E,1,120,2.0,0,0,833.0,737.0,96.0,0.0,95,True,0,330.0
cluster_828,RED,ORANGE,0,120,2.0,0,0,10612.5,10514.5,98.0,0.0,99,True,0,330.0
cluster_828,RED,ORANGE,1,120,2.0,1,0,8318.0,8238.0,80.0,0.0,81,True,0,330.0
cluster_828,RED,RED,0,120,2.0,48,0,989.5,101.5,888.0,0.0,56,True,0,330.0
cluster_828,RED,RED,1,120,2.0,48,0,979.5,897.5,82.0,0.0,56,True,0,330.0
cluster_828,RED,SILVER,0,120,2.0,0,16,1854.0,2460.0,0.0,606.0,113,True,0,330.0
cluster_828,RED,SILVER,1,120,2.0,0,0,2737.5,2629.5,108.0,0.0,109,True,0,330.0
cluster_828,SILVER,RED,0,120,2.0,0,16,531.0,643.0,0.0,112.0,56,True,0,330.0
cluster_829,234,RED,0,120,2.0,0,24,2007.8,2021.8,0.0,14.0,157,True,0,330.0
cluster_829,236,RED,0,120,2.0,0,36,2956.1,2745.1,211.0,0.0,252,True,0,330.0
cluster_829,247,RED,0,120,2.0,0,12,2263.7,2523.7,0.0,260.0,220,True,0,330.0
cluster_829,ORANGE,RED,0,120,2.0,0,0,226.5,312.5,0.0,86.0,43,True,0,330.0
cluster_829,RED,234,0,120,2.0,9,0,1977.1,1957.8,19.3,0.0,109,True,0,330.0
cluster_829,RED,234,1,120,2.0,0,18,1581.0,2161.0,0.0,580.0,108,True,0,330.0
cluster_829,RED,236,0,120,2.0,0,14,1756.0,2178.0,0.0,422.0,108,True,0,330.0
cluster_829,RED,236,1,120,2.0,0,0,1843.7,2102.4,0.0,258.7,109,True,0,330.0
cluster_829,RED,247,0,120,2.0,0,3,1938.8,2047.9,0.0,109.1,112,True,0,330.0
cluster_829,RED,247,1,120,2.0,0,6,1586.6,1715.0,0.0,128.4,110,True,0,330.0
cluster_829,RED,ORANGE,0,120,2.0,0,0,10236.5,10138.5,98.0,0.0,99,True,0,330.0
cluster_829,RED,ORANGE,1,120,2.0,0,0,8562.5,8484.5,78.0,0.0,80,True,0,330.0
cluster_829,RED,RED,0,120,2.0,0,0,566.0,676.0,0.0,110.0,55,True,0,330.0
cluster_829,RED,RED,1,120,2.0,0,0,412.5,300.5,112.0,0.0,56,True,0,330.0
cluster_9,001,RED,0,120,2.0,0,14,4755.7,4073.2,682.5,0.0,1170,True,0,330.0
cluster_9,003,RED,0,120,2.0,8,0,7722.7,7695.1,27.6,0.0,1890,True,0,330.0
cluster_9,009,RED,0,120,2.0,36,0,4840.0,4643.0,197.0,0.0,1152,True,0,330.0
cluster_9,013,RED,0,120,2.0,22,0,5267.1,4444.6,822.5,0.0,1218,True,0,330.0
cluster_9,016,RED,0,120,2.0,0,18,3316.9,3801.4,0.0,484.5,696,True,0,330.0
cluster_9,018,RED,0,120,2.0,14,0,1314.1,1072.2,241.9,0.0,639,True,0,330.0
cluster_9,102,RED,0,120,2.0,21,0,3767.1,3460.6,306.5,0.0,782,True,0,330.0
cluster_9,103,RED,0,120,2.0,0,10,2220.9,2514.9,0.0,294.0,540,True,0,330.0
cluster_9,106,RED,0,120,2.0,8,0,3714.1,4280.4,0.0,566.3,1027,True,0,330.0
cluster_9,109,RED,0,120,2.0,0,10,2539.5,2761.0,0.0,221.5,798,True,0,330.0
cluster_9,128,RED,0,120,2.0,28,0,3499.9,3124.4,375.5,0.0,1012,True,0,330.0
cluster_9,145,RED,0,120,2.0,0,13,2854.3,3313.6,0.0,459.3,841,True,0,330.0
cluster_9,147,RED,0,120,2.0,0,7,2326.2,2448.5,0.0,122.3,831,True,0,330.0
cluster_9,205,RED,0,120,2.0,0,6,1505.7,1636.7,0.0,131.0,384,True,0,330.0
cluster_9,207,RED,0,120,2.0,25,0,3431.0,2822.0,609.0,0.0,729,True,0,330.0
cluster_9,214,RED,0,120,2.0,31,0,2998.3,2781.8,216.5,0.0,647,True,0,330.0
cluster_9,224,RED,0,120,2.0,8,0,1855.4,1926.4,0.0,71.0,459,True,0,330.0
cluster_9,230,RED,0,120,2.0,9,0,1916.3,2084.3,0.0,168.0,551,True,0,330.0
cluster_9,237,RED,0,120,2.0,32,0,3017.3,2287.3,730.0,0.0,690,True,0,330.0
cluster_9,239,RED,0,120,2.0,13,0,1813.9,1601.4,212.5,0.0,533,True,0,330.0
cluster_9,249,RED,0,120,2.0,27,0,1710.4,1320.4,390.0,0.0,384,True,0,330.0
cluster_9,306,RED,0,120,2.0,15,0,2287.3,1828.3,459.0,0.0,668,True,0,330.0
cluster_9,308,RED,0,120,2.0,4,0,3628.6,3655.6,0.0,27.0,1046,True,0,330.0
cluster_9,421,RED,0,120,2.0,0,9,132.0,156.0,0.0,24.0,42,True,0,330.0
cluster_9,425,RED,0,120,2.0,0,23,3101.2,3410.2,0.0,309.0,1032,True,0,330.0
cluster_9,620,RED,0,120,2.0,2,0,648.5,118.0,530.5,0.0,110,True,0,330.0
cluster_9,BLUE,RED,0,120,2.0,53,0,2730.5,2023.5,707.0,0.0,590,True,0,330.0
cluster_9,GREEN,RED,0,120,2.0,0,3,1479.0,1993.5,0.0,514.5,464,True,0,330.0
cluster_9,ORANGE,RED,0,120,2.0,7,0,1926.5,1751.5,175.0,0.0,452,True,0,330.0
cluster_9,RED,001,0,120,2.0,0,7,1527.7,1676.5,0.0,148.9,564,True,0,330.0
cluster_9,RED,001,1,120,2.0,0,1,1550.2,1588.2,0.0,38.0,567,True,0,330.0
cluster_9,RED,003,0,120,2.0,0,1,801.9,767.9,34.0,0.0,575,True,0,330.0
cluster_9,RED,003,1,120,2.0,7,0,1179.8,1120.1,59.7,0.0,565,True,0,330.0
cluster_9,RED,009,0,120,2.0,0,0,2234.9,2150.5,84.4,0.0,565,True,0,330.0
cluster_9,RED,009,1,120,2.0,0,5,2153.2,2293.1,0.0,139.8,564,True,0,330.0
cluster_9,RED,013,0,120,2.0,0,12,3061.0,2980.1,80.9,0.0,565,True,0,330.0
cluster_9,RED,013,1,120,2.0,0,1,1731.5,2051.8,0.0,320.3,565,True,0,330.0
cluster_9,RED,016,0,120,2.0,4,0,3765.3,3602.6,162.7,0.0,566,True,0,330.0
cluster_9,RED,016,1,120,2.0,0,0,3739.8,3431.6,308.2,0.0,565,True,0,330.0
cluster_9,RED,018,0,120,2.0,1,0,2568.8,2917.6,0.0,348.8,571,True,0,330.0
cluster_9,RED,018,1,120,2.0,20,0,3159.1,3173.8,0.0,14.8,567,True,0,330.0
cluster_9,RED,102,0,120,2.0,0,17,3474.1,3779.2,0.0,305.2,564,True,0,330.0
cluster_9,RED,102,1,120,2.0,0,0,4670.7,4496.8,173.9,0.0,560,True,0,330.0
cluster_9,RED,103,0,120,2.0,0,2,3845.2,3773.2,71.9,0.0,551,True,0,330.0
cluster_9,RED,103,1,120,2.0,13,0,4702.4,4466.1,236.3,0.0,552,True,0,330.0
cluster_9,RED,106,0,120,2.0,14,0,4737.7,4536.2,201.5,0.0,573,True,0,330.0
cluster_9,RED,106,1,120,2.0,25,0,5320.6,5033.5,287.1,0.0,565,True,0,330.0
cluster_9,RED,109,0,120,2.0,0,6,3825.2,4107.1,0.0,281.9,571,True,0,330.0
cluster_9,RED,109,1,120,2.0,13,0,5278.2,4982.2,296.0,0.0,559,True,0,330.0
cluster_9,RED,128,0,120,2.0,0,1,4507.5,4612.9,0.0,105.3,569,True,0,330.0
cluster_9,RED,128,1,120,2.0,6,0,5717.1,5686.3,30.8,0.0,564,True,0,330.0
cluster_9,RED,145,0,120,2.0,0,3,3882.0,4103.1,0.0,221.1,572,True,0,330.0
cluster_9,RED,145,1,120,2.0,3,0,4762.4,4487.2,275.2,0.0,559,True,0,330.0
cluster_9,RED,147,0,120,2.0,0,11,3827.3,3864.5,0.0,37.2,569,True,0,330.0
cluster_9,RED,147,1,120,2.0,0,4,3438.7,3575.8,0.0,137.1,563,True,0,330.0
cluster_9,RED,205,0,120,2.0,0,1,8214.0,8227.1,0.0,13.1,575,True,0,330.0
cluster_9,RED,205,1,120,2.0,5,0,8704.0,8411.7,292.3,0.0,562,True,0,330.0
cluster_9,RED,207,0,120,2.0,0,1,7563.4,7681.1,0.0,117.6,550,True,0,330.0
cluster_9,RED,207,1,120,2.0,0,7,9843.2,10058.9,0.0,215.7,554,True,0,330.0
cluster_9,RED,214,0,120,2.0,0,0,5978.6,5854.6,124.0,0.0,563,True,0,330.0
cluster_9,RED,214,1,120,2.0,0,11,6689.7,6893.1,0.0,203.4,555,True,0,330.0
cluster_9,RED,224,0,120,2.0,0,0,4250.2,4118.6,131.6,0.0,568,True,0,330.0
cluster_9,RED,224,1,120,2.0,0,2,11295.0,10940.0,355.0,0.0,549,True,0,330.0
cluster_9,RED,230,0,120,2.0,7,0,6611.3,6604.9,6.4,0.0,561,True,0,330.0
cluster_9,RED,230,1,120,2.0,12,0,7235.2,6888.1,347.1,0.0,557,True,0,330.0
cluster_9,RED,237,0,120,2.0,0,0,6672.4,6990.5,0.0,318.1,554,True,0,330.0
cluster_9,RED,237,1,120,2.0,0,1,5163.3,5105.7,57.6,0.0,550,True,0,330.0
cluster_9,RED,239,0,120,2.0,0,2,7517.3,7725.1,0.0,207.8,548,True,0,330.0
cluster_9,RED,239,1,120,2.0,0,2,8257.5,8682.6,0.0,425.1,551,True,0,330.0
cluster_9,RED,249,0,120,2.0,0,2,7438.6,7737.6,0.0,299.0,549,True,0,330.0
cluster_9,RED,249,1,120,2.0,8,0,7398.1,7206.8,191.3,0.0,554,True,0,330.0
cluster_9,RED,306,0,120,2.0,0,4,17217.0,17486.7,0.0,269.6,396,True,0,330.0
cluster_9,RED,306,1,120,2.0,0,0,17333.6,17584.6,0.0,251.0,393,True,0,330.0
cluster_9,RED,308,0,120,2.0,1,0,27990.8,27791.6,199.2,0.0,408,True,0,330.0
cluster_9,RED,308,1,120,2.0,0,1,20924.8,21061.5,0.0,136.8,426,True,0,330.0
cluster_9,RED,421,0,120,2.0,11,0,18810.5,18410.5,400.0,0.0,399,True,0,330.0
cluster_9,RED,421,1,120,2.0,2,0,18506.5,18376.5,130.0,0.0,398,True,0,330.0
cluster_9,RED,425,0,120,2.0,0,5,1524.0,1406.4,117.7,0.0,420,True,0,330.0
cluster_9,RED,425,1,120,2.0,0,0,823.8,799.2,24.6,0.0,441,True,0,330.0
cluster_9,RED,620,0,120,2.0,49,0,5993.0,5523.0,470.0,0.0,528,True,0,330.0
cluster_9,RED,620,1,120,2.0,2,0,4143.0,4613.0,0.0,470.0,528,True,0,330.0
cluster_9,RED,BLUE,0,120,2.0,1,0,1973.5,1914.5,59.0,0.0,585,True,0,330.0
cluster_9,RED,BLUE,1,120,2.0,0,1,1673.0,2060.5,0.0,387.5,575,True,0,330.0
cluster_9,RED,GREEN,0,120,2.0,50,0,3470.5,3029.5,441.0,0.0,565,True,0,330.0
cluster_9,RED,GREEN,1,120,2.0,1,0,3733.0,3340.0,393.0,0.0,576,True,0,330.0
cluster_9,RED,ORANGE,0,120,2.0,53,0,4308.0,3783.0,525.0,0.0,578,True,0,330.0
cluster_9,RED,ORANGE,1,120,2.0,0,53,2411.0,2912.5,0.0,501.5,554,True,0,330.0
cluster_9,RED,RED,0,120,2.0,1,0,588.0,854.0,0.0,266.0,285,True,0,330.0
cluster_9,RED,RED,1,120,2.0,0,47,1658.0,1763.5,0.0,105.5,290,True,0,330.0
cluster_9,RED,TRE,0,120,2.0,18,0,12090.0,11570.0,520.0,0.0,515,True,0,330.0
cluster_9,RED,TRE,1,120,2.0,10,0,12133.0,11886.0,247.0,0.0,545,True,0,330.0
cluster_9,TRE,RED,0,120,2.0,0,5,178.0,173.0,5.0,0.0,57,True,0,330.0
cluster_1,027,RED,0,180,3.0,229,0,7398.2,5175.7,2222.5,0.0,855,True,0,270.0
cluster_1,ORANGE,RED,0,180,3.0,0,47,1228.0,1526.0,0.0,298.0,106,True,0,270.0
cluster_1,RED,027,0,180,3.0,46,0,888.0,770.1,117.9,0.0,114,True,0,270.0
cluster_1,RED,027,1,180,3.0,16,0,725.4,557.4,168.0,0.0,113,True,0,270.0
cluster_1,RED,ORANGE,0,180,3.0,0,0,1190.0,1036.5,153.5,0.0,103,True,0,270.0
cluster_1,RED,ORANGE,1,180,3.0,0,47,611.5,1400.0,0.0,788.5,106,True,0,270.0
cluster_1,RED,RED,0,180,3.0,0,4,436.5,607.5,0.0,171.0,57,True,0,270.0
cluster_1,RED,RED,1,180,3.0,0,3,579.0,497.0,82.0,0.0,57,True,0,270.0
cluster_1062,ORANGE,RED,0,180,3.0,0,0,459.0,588.0,0.0,129.0,43,True,0,270.0
cluster_1062,RED,ORANGE,0,180,3.0,0,0,10832.0,10685.0,147.0,0.0,99,True,0,270.0
cluster_1062,RED,ORANGE,1,180,3.0,0,0,8118.0,7998.0,120.0,0.0,81,True,0,270.0
cluster_1062,RED,RED,0,180,3.0,0,0,242.5,407.5,0.0,165.0,55,True,0,270.0
cluster_1062,RED,RED,1,180,3.0,0,0,730.5,562.5,168.0,0.0,56,True,0,270.0
cluster_14,018,RED,0,180,3.0,0,0,2.9,2.2,0.8,0.0,3,True,0,270.0
cluster_14,023,RED,0,180,3.0,0,0,0.0,1.8,0.0,1.8,0,True,0,270.0
cluster_14,RED,018,0,180,3.0,0,0,3.0,0.9,2.1,0.0,2,True,0,270.0
cluster_14,RED,018,1,180,3.0,0,0,0.5,0.0,0.5,0.0,1,True,0,270.0
cluster_14,RED,023,0,180,3.0,0,0,10.6,4.6,6.0,0.0,2,True,0,270.0
cluster_14,RED,023,1,180,3.0,0,0,0.7,0.0,0.7,0.0,2,True,0,270.0
cluster_14,RED,BLUE,0,180,3.0,0,0,24.0,18.0,6.0,0.0,2,True,0,270.0
cluster_14,RED,GREEN,1,180,3.0,0,0,17.0,11.0,6.0,0.0,2,True,0,270.0
cluster_14,RED,ORANGE,0,180,3.0,0,0,44.0,38.0,6.0,0.0,2,True,0,270.0
cluster_147,215,RED,0,180,3.0,70,0,5505.5,3962.0,1543.5,0.0,408,True,0,270.0
cluster_147,217,RED,0,180,3.0,84,0,7954.7,5140.3,2814.4,0.0,571,True,0,270.0
cluster_147,226,RED,0,180,3.0,0,11,569.0,637.0,0.0,68.0,56,True,0,270.0
cluster_147,BLUE,RED,0,180,3.0,0,47,1593.5,1947.5,0.0,354.0,118,True,0,270.0
cluster_147,RED,215,0,180,3.0,22,0,1778.6,1646.0,132.5,0.0,113,True,0,270.0
cluster_147,RED,215,1,180,3.0,0,2,1344.4,1423.2,0.0,78.7,114,True,0,270.0
cluster_147,RED,217,0,180,3.0,0,7,1369.7,1660.7,0.0,290.9,115,True,0,270.0
cluster_147,RED,217,1,180,3.0,0,6,1292.6,1606.1,0.0,313.5,112,True,0,270.0
cluster_147,RED,226,0,180,3.0,0,0,3042.5,2874.5,168.0,0.0,113,True,0,270.0
cluster_147,RED,226,1,180,3.0,0,16,2067.5,2649.5,0.0,582.0,114,True,0,270.0
cluster_147,RED,BLUE,0,180,3.0,0,0,621.5,447.5,174.0,0.0,117,True,0,270.0
cluster_147,RED,BLUE,1,180,3.0,0,48,476.5,1259.5,0.0,783.0,121,True,0,270.0
cluster_147,RED,RED,0,180,3.0,48,0,1062.0,251.0,811.0,0.0,59,True,0,270.0
cluster_147,RED,RED,1,180,3.0,2,0,936.5,759.5,177.0,0.0,59,True,0,270.0
cluster_15,009,RED,0,180,3.0,13,0,6068.8,5963.8,105.0,0.0,580,True,0,270.0
cluster_15,147,RED,0,180,3.0,43,0,6831.3,6002.8,828.5,0.0,598,True,0,270.0
cluster_15,219,RED,0,180,3.0,0,13,8236.8,9163.8,0.0,927.0,934,True,0,270.0
cluster_15,226,RED,0,180,3.0,46,0,11063.4,11018.4,45.0,0.0,980,True,0,270.0
cluster_15,RED,009,0,180,3.0,0,0,861.5,836.2,25.4,0.0,114,True,0,270.0
cluster_15,RED,009,1,180,3.0,4,0,772.3,719.2,53.1,0.0,115,True,0,270.0
cluster_15,RED,147,0,180,3.0,1,0,1195.9,1247.8,0.0,51.9,115,True,0,270.0
cluster_15,RED,147,1,180,3.0,4,0,1154.3,1160.1,0.0,5.8,113,True,0,270.0
cluster_15,RED,219,0,180,3.0,9,0,2188.4,2101.0,87.4,0.0,115,True,0,270.0
cluster_15,RED,219,1,180,3.0,0,0,1986.0,1836.1,149.9,0.0,114,True,0,270.0
cluster_15,RED,226,0,180,3.0,0,2,1475.0,1385.2,89.8,0.0,113,True,0,270.0
cluster_15,RED,226,1,180,3.0,0,0,1731.7,1601.2,130.5,0.0,113,True,0,270.0
cluster_15,RED,RED,0,180,3.0,4,0,565.5,579.5,0.0,14.0,58,True,0,270.0
cluster_15,RED,RED,1,180,3.0,4,0,585.0,442.0,143.0,0.0,57,True,0,270.0
cluster_191,025,RED,0,180,3.0,0,54,6386.8,8074.3,0.0,1687.5,585,True,0,270.0
cluster_191,057,RED,0,180,3.0,269,0,22263.3,17942.9,4320.4,0.0,1927,True,0,270.0
cluster_191,104,RED,0,180,3.0,0,19,3922.7,5116.1,0.0,1193.4,496,True,0,270.0
cluster_191,108,RED,0,180,3.0,30,0,4140.7,3893.9,246.8,0.0,418,True,0,270.0
cluster_191,221,RED,0,180,3.0,0,4,6464.2,7068.8,0.0,604.5,609,True,0,270.0
cluster_191,223,RED,0,180,3.0,0,47,2913.7,3243.7,0.0,330.0,270,True,0,270.0
cluster_191,226,RED,0,180,3.0,0,10,2022.9,2292.9,0.0,270.0,220,True,0,270.0
cluster_191,RED,025,0,180,3.0,0,0,244.5,209.2,35.3,0.0,118,True,0,270.0
cluster_191,RED,025,1,180,3.0,1,0,663.5,504.9,158.6,0.0,116,True,0,270.0
cluster_191,RED,057,0,180,3.0,0,0,485.4,441.5,43.8,0.0,118,True,0,270.0
cluster_191,RED,057,1,180,3.0,6,0,595.4,485.9,109.4,0.0,114,True,0,270.0
cluster_191,RED,104,0,180,3.0,28,0,1295.8,1136.8,159.0,0.0,113,True,0,270.0
cluster_191,RED,104,1,180,3.0,0,1,693.4,753.5,0.0,60.1,111,True,0,270.0
cluster_191,RED,108,0,180,3.0,9,0,1427.6,1284.5,143.1,0.0,114,True,0,270.0
cluster_191,RED,108,1,180,3.0,1,0,1304.7,1440.3,0.0,135.6,116,True,0,270.0
cluster_191,RED,221,0,180,3.0,12,0,2003.3,1858.7,144.6,0.0,115,True,0,270.0
cluster_191,RED,221,1,180,3.0,6,0,1692.7,1551.3,141.4,0.0,113,True,0,270.0
cluster_191,RED,223,0,180,3.0,0,6,2477.5,2493.6,0.0,16.1,110,True,0,270.0
cluster_191,RED,223,1,180,3.0,0,6,2296.4,2563.0,0.0,266.6,111,True,0,270.0
cluster_191,RED,226,0,180,3.0,0,1,1999.0,1887.3,111.7,0.0,112,True,0,270.0
cluster_191,RED,226,1,180,3.0,6,0,2904.5,2734.5,170.1,0.0,113,True,0,270.0
cluster_191,RED,RED,0,180,3.0,45,0,943.0,189.5,753.5,0.0,58,True,0,270.0
cluster_191,RED,RED,1,180,3.0,46,0,995.0,847.5,147.5,0.0,58,True,0,270.0
cluster_22,023,RED,0,180,3.0,122,0,12097.3,12646.1,0.0,548.9,1400,True,0,270.0
cluster_22,103,RED,0,180,3.0,59,0,6969.8,6770.8,199.0,0.0,667,True,0,270.0
cluster_22,207,RED,0,180,3.0,1,0,9190.6,9379.0,0.0,188.4,799,True,0,270.0
cluster_22,237,RED,0,180,3.0,0,78,7302.9,7294.9,8.0,0.0,608,True,0,270.0
cluster_22,425,RED,0,180,3.0,0,16,8463.7,8470.7,0.0,7.0,849,True,0,270.0
cluster_22,BLUE,RED,0,180,3.0,0,49,1758.0,2109.0,0.0,351.0,117,True,0,270.0
cluster_22,ORANGE,RED,0,180,3.0,0,2,1056.0,1374.0,0.0,318.0,106,True,0,270.0
cluster_22,RED,023,0,180,3.0,5,0,584.1,423.2,160.9,0.0,116,True,0,270.0
cluster_22,RED,023,1,180,3.0,0,0,587.3,502.2,85.1,0.0,115,True,0,270.0
cluster_22,RED,103,0,180,3.0,0,10,863.0,961.5,0.0,98.5,110,True,0,270.0
cluster_22,RED,103,1,180,3.0,10,0,1350.6,1185.6,165.0,0.0,110,True,0,270.0
cluster_22,RED,207,0,180,3.0,6,0,2028.7,1880.7,147.9,0.0,110,True,0,270.0
cluster_22,RED,207,1,180,3.0,0,2,1960.5,1978.9,0.0,18.4,111,True,0,270.0
cluster_22,RED,237,0,180,3.0,0,9,1127.6,1340.0,0.0,212.4,110,True,0,270.0
cluster_22,RED,237,1,180,3.0,4,0,1333.6,1284.8,48.8,0.0,110,True,0,270.0
cluster_22,RED,425,0,180,3.0,0,4,374.4,389.6,0.0,15.1,88,True,0,270.0
cluster_22,RED,425,1,180,3.0,1,0,229.1,217.4,11.7,0.0,88,True,0,270.0
cluster_22,RED,BLUE,0,180,3.0,0,0,646.0,475.0,171.0,0.0,113,True,0,270.0
cluster_22,RED,BLUE,1,180,3.0,47,0,1233.5,1092.5,141.0,0.0,114,True,0,270.0
cluster_22,RED,ORANGE,0,180,3.0,0,0,1005.0,851.5,153.5,0.0,103,True,0,270.0
cluster_22,RED,ORANGE,1,180,3.0,0,0,742.0,585.5,156.5,0.0,106,True,0,270.0
cluster_22,RED,RED,0,180,3.0,2,0,239.5,360.0,0.0,120.5,58,True,0,270.0
cluster_22,RED,RED,1,180,3.0,1,0,815.0,644.0,171.0,0.0,57,True,0,270.0
cluster_29,RED,023,0,180,3.0,0,0,5.0,1.9,3.0,0.0,1,True,0,270.0
cluster_29,RED,BLUE,0,180,3.0,0,0,13.0,10.0,3.0,0.0,1,True,0,270.0
cluster_29,RED,GREEN,1,180,3.0,1,0,29.5,26.5,3.0,0.0,1,True,0,270.0
cluster_29,RED,ORANGE,0,180,3.0,0,0,23.0,20.0,3.0,0.0,1,True,0,270.0
cluster_30,009,RED,0,180,3.0,0,0,4954.6,5135.2,0.0,180.6,506,True,0,270.0
cluster_30,101,RED,0,180,3.0,43,0,19339.8,17529.3,1810.5,0.0,1567,True,0,270.0
cluster_30,226,RED,0,180,3.0,0,37,3172.7,3940.1,0.0,767.4,330,True,0,270.0
cluster_30,RED,009,0,180,3.0,5,0,817.1,784.8,32.3,0.0,115,True,0,270.0
cluster_30,RED,009,1,180,3.0,0,6,843.1,851.3,0.0,8.2,114,True,0,270.0
cluster_30,RED,101,0,180,3.0,15,0,816.1,707.4,108.7,0.0,117,True,0,270.0
cluster_30,RED,101,1,180,3.0,0,1,492.6,465.3,27.2,0.0,113,True,0,270.0
cluster_30,RED,226,0,180,3.0,0,0,2180.9,2031.0,149.9,0.0,112,True,0,270.0
cluster_30,RED,226,1,180,3.0,0,5,2560.8,2563.1,0.0,2.3,112,True,0,270.0
cluster_30,RED,RED,0,180,3.0,1,0,305.5,449.5,0.0,144.0,58,True,0,270.0
cluster_30,RED,RED,1,180,3.0,1,0,731.5,557.5,174.0,0.0,58,True,0,270.0
cluster_52,145,RED,0,180,3.0,0,29,6004.9,4888.8,1116.2,0.0,460,True,0,270.0
cluster_52,RED,145,0,180,3.0,0,3,1446.2,1601.0,0.0,154.8,115,True,0,270.0
cluster_52,RED,145,1,180,3.0,0,2,1479.7,1606.5,0.0,126.8,112,True,0,270.0
cluster_52,RED,RED,0,180,3.0,0,46,769.0,943.0,0.0,174.0,58,True,0,270.0
cluster_52,RED,RED,1,180,3.0,0,47,214.0,983.0,0.0,769.0,57,True,0,270.0
cluster_527,200,RED,0,180,3.0,5,0,5164.3,5492.3,0.0,328.0,416,True,0,270.0
cluster_527,202,RED,0,180,3.0,0,20,4086.4,4286.4,0.0,200.0,320,True,0,270.0
cluster_527,250,RED,0,180,3.0,0,29,5345.1,5329.1,16.0,0.0,448,True,0,270.0
cluster_527,ORANGE,RED,0,180,3.0,0,0,439.0,571.0,0.0,132.0,44,True,0,270.0
cluster_527,RED,200,0,180,3.0,0,5,1580.5,1550.8,29.7,0.0,112,True,0,270.0
cluster_527,RED,200,1,180,3.0,0,2,1524.9,1554.9,0.0,30.0,112,True,0,270.0
cluster_527,RED,202,0,180,3.0,0,0,1602.9,1509.6,93.4,0.0,111,True,0,270.0
cluster_527,RED,202,1,180,3.0,0,4,1533.3,1618.9,0.0,85.6,111,True,0,270.0
cluster_527,RED,250,0,180,3.0,0,16,1178.6,1597.6,0.0,418.9,112,True,0,270.0
cluster_527,RED,250,1,180,3.0,0,0,1439.6,1408.3,31.3,0.0,112,True,0,270.0
cluster_527,RED,ORANGE,0,180,3.0,0,0,10745.5,10598.5,147.0,0.0,98,True,0,270.0
cluster_527,RED,ORANGE,1,180,3.0,0,0,8168.0,8048.0,120.0,0.0,81,True,0,270.0
cluster_527,RED,RED,0,180,3.0,0,0,197.0,365.0,0.0,168.0,56,True,0,270.0
cluster_527,RED,RED,1,180,3.0,0,0,836.0,665.0,171.0,0.0,57,True,0,270.0
cluster_6,003,RED,0,180,3.0,74,0,5401.7,4289.2,1112.5,0.0,576,True,0,270.0
cluster_6,017,RED,0,180,3.0,16,0,15483.0,14734.4,748.5,0.0,1676,True,0,270.0
cluster_6,205,RED,0,180,3.0,30,0,1129.3,640.8,488.5,0.0,95,True,0,270.0
cluster_6,249,RED,0,180,3.0,0,5,1282.6,1661.6,0.0,379.0,189,True,0,270.0
cluster_6,440,RED,0,180,3.0,8,0,18146.0,18352.0,0.0,206.0,2304,True,0,270.0
cluster_6,442,RED,0,180,3.0,22,0,1242.4,771.4,471.0,0.0,108,True,0,270.0
cluster_6,BLUE,RED,0,180,3.0,0,50,1277.0,1454.5,0.0,177.5,117,True,0,270.0
cluster_6,ORANGE,RED,0,180,3.0,0,2,1057.0,1650.0,0.0,593.0,212,True,0,270.0
cluster_6,RED,003,0,180,3.0,0,29,987.1,1420.6,0.0,433.5,226,True,0,270.0
cluster_6,RED,003,1,180,3.0,3,0,1649.5,1519.3,130.2,0.0,226,True,0,270.0
cluster_6,RED,017,0,180,3.0,0,1,880.9,1110.4,0.0,229.6,232,True,0,270.0
cluster_6,RED,017,1,180,3.0,1,0,917.5,731.6,185.9,0.0,228,True,0,270.0
cluster_6,RED,205,0,180,3.0,14,0,4398.5,4062.5,336.0,0.0,224,True,0,270.0
cluster_6,RED,205,1,180,3.0,0,0,4103.7,4229.0,0.0,125.2,223,True,0,270.0
cluster_6,RED,249,0,180,3.0,0,0,3842.5,3537.2,305.3,0.0,217,True,0,270.0
cluster_6,RED,249,1,180,3.0,4,0,3641.5,3499.2,142.2,0.0,220,True,0,270.0
cluster_6,RED,440,0,180,3.0,0,0,114.3,100.6,13.7,0.0,180,True,0,270.0
cluster_6,RED,440,1,180,3.0,7,0,442.9,407.1,35.7,0.0,178,True,0,270.0
cluster_6,RED,442,0,180,3.0,0,0,1609.8,1833.5,0.0,223.7,210,True,0,270.0
cluster_6,RED,BLUE,0,180,3.0,0,55,1990.5,2800.5,0.0,810.0,226,True,0,270.0
cluster_6,RED,BLUE,1,180,3.0,0,1,1772.5,1631.0,141.5,0.0,229,True,0,270.0
cluster_6,RED,ORANGE,0,180,3.0,0,0,886.0,579.0,307.0,0.0,207,True,0,270.0
cluster_6,RED,ORANGE,1,180,3.0,1,0,2084.0,1774.5,309.5,0.0,212,True,0,270.0
cluster_6,RED,RED,0,180,3.0,0,49,1250.0,1590.0,0.0,340.0,114,True,0,270.0
cluster_6,RED,RED,1,180,3.0,0,2,521.0,352.0,169.0,0.0,114,True,0,270.0
cluster_666,236,RED,0,180,3.0,13,0,2263.2,2592.7,0.0,329.5,284,True,0,270.0
cluster_666,247,RED,0,180,3.0,0,11,4973.7,4529.5,444.2,0.0,441,True,0,270.0
cluster_666,ORANGE,RED,0,180,3.0,0,19,522.0,651.0,0.0,129.0,43,True,0,270.0
cluster_666,RED,236,0,180,3.0,0,5,1791.2,1799.5,0.0,8.4,109,True,0,270.0
cluster_666,RED,236,1,180,3.0,0,2,1434.1,1359.3,74.8,0.0,110,True,0,270.0
cluster_666,RED,247,0,180,3.0,0,0,1362.0,1431.3,0.0,69.3,113,True,0,270.0
cluster_666,RED,247,1,180,3.0,0,15,1409.8,1851.9,0.0,442.1,110,True,0,270.0
cluster_666,RED,ORANGE,0,180,3.0,0,0,10981.5,10834.5,147.0,0.0,99,True,0,270.0
cluster_666,RED,ORANGE,1,180,3.0,0,18,7998.0,8621.0,0.0,623.0,81,True,0,270.0
cluster_666,RED,RED,0,180,3.0,0,3,406.0,571.0,0.0,165.0,55,True,0,270.0
cluster_666,RED,RED,1,180,3.0,0,3,563.5,496.5,67.0,0.0,56,True,0,270.0
cluster_666,RED,SILVER,0,180,3.0,0,16,2299.0,2848.0,0.0,549.0,113,True,0,270.0
cluster_666,RED,SILVER,1,180,3.0,10,0,2716.0,2557.0,159.0,0.0,108,True,0,270.0
cluster_666,SILVER,RED,0,180,3.0,0,5,720.0,627.0,93.0,0.0,56,True,0,270.0
cluster_667,017,RED,0,180,3.0,233,0,7630.9,4342.4,3288.5,0.0,689,True,0,270.0
cluster_667,413,RED,0,180,3.0,15,0,538.0,394.0,144.0,0.0,52,True,0,270.0
cluster_667,417,RED,0,180,3.0,0,0,316.0,484.0,0.0,168.0,56,True,0,270.0
cluster_667,419,RED,0,180,3.0,0,0,414.0,576.0,0.0,162.0,54,True,0,270.0
cluster_667,ORANGE,RED,0,180,3.0,0,3,798.0,1116.0,0.0,318.0,106,True,0,270.0
cluster_667,RED,017,0,180,3.0,48,0,1618.5,1447.5,171.0,0.0,115,True,0,270.0
cluster_667,RED,017,1,180,3.0,11,0,1077.1,957.2,119.9,0.0,114,True,0,270.0
cluster_667,RED,413,0,180,3.0,0,0,5889.0,5763.0,126.0,0.0,84,True,0,270.0
cluster_667,RED,417,0,180,3.0,0,0,5112.5,4986.5,126.0,0.0,85,True,0,270.0
cluster_667,RED,419,0,180,3.0,0,0,5954.5,5825.5,129.0,0.0,86,True,0,270.0
cluster_667,RED,ORANGE,0,180,3.0,0,0,745.5,592.0,153.5,0.0,104,True,0,270.0
cluster_667,RED,ORANGE,1,180,3.0,0,2,1029.0,920.0,109.0,0.0,106,True,0,270.0
cluster_667,RED,RED,0,180,3.0,0,49,868.5,1036.5,0.0,168.0,56,True,0,270.0
cluster_667,RED,RED,1,180,3.0,0,48,149.0,1007.0,0.0,858.0,57,True,0,270.0
cluster_702,308,RED,0,180,3.0,3,0,894.9,1020.9,0.0,126.0,102,True,0,270.0
cluster_702,BLUE,RED,0,180,3.0,0,0,985.0,1336.5,0.0,351.5,117,True,0,270.0
cluster_702,RED,308,0,180,3.0,0,2,6693.2,6618.2,75.0,0.0,80,True,0,270.0
cluster_702,RED,308,1,180,3.0,1,0,5205.5,5090.0,115.5,0.0,84,True,0,270.0
cluster_702,RED,BLUE,0,180,3.0,0,0,951.0,774.0,177.0,0.0,116,True,0,270.0
cluster_702,RED,BLUE,1,180,3.0,1,0,1018.5,847.5,171.0,0.0,114,True,0,270.0
cluster_702,RED,RED,0,180,3.0,1,0,491.5,612.5,0.0,121.0,57,True,0,270.0
cluster_702,RED,RED,1,180,3.0,0,0,569.5,454.5,115.0,0.0,57,True,0,270.0
cluster_717,020,RED,0,180,3.0,24,0,3100.9,2483.4,617.5,0.0,230,True,0,270.0
cluster_717,027,RED,0,180,3.0,0,2,1191.0,1533.0,0.0,342.0,114,True,0,270.0
cluster_717,ORANGE,RED,0,180,3.0,0,2,1016.0,1334.0,0.0,318.0,106,True,0,270.0
cluster_717,RED,020,0,180,3.0,4,0,697.4,561.9,135.5,0.0,114,True,0,270.0
cluster_717,RED,020,1,180,3.0,0,8,773.0,818.8,0.0,45.8,115,True,0,270.0
cluster_717,RED,027,0,180,3.0,0,0,742.5,571.5,171.0,0.0,114,True,0,270.0
cluster_717,RED,027,1,180,3.0,0,3,1270.5,1169.5,101.0,0.0,114,True,0,270.0
cluster_717,RED,ORANGE,0,180,3.0,0,0,986.0,832.5,153.5,0.0,103,True,0,270.0
cluster_717,RED,ORANGE,1,180,3.0,0,0,821.0,664.5,156.5,0.0,106,True,0,270.0
cluster_717,RED,RED,0,180,3.0,0,0,208.5,379.5,0.0,171.0,57,True,0,270.0
cluster_717,RED,RED,1,180,3.0,0,0,807.0,636.0,171.0,0.0,57,True,0,270.0
cluster_809,022,RED,0,180,3.0,0,10,1009.0,1321.0,0.0,312.0,114,True,0,270.0
cluster_809,241,RED,0,180,3.0,15,0,731.5,500.5,231.0,0.0,63,True,0,270.0
cluster_809,ORANGE,RED,0,180,3.0,0,1,586.0,904.0,0.0,318.0,106,True,0,270.0
cluster_809,RED,022,0,180,3.0,17,0,1292.0,1121.0,171.0,0.0,115,True,0,270.0
cluster_809,RED,022,1,180,3.0,0,1,956.5,805.5,151.0,0.0,114,True,0,270.0
cluster_809,RED,241,0,180,3.0,0,7,1809.0,1899.0,0.0,90.0,107,True,0,270.0
cluster_809,RED,241,1,180,3.0,21,0,2406.0,2241.0,165.0,0.0,110,True,0,270.0
cluster_809,RED,ORANGE,0,180,3.0,0,0,537.5,384.0,153.5,0.0,104,True,0,270.0
cluster_809,RED,ORANGE,1,180,3.0,0,0,1241.0,1082.0,159.0,0.0,106,True,0,270.0
cluster_809,RED,RED,0,180,3.0,1,0,667.0,812.5,0.0,145.5,56,True,0,270.0
cluster_809,RED,RED,1,180,3.0,1,0,356.0,185.0,171.0,0.0,57,True,0,270.0
cluster_810,238,RED,0,180,3.0,12,0,607.0,528.0,79.0,0.0,67,True,0,270.0
cluster_810,243,RED,0,180,3.0,0,5,651.5,753.0,0.0,101.5,63,True,0,270.0
cluster_810,244,RED,0,180,3.0,7,0,722.5,561.0,161.5,0.0,62,True,0,270.0
cluster_810,ORANGE,RED,0,180,3.0,20,0,571.0,292.5,278.5,0.0,44,True,0,270.0
cluster_810,RED,238,0,180,3.0,0,0,2024.5,1856.5,168.0,0.0,112,True,0,270.0
cluster_810,RED,238,1,180,3.0,13,0,2031.0,1895.0,136.0,0.0,111,True,0,270.0
cluster_810,RED,243,0,180,3.0,0,5,2205.0,2230.0,0.0,25.0,110,True,0,270.0
cluster_810,RED,243,1,180,3.0,0,1,2465.0,2390.0,75.0,0.0,111,True,0,270.0
cluster_810,RED,244,0,180,3.0,3,0,2013.5,1851.5,162.0,0.0,108,True,0,270.0
cluster_810,RED,244,1,180,3.0,4,0,2112.0,2258.0,0.0,146.0,107,True,0,270.0
cluster_810,RED,ORANGE,0,180,3.0,0,0,11039.5,10892.5,147.0,0.0,98,True,0,270.0
cluster_810,RED,ORANGE,1,180,3.0,19,0,8718.0,8598.0,120.0,0.0,81,True,0,270.0
cluster_810,RED,RED,0,180,3.0,4,0,533.0,571.0,0.0,38.0,56,True,0,270.0
cluster_810,RED,RED,1,180,3.0,2,0,555.5,387.5,168.0,0.0,56,True,0,270.0
cluster_811,408,RED,0,180,3.0,0,9,409.0,535.0,0.0,126.0,42,True,0,270.0
cluster_811,ORANGE,RED,0,180,3.0,0,0,279.0,408.0,0.0,129.0,43,True,0,270.0
cluster_811,RED,408,0,180,3.0,0,9,6206.5,6605.5,0.0,399.0,73,True,0,270.0
cluster_811,RED,408,1,180,3.0,0,0,5884.0,5776.0,108.0,0.0,72,True,0,270.0
cluster_811,RED,ORANGE,0,180,3.0,0,0,10363.0,10216.0,147.0,0.0,99,True,0,270.0
cluster_811,RED,ORANGE,1,180,3.0,0,0,8498.0,8378.0,120.0,0.0,81,True,0,270.0
cluster_811,RED,RED,0,180,3.0,0,1,711.0,879.0,0.0,168.0,56,True,0,270.0
cluster_811,RED,RED,1,180,3.0,0,1,247.5,100.5,147.0,0.0,56,True,0,270.0
cluster_828,232,RED,0,180,3.0,2,0,712.5,750.5,0.0,38.0,66,True,0,270.0
cluster_828,245,RED,0,180,3.0,3,0,768.5,624.5,144.0,0.0,62,True,0,270.0
cluster_828,883E,RED,0,180,3.0,0,0,1192.5,1245.0,0.0,52.5,130,True,0,270.0
cluster_828,ORANGE,RED,0,180,3.0,1,0,384.0,483.0,0.0,99.0,43,True,0,270.0
cluster_828,RED,232,0,180,3.0,1,0,1834.0,1792.0,42.0,0.0,108,True,0,270.0
cluster_828,RED,232,1,180,3.0,1,0,1687.5,1522.5,165.0,0.0,110,True,0,270.0
cluster_828,RED,245,0,180,3.0,0,0,1988.0,1913.0,75.0,0.0,109,True,0,270.0
cluster_828,RED,245,1,180,3.0,3,0,2068.0,2266.0,0.0,198.0,110,True,0,270.0
cluster_828,RED,883E,0,180,3.0,0,16,488.0,581.5,0.0,93.5,97,True,0,270.0
cluster_828,RED,883E,1,180,3.0,16,0,833.0,689.0,144.0,0.0,95,True,0,270.0
cluster_828,RED,ORANGE,0,180,3.0,0,0,10612.5,10465.5,147.0,0.0,99,True,0,270.0
cluster_828,RED,ORANGE,1,180,3.0,1,0,8318.0,8198.0,120.0,0.0,81,True,0,270.0
cluster_828,RED,RED,0,180,3.0,48,0,989.5,156.5,833.0,0.0,56,True,0,270.0
cluster_828,RED,RED,1,180,3.0,48,0,979.5,841.5,138.0,0.0,56,True,0,270.0
cluster_828,RED,SILVER,0,180,3.0,0,16,1854.0,2403.0,0.0,549.0,113,True,0,270.0
cluster_828,RED,SILVER,1,180,3.0,0,0,2737.5,2575.5,162.0,0.0,109,True,0,270.0
cluster_828,SILVER,RED,0,180,3.0,0,16,531.0,699.0,0.0,168.0,56,True,0,270.0
cluster_829,234,RED,0,180,3.0,0,2,2007.8,1621.3,386.5,0.0,157,True,0,270.0
cluster_829,236,RED,0,180,3.0,0,8,2956.1,2417.1,539.0,0.0,252,True,0,270.0
cluster_829,247,RED,0,180,3.0,0,5,2263.7,2356.2,0.0,92.5,220,True,0,270.0
cluster_829,ORANGE,RED,0,180,3.0,0,0,226.5,355.5,0.0,129.0,43,True,0,270.0
cluster_829,RED,234,0,180,3.0,8,0,1977.1,1962.1,15.0,0.0,109,True,0,270.0
cluster_829,RED,234,1,180,3.0,0,18,1581.0,2107.0,0.0,526.0,108,True,0,270.0
cluster_829,RED,236,0,180,3.0,0,14,1756.0,2124.0,0.0,368.0,108,True,0,270.0
cluster_829,RED,236,1,180,3.0,0,1,1843.7,2078.8,0.0,235.0,109,True,0,270.0
cluster_829,RED,247,0,180,3.0,0,1,1938.8,2008.0,0.0,69.3,112,True,0,270.0
cluster_829,RED,247,1,180,3.0,0,6,1586.6,1661.0,0.0,74.4,110,True,0,270.0
cluster_829,RED,ORANGE,0,180,3.0,0,0,10236.5,10089.5,147.0,0.0,99,True,0,270.0
cluster_829,RED,ORANGE,1,180,3.0,0,0,8562.5,8445.5,117.0,0.0,80,True,0,270.0
cluster_829,RED,RED,0,180,3.0,0,0,566.0,731.0,0.0,165.0,55,True,0,270.0
cluster_829,RED,RED,1,180,3.0,0,0,412.5,244.5,168.0,0.0,56,True,0,270.0
cluster_9,001,RED,0,180,3.0,23,0,4755.7,3776.7,979.0,0.0,1170,True,0,270.0
cluster_9,003,RED,0,180,3.0,0,0,7722.7,7716.8,5.9,0.0,1890,True,0,270.0
cluster_9,009,RED,0,180,3.0,39,0,4840.0,4622.0,218.0,0.0,1152,True,0,270.0
cluster_9,013,RED,0,180,3.0,52,0,5267.1,3830.2,1437.0,0.0,1218,True,0,270.0
cluster_9,016,RED,0,180,3.0,0,8,3316.9,4148.9,0.0,832.0,696,True,0,270.0
cluster_9,018,RED,0,180,3.0,14,0,1314.1,1228.2,85.9,0.0,639,True,0,270.0
cluster_9,102,RED,0,180,3.0,0,3,3767.1,3787.6,0.0,20.5,782,True,0,270.0
cluster_9,103,RED,0,180,3.0,0,10,2220.9,2677.4,0.0,456.5,540,True,0,270.0
cluster_9,106,RED,0,180,3.0,6,0,3714.1,4799.4,0.0,1085.3,1027,True,0,270.0
cluster_9,109,RED,0,180,3.0,16,0,2539.5,2668.0,0.0,128.5,798,True,0,270.0
cluster_9,128,RED,0,180,3.0,8,0,3499.9,3581.4,0.0,81.5,1012,True,0,270.0
cluster_9,145,RED,0,180,3.0,7,0,2854.3,3478.2,0.0,623.9,841,True,0,270.0
cluster_9,147,RED,0,180,3.0,0,2,2326.2,2482.0,0.0,155.8,831,True,0,270.0
cluster_9,205,RED,0,180,3.0,0,20,1505.7,1825.7,0.0,320.0,384,True,0,270.0
cluster_9,207,RED,0,180,3.0,30,0,3431.0,2729.0,702.0,0.0,729,True,0,270.0
cluster_9,214,RED,0,180,3.0,21,0,2998.3,2747.8,250.5,0.0,647,True,0,270.0
cluster_9,224,RED,0,180,3.0,11,0,1855.4,1970.4,0.0,115.0,459,True,0,270.0
cluster_9,230,RED,0,180,3.0,0,2,1916.3,2222.3,0.0,306.0,551,True,0,270.0
cluster_9,237,RED,0,180,3.0,49,0,3017.3,2184.3,833.0,0.0,690,True,0,270.0
cluster_9,239,RED,0,180,3.0,13,0,1813.9,1676.4,137.5,0.0,533,True,0,270.0
cluster_9,249,RED,0,180,3.0,24,0,1710.4,1355.4,355.0,0.0,384,True,0,270.0
cluster_9,306,RED,0,180,3.0,39,0,2287.3,1609.3,678.0,0.0,668,True,0,270.0
cluster_9,308,RED,0,180,3.0,16,0,3628.6,3815.6,0.0,187.0,1046,True,0,270.0
cluster_9,421,RED,0,180,3.0,0,0,132.0,75.0,57.0,0.0,42,True,0,270.0
cluster_9,425,RED,0,180,3.0,0,22,3101.2,3497.2,0.0,396.0,1032,True,0,270.0
cluster_9,620,RED,0,180,3.0,2,0,648.5,228.0,420.5,0.0,110,True,0,270.0
cluster_9,BLUE,RED,0,180,3.0,110,0,2730.5,1510.0,1220.5,0.0,590,True,0,270.0
cluster_9,GREEN,RED,0,180,3.0,0,53,1479.0,2296.5,0.0,817.5,464,True,0,270.0
cluster_9,ORANGE,RED,0,180,3.0,60,0,1926.5,1189.5,737.0,0.0,452,True,0,270.0
cluster_9,RED,001,0,180,3.0,0,0,1527.7,1594.5,0.0,66.8,564,True,0,270.0
cluster_9,RED,001,1,180,3.0,0,5,1550.2,1713.8,0.0,163.6,567,True,0,270.0
cluster_9,RED,003,0,180,3.0,0,0,801.9,717.0,84.9,0.0,575,True,0,270.0
cluster_9,RED,003,1,180,3.0,7,0,1179.8,1069.3,110.5,0.0,565,True,0,270.0
cluster_9,RED,009,0,180,3.0,0,0,2234.9,2088.9,146.0,0.0,565,True,0,270.0
cluster_9,RED,009,1,180,3.0,0,3,2153.2,2292.4,0.0,139.2,564,True,0,270.0
cluster_9,RED,013,0,180,3.0,0,19,3061.0,3018.8,42.2,0.0,565,True,0,270.0
cluster_9,RED,013,1,180,3.0,0,5,1731.5,2508.0,0.0,776.5,565,True,0,270.0
cluster_9,RED,016,0,180,3.0,0,5,3765.3,3596.8,168.5,0.0,566,True,0,270.0
cluster_9,RED,016,1,180,3.0,0,2,3739.8,3409.7,330.0,0.0,565,True,0,270.0
cluster_9,RED,018,0,180,3.0,0,1,2568.8,2936.4,0.0,367.6,571,True,0,270.0
cluster_9,RED,018,1,180,3.0,20,0,3159.1,3212.5,0.0,53.4,567,True,0,270.0
cluster_9,RED,102,0,180,3.0,0,21,3474.1,3652.6,0.0,178.6,564,True,0,270.0
cluster_9,RED,102,1,180,3.0,0,0,4670.7,4337.9,332.7,0.0,560,True,0,270.0
cluster_9,RED,103,0,180,3.0,8,0,3845.2,3587.0,258.2,0.0,551,True,0,270.0
cluster_9,RED,103,1,180,3.0,31,0,4702.4,4259.6,442.8,0.0,552,True,0,270.0
cluster_9,RED,106,0,180,3.0,13,0,4737.7,4450.1,287.6,0.0,573,True,0,270.0
cluster_9,RED,106,1,180,3.0,27,0,5320.6,4877.2,443.4,0.0,565,True,0,270.0
cluster_9,RED,109,0,180,3.0,0,11,3825.2,4318.0,0.0,492.8,571,True,0,270.0
cluster_9,RED,109,1,180,3.0,15,0,5278.2,4820.5,457.6,0.0,559,True,0,270.0
cluster_9,RED,128,0,180,3.0,2,0,4507.5,4534.3,0.0,26.8,569,True,0,270.0
cluster_9,RED,128,1,180,3.0,27,0,5717.1,5450.1,266.9,0.0,564,True,0,270.0
cluster_9,RED,145,0,180,3.0,0,7,3882.0,4136.2,0.0,254.2,572,True,0,270.0
cluster_9,RED,145,1,180,3.0,9,0,4762.4,4354.9,407.5,0.0,559,True,0,270.0
cluster_9,RED,147,0,180,3.0,7,0,3827.3,3756.6,70.7,0.0,569,True,0,270.0
cluster_9,RED,147,1,180,3.0,0,21,3438.7,3780.4,0.0,341.8,563,True,0,270.0
cluster_9,RED,205,0,180,3.0,0,9,8214.0,8314.2,0.0,100.3,575,True,0,270.0
cluster_9,RED,205,1,180,3.0,5,0,8704.0,8408.3,295.7,0.0,562,True,0,270.0
cluster_9,RED,207,0,180,3.0,0,1,7563.4,7666.5,0.0,103.1,550,True,0,270.0
cluster_9,RED,207,1,180,3.0,6,0,9843.2,9829.5,13.7,0.0,554,True,0,270.0
cluster_9,RED,214,0,180,3.0,0,5,5978.6,5785.5,193.2,0.0,563,True,0,270.0
cluster_9,RED,214,1,180,3.0,0,8,6689.7,6781.4,0.0,91.7,555,True,0,270.0
cluster_9,RED,224,0,180,3.0,1,0,4250.2,4080.6,169.6,0.0,568,True,0,270.0
cluster_9,RED,224,1,180,3.0,5,0,11295.0,10730.0,565.0,0.0,549,True,0,270.0
cluster_9,RED,230,0,180,3.0,0,0,6611.3,6704.7,0.0,93.3,561,True,0,270.0
cluster_9,RED,230,1,180,3.0,9,0,7235.2,6787.4,447.8,0.0,557,True,0,270.0
cluster_9,RED,237,0,180,3.0,0,1,6672.4,7085.5,0.0,413.1,554,True,0,270.0
cluster_9,RED,237,1,180,3.0,2,0,5163.3,5061.7,101.6,0.0,550,True,0,270.0
cluster_9,RED,239,0,180,3.0,17,0,7517.3,7527.6,0.0,10.3,548,True,0,270.0
cluster_9,RED,239,1,180,3.0,18,0,8257.5,8444.6,0.0,187.1,551,True,0,270.0
cluster_9,RED,249,0,180,3.0,0,17,7438.6,8136.4,0.0,697.8,549,True,0,270.0
cluster_9,RED,249,1,180,3.0,11,0,7398.1,7013.4,384.6,0.0,554,True,0,270.0
cluster_9,RED,306,0,180,3.0,0,8,17217.0,17524.6,0.0,307.5,396,True,0,270.0
cluster_9,RED,306,1,180,3.0,0,9,17333.6,17954.8,0.0,621.2,393,True,0,270.0
cluster_9,RED,308,0,180,3.0,1,0,27990.8,28056.1,0.0,65.3,408,True,0,270.0
cluster_9,RED,308,1,180,3.0,0,0,20924.8,20994.5,0.0,69.8,426,True,0,270.0
cluster_9,RED,421,0,180,3.0,11,0,18810.5,18750.5,60.0,0.0,399,True,0,270.0
cluster_9,RED,421,1,180,3.0,11,0,18506.5,18176.5,330.0,0.0,398,True,0,270.0
cluster_9,RED,425,0,180,3.0,2,0,1524.0,1440.3,83.7,0.0,420,True,0,270.0
cluster_9,RED,425,1,180,3.0,0,0,823.8,793.2,30.5,0.0,441,True,0,270.0
cluster_9,RED,620,0,180,3.0,46,0,5993.0,5318.0,675.0,0.0,528,True,0,270.0
cluster_9,RED,620,1,180,3.0,0,47,4143.0,5348.0,0.0,1205.0,528,True,0,270.0
cluster_9,RED,BLUE,0,180,3.0,2,0,1973.5,1643.0,330.5,0.0,585,True,0,270.0
cluster_9,RED,BLUE,1,180,3.0,0,6,1673.0,2455.0,0.0,782.0,575,True,0,270.0
cluster_9,RED,GREEN,0,180,3.0,49,0,3470.5,3463.0,7.5,0.0,565,True,0,270.0
cluster_9,RED,GREEN,1,180,3.0,0,0,3733.0,3312.0,421.0,0.0,576,True,0,270.0
cluster_9,RED,ORANGE,0,180,3.0,52,0,4308.0,3681.0,627.0,0.0,578,True,0,270.0
cluster_9,RED,ORANGE,1,180,3.0,1,0,2411.0,2744.5,0.0,333.5,554,True,0,270.0
cluster_9,RED,RED,0,180,3.0,3,0,588.0,1095.0,0.0,507.0,285,True,0,270.0
cluster_9,RED,RED,1,180,3.0,0,2,1658.0,1518.0,140.0,0.0,290,True,0,270.0
cluster_9,RED,TRE,0,180,3.0,18,0,12090.0,12090.0,0.0,0.0,515,True,0,270.0
cluster_9,RED,TRE,1,180,3.0,12,0,12133.0,11704.0,429.0,0.0,545,True,0,270.0
cluster_9,TRE,RED,0,180,3.0,0,1,178.0,137.0,41.0,0.0,57,True,0,270.0
